# Blender 5.2.1 LTS
# www.blender.org
mtllib wildcat boneclaw side 3.mtl
o RenderMesh_72187924429918.211
v -0.567822 0.055411 -0.141452
v -0.567822 0.275411 0.141452
v -0.567822 0.275411 -0.141452
v -0.567822 0.055411 0.141452
v -0.567822 0.350067 -0.087844
v -0.567822 0.350067 0.087844
v -0.567822 0.275411 -0.141452
v -0.663771 0.275411 -0.141452
v -0.567822 0.055411 -0.141452
v -0.567822 0.350067 -0.087844
v -0.663771 0.350067 -0.087844
v -0.567822 0.350067 0.087844
v -0.663771 0.350067 0.087844
v -0.567822 0.275411 0.141452
v -0.663771 0.275411 0.141452
v -0.663771 0.055411 0.141452
v -0.567822 0.055411 0.141452
v -0.663771 0.055411 -0.141452
v -0.663771 0.275411 -0.141452
v -0.663771 0.350067 -0.087844
v -0.663771 0.275411 0.141452
v -0.663771 0.055411 -0.141452
v -0.663771 0.055411 0.141452
v -0.663771 0.350067 0.087844
v -0.567822 0.055411 -0.141452
v -0.663771 0.055411 -0.141452
v -0.663771 0.055411 0.141452
v -0.567822 0.055411 0.141452
v -0.675598 0.408716 -0.000000
v -0.638465 0.419112 -0.030772
v -0.654193 0.454500 -0.022594
v -0.681371 0.446565 -0.000000
v -0.632259 0.394911 -0.036532
v -0.675598 0.408716 -0.000000
v -0.677088 0.379707 -0.000000
v -0.625225 0.348843 -0.027533
v -0.627646 0.377737 -0.018359
v -0.650622 0.376580 -0.000000
v -0.659585 0.347945 -0.000000
v -0.650622 0.376580 -0.000000
v -0.627646 0.377737 0.018359
v -0.625225 0.348843 0.027533
v -0.659585 0.347945 -0.000000
v -0.675598 0.408716 -0.000000
v -0.638465 0.419112 0.030772
v -0.632259 0.394911 0.036531
v -0.677088 0.379707 -0.000000
v -0.675598 0.408716 -0.000000
v -0.654193 0.454500 0.022594
v -0.681371 0.446565 -0.000000
v -0.677494 0.472403 -0.012399
v -0.690530 0.463948 -0.000000
v -0.681371 0.446565 -0.000000
v -0.654193 0.454500 -0.022594
v -0.690530 0.463948 -0.000000
v -0.715325 0.481753 -0.000000
v -0.677494 0.472403 0.012400
v -0.677494 0.472403 0.012400
v -0.681371 0.446565 -0.000000
v -0.654193 0.454500 0.022594
v -0.664458 0.480860 -0.000000
v -0.715325 0.481753 -0.000000
v -0.677494 0.472403 -0.012399
v -0.677494 0.472403 -0.012399
v -0.715325 0.481753 -0.000000
v -0.690530 0.463948 -0.000000
v -0.677494 0.472403 0.012400
v -0.715325 0.481753 -0.000000
v -0.664458 0.480860 -0.000000
v -0.664458 0.480860 -0.000000
v -0.654193 0.454500 0.022594
v -0.627016 0.462436 -0.000000
v -0.654193 0.454500 -0.022594
v -0.627016 0.462436 -0.000000
v -0.664458 0.480860 -0.000000
v -0.677494 0.472403 -0.012399
v -0.632259 0.394911 -0.036532
v -0.677088 0.379707 -0.000000
v -0.650622 0.376580 -0.000000
v -0.627646 0.377737 -0.018359
v -0.650622 0.376580 -0.000000
v -0.677088 0.379707 -0.000000
v -0.632259 0.394911 0.036531
v -0.627646 0.377737 0.018359
v -0.638465 0.419112 -0.030772
v -0.601331 0.429507 -0.000000
v -0.627016 0.462436 -0.000000
v -0.654193 0.454500 -0.022594
v -0.654193 0.454500 0.022594
v -0.627016 0.462436 -0.000000
v -0.638465 0.419112 0.030772
v -0.601331 0.429507 -0.000000
v -0.632259 0.394911 -0.036532
v -0.579663 0.396634 -0.000000
v -0.601331 0.429507 -0.000000
v -0.638465 0.419112 -0.030772
v -0.601331 0.429507 -0.000000
v -0.632259 0.394911 0.036531
v -0.579663 0.396634 -0.000000
v -0.638465 0.419112 0.030772
v -0.590866 0.349744 -0.000000
v -0.604668 0.378895 -0.000000
v -0.625225 0.348843 -0.027533
v -0.627646 0.377737 -0.018359
v -0.625225 0.348843 0.027533
v -0.627646 0.377737 0.018359
v -0.604668 0.378895 -0.000000
v -0.590866 0.349744 -0.000000
v -0.632259 0.394911 -0.036532
v -0.627646 0.377737 -0.018359
v -0.604668 0.378895 -0.000000
v -0.579663 0.396634 -0.000000
v -0.604668 0.378895 -0.000000
v -0.627646 0.377737 0.018359
v -0.632259 0.394911 0.036531
v -0.579663 0.396634 -0.000000
v -0.836966 -0.066722 -0.000622
v -0.796055 0.035760 -0.000622
v -0.803165 0.031687 -0.069615
v -0.839913 -0.060338 -0.075034
v -0.929786 -0.017232 -0.128332
v -0.854665 -0.028801 -0.160647
v -0.902473 0.071973 -0.173064
v -0.953823 0.049421 -0.134027
v -0.929786 -0.017232 -0.128332
v -0.839913 -0.060338 -0.067530
v -0.934301 -0.031160 -0.063222
v -0.899898 0.066301 0.059204
v -0.934301 -0.031160 0.071321
v -0.941961 -0.034460 -0.000560
v -0.906016 0.079052 -0.000560
v -0.941961 -0.034460 -0.000560
v -0.934301 -0.031160 -0.063222
v -0.899898 0.066301 -0.051104
v -0.906016 0.079052 -0.000560
v -0.929786 -0.017232 -0.128332
v -0.892117 0.050263 -0.080137
v -0.934301 -0.031160 -0.063222
v -0.899898 0.066301 -0.051104
v -0.934301 -0.031160 0.071321
v -0.899898 0.066301 0.059204
v -0.892117 0.050263 0.079460
v -0.929786 -0.017232 0.127655
v -0.953823 0.049421 0.136449
v -0.901174 0.069229 0.079701
v -0.934988 0.140616 0.122437
v -0.953823 0.049421 0.136449
v -0.929786 -0.017232 0.127655
v -0.892117 0.050263 0.079460
v -0.901174 0.069229 0.079701
v -0.902473 0.071973 -0.173064
v -0.934988 0.140616 -0.126560
v -0.953823 0.049421 -0.134027
v -0.953823 0.049421 -0.134027
v -0.934988 0.140616 -0.126560
v -0.901174 0.069229 -0.077280
v -0.902473 0.071973 0.175487
v -0.953823 0.049421 0.136449
v -0.934988 0.140616 0.122437
v -0.953823 0.049421 -0.134027
v -0.901174 0.069229 -0.077280
v -0.892117 0.050263 -0.080137
v -0.929786 -0.017232 -0.128332
v -0.929786 -0.017232 0.127655
v -0.953823 0.049421 0.136449
v -0.902473 0.071973 0.175487
v -0.854665 -0.028802 0.159971
v -0.929786 -0.017232 0.127655
v -0.839913 -0.060338 0.075630
v -0.934301 -0.031160 0.071321
v -0.934301 -0.031160 0.071321
v -0.839913 -0.060338 0.075630
v -0.836966 -0.066722 -0.000560
v -0.941961 -0.034460 -0.000560
v -0.836966 -0.066722 -0.000560
v -0.839913 -0.060338 -0.067530
v -0.934301 -0.031160 -0.063222
v -0.941961 -0.034460 -0.000560
v -0.851782 0.096473 0.134706
v -0.902473 0.071973 0.175487
v -0.934988 0.140616 0.122437
v -0.851782 0.096473 -0.132284
v -0.934988 0.140616 -0.126560
v -0.902473 0.071973 -0.173064
v -0.796055 0.035760 -0.000560
v -0.906016 0.079052 -0.000560
v -0.899898 0.066301 -0.051104
v -0.803165 0.031687 -0.062653
v -0.803165 0.031687 0.070754
v -0.899898 0.066301 0.059204
v -0.796055 0.035760 -0.000560
v -0.906016 0.079052 -0.000560
v -0.901174 0.069229 -0.077280
v -0.934988 0.140616 -0.126560
v -0.851782 0.096473 -0.132284
v -0.803165 0.031687 0.070754
v -0.815901 0.036635 0.126141
v -0.892117 0.050263 0.079460
v -0.899898 0.066301 0.059204
v -0.851782 0.096473 0.134706
v -0.892117 0.050263 0.079460
v -0.901174 0.069229 0.079701
v -0.934988 0.140616 0.122437
v -0.803165 0.031687 -0.062653
v -0.899898 0.066301 -0.051104
v -0.892117 0.050263 -0.080137
v -0.815901 0.036635 -0.126819
v -0.892117 0.050263 -0.080137
v -0.851782 0.096473 -0.132284
v -0.901174 0.069229 -0.077280
v -0.815901 0.036635 0.126141
v -0.803165 0.031687 0.070754
v -0.839913 -0.060338 0.075630
v -0.854665 -0.028802 0.159971
v -0.902473 0.071973 0.175487
v -0.851782 0.096473 0.134706
v -0.839913 -0.060338 -0.067530
v -0.803165 0.031687 -0.062653
v -0.815901 0.036635 -0.126819
v -0.854665 -0.028801 -0.160647
v -0.902473 0.071973 -0.173064
v -0.851782 0.096473 -0.132284
v -0.839913 -0.060338 0.075630
v -0.803165 0.031687 0.070754
v -0.836966 -0.066722 -0.000560
v -0.796055 0.035760 -0.000560
v 1.815545 0.048641 -0.072015
v 1.814157 0.101643 -0.072967
v 1.779705 0.071008 -0.050234
v 1.782401 0.100022 -0.050157
v 1.814157 0.101643 -0.072967
v 1.813088 0.142468 -0.047299
v 2.015452 0.071929 0.048822
v 1.984378 0.096545 0.027394
v 1.984503 0.092566 0.024899
v 1.984592 0.089698 0.020478
v 2.024734 0.051712 0.028209
v 2.011274 0.099620 0.056658
v 2.015451 0.071929 -0.048822
v 2.024734 0.051712 -0.028212
v 1.984592 0.089698 -0.020479
v 1.984503 0.092566 -0.024900
v 1.984378 0.096545 -0.027394
v 2.011274 0.099620 -0.056660
v 1.984721 0.085569 -0.000000
v 1.984592 0.089698 -0.020479
v 2.024734 0.051712 -0.028212
v 2.025034 0.044846 -0.000000
v 1.984592 0.089698 0.020478
v 1.984721 0.085569 -0.000000
v 2.024734 0.051712 0.028209
v 2.025034 0.044846 -0.000000
v 1.987151 0.007981 -0.000000
v 2.025034 0.044846 -0.000000
v 2.024734 0.051712 -0.028212
v 1.986937 0.014806 -0.030963
v 2.024734 0.051712 0.028209
v 2.025034 0.044846 -0.000000
v 1.987151 0.007981 -0.000000
v 1.986937 0.014806 0.030961
v 1.931406 0.059558 0.044070
v 1.903196 0.080468 0.024266
v 1.903292 0.077978 0.022529
v 1.903366 0.076053 0.019226
v 1.938865 0.043561 0.026370
v 1.927855 0.081919 0.050591
v 1.931406 0.059558 -0.044070
v 1.938865 0.043561 -0.026370
v 1.903366 0.076053 -0.019227
v 1.903292 0.077978 -0.022529
v 1.903196 0.080468 -0.024267
v 1.927855 0.081919 -0.050592
v 1.906151 0.004021 -0.000000
v 1.939149 0.037906 -0.000000
v 1.938865 0.043561 -0.026370
v 1.905920 0.009976 -0.030489
v 1.938865 0.043561 0.026370
v 1.939149 0.037906 -0.000000
v 1.906151 0.004021 -0.000000
v 1.905920 0.009976 0.030488
v 1.903492 0.072788 -0.000000
v 1.903366 0.076053 -0.019227
v 1.938865 0.043561 -0.026370
v 1.939149 0.037906 -0.000000
v 1.903366 0.076053 0.019226
v 1.903492 0.072788 -0.000000
v 1.938865 0.043561 0.026370
v 1.939149 0.037906 -0.000000
v 2.011274 0.099620 0.056658
v 1.983189 0.134540 0.051773
v 1.984378 0.096545 0.027394
v 2.011274 0.099620 -0.056660
v 1.984378 0.096545 -0.027394
v 1.983189 0.134540 -0.051774
v 1.931406 0.059558 -0.044070
v 1.927855 0.081919 -0.050592
v 1.903153 0.081577 -0.072612
v 1.904744 0.040412 -0.061710
v 1.938865 0.043561 -0.026370
v 1.905920 0.009976 -0.030489
v 1.903153 0.081577 0.072611
v 1.927855 0.081919 0.050591
v 1.931406 0.059558 0.044070
v 1.904744 0.040412 0.061709
v 1.938865 0.043561 0.026370
v 1.905920 0.009976 0.030488
v 1.814453 0.090326 -0.000000
v 1.814343 0.094530 -0.024952
v 1.859508 0.052145 -0.037827
v 1.859782 0.044864 -0.000000
v 1.814343 0.094530 0.024951
v 1.814453 0.090326 -0.000000
v 1.859508 0.052145 0.037827
v 1.859782 0.044864 -0.000000
v 2.015451 0.071929 -0.048822
v 2.011274 0.099620 -0.056660
v 1.984332 0.098006 -0.076790
v 1.985820 0.050484 -0.064862
v 2.024734 0.051712 -0.028212
v 1.986937 0.014806 -0.030963
v 1.984332 0.098006 0.076789
v 2.011274 0.099620 0.056658
v 2.015452 0.071929 0.048822
v 1.985820 0.050484 0.064861
v 2.024734 0.051712 0.028209
v 1.986937 0.014806 0.030961
v 1.816772 0.001784 -0.000000
v 1.859782 0.044864 -0.000000
v 1.859508 0.052145 -0.037827
v 1.816571 0.009452 -0.045251
v 1.859508 0.052145 0.037827
v 1.859782 0.044864 -0.000000
v 1.816772 0.001784 -0.000000
v 1.816571 0.009452 0.045250
v 1.814278 0.097010 0.023636
v 1.814343 0.094530 0.024951
v 1.850165 0.072853 0.050233
v 1.859508 0.052145 0.037827
v 1.850165 0.072853 -0.050234
v 1.859508 0.052145 -0.037827
v 1.814343 0.094530 -0.024952
v 1.814278 0.097010 -0.023636
v 1.927855 0.081919 0.050591
v 1.901926 0.113285 0.048822
v 1.903196 0.080468 0.024266
v 1.927855 0.081919 -0.050592
v 1.903196 0.080468 -0.024267
v 1.901926 0.113285 -0.048822
v 1.903153 0.081577 -0.072612
v 1.927855 0.081919 -0.050592
v 1.901926 0.113285 -0.048822
v 1.903153 0.081577 0.072611
v 1.901926 0.113285 0.048822
v 1.927855 0.081919 0.050591
v 1.721333 -0.006707 0.000000
v 1.755823 0.028332 -0.000000
v 1.755597 0.034453 -0.025971
v 1.721166 -0.000328 -0.028851
v 1.755597 0.034453 0.025971
v 1.755823 0.028332 -0.000000
v 1.721333 -0.006707 0.000000
v 1.721166 -0.000328 0.028850
v 1.719476 0.064237 -0.000000
v 1.719364 0.068514 -0.020833
v 1.755597 0.034453 -0.025971
v 1.755823 0.028332 -0.000000
v 1.719364 0.068514 0.020833
v 1.719476 0.064237 -0.000000
v 1.755597 0.034453 0.025971
v 1.755823 0.028332 -0.000000
v 1.845954 0.101687 0.050157
v 1.814194 0.100215 0.022889
v 1.814278 0.097010 0.023636
v 1.850165 0.072853 0.050233
v 1.845954 0.101687 -0.050157
v 1.850165 0.072853 -0.050234
v 1.814278 0.097010 -0.023636
v 1.814194 0.100215 -0.022889
v 1.747087 0.053110 0.046348
v 1.719274 0.071917 0.026685
v 1.719364 0.068514 0.020833
v 1.755597 0.034453 0.025971
v 1.747087 0.053110 -0.046348
v 1.755597 0.034453 -0.025971
v 1.719364 0.068514 -0.020833
v 1.719274 0.071917 -0.026686
v 1.719274 0.071917 0.026685
v 1.747087 0.053110 0.046348
v 1.743427 0.078273 0.051912
v 1.719143 0.076927 0.028879
v 1.719274 0.071917 -0.026686
v 1.719143 0.076927 -0.028879
v 1.743427 0.078273 -0.051912
v 1.747087 0.053110 -0.046348
v 1.859508 0.052145 -0.037827
v 1.850165 0.072853 -0.050234
v 1.815545 0.048641 -0.072015
v 1.816571 0.009452 -0.045251
v 1.815545 0.048641 0.072013
v 1.850165 0.072853 0.050233
v 1.859508 0.052145 0.037827
v 1.816571 0.009452 0.045250
v 1.984332 0.098006 -0.076790
v 2.011274 0.099620 -0.056660
v 1.983189 0.134540 -0.051774
v 1.984332 0.098006 0.076789
v 1.983189 0.134540 0.051773
v 2.011274 0.099620 0.056658
v 1.747087 0.053110 -0.046348
v 1.743427 0.078273 -0.051912
v 1.719101 0.078536 -0.071933
v 1.720272 0.033823 -0.063159
v 1.657772 0.061410 0.046085
v 1.624697 0.086314 0.024140
v 1.624765 0.083644 0.022398
v 1.624818 0.081534 0.019020
v 1.666209 0.042639 0.027003
v 1.653961 0.087614 0.053084
v 1.719101 0.078536 0.071931
v 1.743427 0.078273 0.051912
v 1.747087 0.053110 0.046348
v 1.720272 0.033823 0.063157
v 1.657772 0.061410 -0.046086
v 1.666209 0.042639 -0.027004
v 1.624818 0.081534 -0.019020
v 1.624765 0.083644 -0.022398
v 1.624697 0.086314 -0.024141
v 1.653961 0.087614 -0.053084
v 1.624818 0.081534 0.019020
v 1.624914 0.077780 -0.000000
v 1.666209 0.042639 0.027003
v 1.666457 0.036002 -0.000000
v 1.720272 0.033823 -0.063159
v 1.721166 -0.000328 -0.028851
v 1.755597 0.034453 -0.025971
v 1.747087 0.053110 -0.046348
v 1.850165 0.072853 -0.050234
v 1.845954 0.101687 -0.050157
v 1.814157 0.101643 -0.072967
v 1.815545 0.048641 -0.072015
v 1.720272 0.033823 0.063157
v 1.747087 0.053110 0.046348
v 1.755597 0.034453 0.025971
v 1.721166 -0.000328 0.028850
v 1.814157 0.101643 0.072966
v 1.845954 0.101687 0.050157
v 1.850165 0.072853 0.050233
v 1.815545 0.048641 0.072013
v 1.743427 0.078273 0.051912
v 1.718206 0.112728 0.044767
v 1.719143 0.076927 0.028879
v 1.743427 0.078273 -0.051912
v 1.719143 0.076927 -0.028879
v 1.718206 0.112728 -0.044768
v 1.626979 -0.003432 0.000000
v 1.666457 0.036002 -0.000000
v 1.666209 0.042639 -0.027004
v 1.626801 0.003572 -0.031608
v 1.666209 0.042639 0.027003
v 1.666457 0.036002 -0.000000
v 1.626979 -0.003432 0.000000
v 1.626801 0.003572 0.031608
v 1.845954 0.101687 0.050157
v 1.813088 0.142468 0.047298
v 1.814194 0.100215 0.022889
v 1.845954 0.101687 -0.050157
v 1.814194 0.100215 -0.022889
v 1.813088 0.142468 -0.047299
v 1.286691 -0.020175 -0.064538
v 1.295402 0.064020 -0.059835
v 1.283781 0.065112 -0.126995
v 1.267206 0.002294 -0.159621
v 1.204396 0.073939 -0.171598
v 1.240329 0.105906 -0.132268
v 1.286691 -0.020175 0.073537
v 1.295402 0.064020 0.068834
v 1.290603 -0.024733 0.000054
v 1.300293 0.069028 0.000054
v 1.290603 -0.024733 0.000054
v 1.300293 0.069028 0.000054
v 1.295402 0.064020 -0.059835
v 1.286691 -0.020175 -0.064538
v 1.283781 0.065113 0.135994
v 1.295402 0.064020 0.068834
v 1.286691 -0.020175 0.073537
v 1.267206 0.002294 0.168621
v 1.204396 0.073939 0.180598
v 1.240329 0.105906 0.141267
v 1.240329 0.105906 -0.132268
v 1.161654 0.122752 -0.130474
v 1.204396 0.073939 -0.171598
v 1.240329 0.105906 0.141267
v 1.204396 0.073939 0.180598
v 1.161653 0.122752 0.133813
v 1.295402 0.064020 -0.059835
v 1.207835 0.069879 -0.048696
v 1.217973 0.058518 -0.081970
v 1.283781 0.065112 -0.126995
v 1.217973 0.058518 -0.081970
v 1.240329 0.105906 -0.132268
v 1.206104 0.071988 -0.079215
v 1.295402 0.064020 0.068834
v 1.283781 0.065113 0.135994
v 1.217973 0.058518 0.090970
v 1.207835 0.069879 0.057696
v 1.240329 0.105906 0.141267
v 1.217973 0.058518 0.090970
v 1.206104 0.071988 0.088214
v 1.206104 0.071988 0.088214
v 1.240329 0.105906 0.141267
v 1.161653 0.122752 0.133813
v 1.206104 0.071988 -0.079215
v 1.161654 0.122752 -0.130474
v 1.240329 0.105906 -0.132268
v 1.295402 0.064020 0.068834
v 1.207835 0.069879 0.057696
v 1.300293 0.069028 0.000054
v 1.199831 0.078928 0.000054
v 1.300293 0.069028 0.000054
v 1.199831 0.078928 0.000054
v 1.207835 0.069879 -0.048696
v 1.295402 0.064020 -0.059835
v 1.202319 -0.018236 0.069382
v 1.286691 -0.020175 0.073537
v 1.290603 -0.024733 0.000054
v 1.196796 -0.022736 0.000054
v 1.290603 -0.024733 0.000054
v 1.286691 -0.020175 -0.064538
v 1.202319 -0.018236 -0.060383
v 1.196796 -0.022736 0.000054
v 1.202778 -0.005737 0.137452
v 1.167465 0.043421 0.142947
v 1.204396 0.073939 0.180598
v 1.267206 0.002294 0.168621
v 1.202778 -0.005737 0.137452
v 1.286691 -0.020175 0.073537
v 1.202319 -0.018236 0.069382
v 1.204396 0.073939 -0.171598
v 1.167465 0.043421 -0.133948
v 1.202778 -0.005737 -0.128454
v 1.267206 0.002294 -0.159621
v 1.202778 -0.005737 -0.128454
v 1.286691 -0.020175 -0.064538
v 1.202319 -0.018236 -0.060383
v 1.204396 0.073939 -0.171598
v 1.161654 0.122752 -0.130474
v 1.167465 0.043421 -0.133948
v 1.204396 0.073939 0.180598
v 1.167465 0.043421 0.142947
v 1.161653 0.122752 0.133813
v 1.167465 0.043421 0.142947
v 1.206104 0.071988 0.088214
v 1.161653 0.122752 0.133813
v 1.217973 0.058518 0.090970
v 1.167465 0.043421 0.142947
v 1.202778 -0.005737 0.137452
v 1.167465 0.043421 -0.133948
v 1.161654 0.122752 -0.130474
v 1.206104 0.071988 -0.079215
v 1.167465 0.043421 -0.133948
v 1.217973 0.058518 -0.081970
v 1.202778 -0.005737 -0.128454
v 1.202319 -0.018236 0.069382
v 1.207835 0.069879 0.057696
v 1.217973 0.058518 0.090970
v 1.202778 -0.005737 0.137452
v 1.202778 -0.005737 -0.128454
v 1.217973 0.058518 -0.081970
v 1.202319 -0.018236 -0.060383
v 1.207835 0.069879 -0.048696
v 1.196796 -0.022736 0.000054
v 1.207835 0.069879 -0.048696
v 1.199831 0.078928 0.000054
v 1.207835 0.069879 0.057696
v 1.202319 -0.018236 0.069382
v 1.196796 -0.022736 0.000054
v 1.199831 0.078928 0.000054
v 1.814157 0.101643 -0.072967
v 1.845954 0.101687 -0.050157
v 1.813088 0.142468 -0.047299
v 1.814157 0.101643 0.072966
v 1.813088 0.142468 0.047298
v 1.845954 0.101687 0.050157
v 1.657772 0.061410 -0.046086
v 1.653961 0.087614 -0.053084
v 1.624665 0.087560 -0.077205
v 1.625895 0.039204 -0.065411
v 1.624666 0.087560 0.077204
v 1.653961 0.087614 0.053084
v 1.657772 0.061410 0.046085
v 1.625895 0.039204 0.065410
v 1.625895 0.039204 -0.065411
v 1.626801 0.003572 -0.031608
v 1.666209 0.042639 -0.027004
v 1.657772 0.061410 -0.046086
v 1.625895 0.039204 0.065410
v 1.657772 0.061410 0.046085
v 1.666209 0.042639 0.027003
v 1.626801 0.003572 0.031608
v 1.653961 0.087614 0.053084
v 1.623717 0.124847 0.047219
v 1.624697 0.086314 0.024140
v 1.653961 0.087614 -0.053084
v 1.624697 0.086314 -0.024141
v 1.623717 0.124847 -0.047220
v 1.719101 0.078536 -0.071933
v 1.743427 0.078273 -0.051912
v 1.718206 0.112728 -0.044768
v 1.719101 0.078536 0.071931
v 1.718206 0.112728 0.044767
v 1.743427 0.078273 0.051912
v 1.624665 0.087560 -0.077205
v 1.653961 0.087614 -0.053084
v 1.623717 0.124847 -0.047220
v 1.624666 0.087560 0.077204
v 1.623717 0.124847 0.047219
v 1.653961 0.087614 0.053084
v 1.595404 0.086125 -0.053084
v 1.624665 0.087560 -0.077205
v 1.623717 0.124847 -0.047220
v 1.595404 0.086125 0.053084
v 1.623717 0.124847 0.047219
v 1.624666 0.087560 0.077204
v 1.694821 0.077000 -0.051912
v 1.719101 0.078536 -0.071933
v 1.718206 0.112728 -0.044768
v 1.694821 0.077000 0.051912
v 1.718206 0.112728 0.044767
v 1.719101 0.078536 0.071931
v 1.625895 0.039204 -0.065411
v 1.592931 0.059761 -0.046086
v 1.585459 0.040585 -0.027004
v 1.626801 0.003572 -0.031608
v 1.624665 0.087560 -0.077205
v 1.595404 0.086125 -0.053084
v 1.626801 0.003572 0.031608
v 1.585459 0.040585 0.027003
v 1.625895 0.039204 0.065410
v 1.592931 0.059761 0.046085
v 1.624666 0.087560 0.077204
v 1.595404 0.086125 0.053084
v 1.814157 0.101643 0.072966
v 1.815545 0.048641 0.072013
v 1.779705 0.071008 0.050233
v 1.782401 0.100022 0.050157
v 1.813088 0.142468 0.047298
v 1.814157 0.101643 0.072966
v 1.720272 0.033823 -0.063159
v 1.692484 0.051680 -0.046348
v 1.684962 0.032604 -0.025971
v 1.721166 -0.000328 -0.028851
v 1.720272 0.033823 -0.063159
v 1.719101 0.078536 -0.071933
v 1.692484 0.051680 -0.046348
v 1.694821 0.077000 -0.051912
v 1.721166 -0.000328 0.028850
v 1.684962 0.032604 0.025971
v 1.720272 0.033823 0.063157
v 1.692484 0.051680 0.046348
v 1.719101 0.078536 0.071931
v 1.720272 0.033823 0.063157
v 1.692484 0.051680 0.046348
v 1.694821 0.077000 0.051912
v 1.779705 0.071008 -0.050234
v 1.771458 0.049840 -0.037827
v 1.815545 0.048641 -0.072015
v 1.816571 0.009452 -0.045251
v 1.815545 0.048641 0.072013
v 1.816571 0.009452 0.045250
v 1.771458 0.049840 0.037827
v 1.779705 0.071008 0.050233
v 1.626979 -0.003432 0.000000
v 1.626801 0.003572 -0.031608
v 1.585459 0.040585 -0.027004
v 1.585549 0.033945 -0.000000
v 1.626801 0.003572 0.031608
v 1.626979 -0.003432 0.000000
v 1.585459 0.040585 0.027003
v 1.585549 0.033945 -0.000000
v 1.957245 0.097370 -0.055761
v 1.984332 0.098006 -0.076790
v 1.983189 0.134540 -0.051774
v 1.957245 0.097370 0.055759
v 1.983189 0.134540 0.051773
v 1.984332 0.098006 0.076789
v 1.721333 -0.006707 0.000000
v 1.721166 -0.000328 -0.028851
v 1.684962 0.032604 -0.025971
v 1.685056 0.026479 -0.000000
v 1.721166 -0.000328 0.028850
v 1.721333 -0.006707 0.000000
v 1.684962 0.032604 0.025971
v 1.685056 0.026479 -0.000000
v 1.878497 0.080011 -0.050592
v 1.903153 0.081577 -0.072612
v 1.901926 0.113285 -0.048822
v 1.624914 0.077780 -0.000000
v 1.624818 0.081534 0.019020
v 1.585459 0.040585 0.027003
v 1.585549 0.033945 -0.000000
v 1.878497 0.080011 0.050591
v 1.901926 0.113285 0.048822
v 1.903153 0.081577 0.072611
v 1.624914 0.077780 -0.000000
v 1.585549 0.033945 -0.000000
v 1.585459 0.040585 -0.027004
v 1.624818 0.081534 -0.019020
v 1.592931 0.059761 0.046085
v 1.624818 0.081534 0.019020
v 1.585459 0.040585 0.027003
v 1.624765 0.083644 0.022398
v 1.624697 0.086314 0.024140
v 1.595404 0.086125 0.053084
v 1.623717 0.124847 0.047219
v 1.814194 0.100215 0.022889
v 1.813088 0.142468 0.047298
v 1.782401 0.100022 0.050157
v 1.585459 0.040585 -0.027004
v 1.592931 0.059761 -0.046086
v 1.624818 0.081534 -0.019020
v 1.624765 0.083644 -0.022398
v 1.624697 0.086314 -0.024141
v 1.595404 0.086125 -0.053084
v 1.623717 0.124847 -0.047220
v 1.814194 0.100215 -0.022889
v 1.782401 0.100022 -0.050157
v 1.813088 0.142468 -0.047299
v 1.904744 0.040412 -0.061710
v 1.876683 0.057443 -0.044070
v 1.870481 0.040918 -0.026370
v 1.905920 0.009976 -0.030489
v 1.905920 0.009976 0.030488
v 1.870481 0.040918 0.026370
v 1.904744 0.040412 0.061709
v 1.876683 0.057443 0.044070
v 1.985820 0.050484 -0.064862
v 1.954854 0.069998 -0.048072
v 1.947005 0.049632 -0.027849
v 1.986937 0.014806 -0.030963
v 1.985820 0.050484 -0.064862
v 1.984332 0.098006 -0.076790
v 1.954854 0.069998 -0.048072
v 1.957245 0.097370 -0.055761
v 1.986937 0.014806 0.030961
v 1.947005 0.049632 0.027849
v 1.985820 0.050484 0.064861
v 1.954854 0.069998 0.048071
v 1.719364 0.068514 0.020833
v 1.719274 0.071917 0.026685
v 1.692484 0.051680 0.046348
v 1.684962 0.032604 0.025971
v 1.984332 0.098006 0.076789
v 1.985820 0.050484 0.064861
v 1.954854 0.069998 0.048071
v 1.957245 0.097370 0.055759
v 1.684962 0.032604 -0.025971
v 1.692484 0.051680 -0.046348
v 1.719364 0.068514 -0.020833
v 1.719274 0.071917 -0.026686
v 1.692484 0.051680 0.046348
v 1.719274 0.071917 0.026685
v 1.694821 0.077000 0.051912
v 1.719143 0.076927 0.028879
v 1.718206 0.112728 0.044767
v 1.694821 0.077000 0.051912
v 1.694821 0.077000 -0.051912
v 1.719143 0.076927 -0.028879
v 1.719274 0.071917 -0.026686
v 1.692484 0.051680 -0.046348
v 1.694821 0.077000 -0.051912
v 1.718206 0.112728 -0.044768
v 1.816772 0.001784 -0.000000
v 1.816571 0.009452 -0.045251
v 1.771458 0.049840 -0.037827
v 1.771565 0.042554 -0.000000
v 1.816571 0.009452 0.045250
v 1.816772 0.001784 -0.000000
v 1.771458 0.049840 0.037827
v 1.771565 0.042554 -0.000000
v 1.719476 0.064237 -0.000000
v 1.685056 0.026479 -0.000000
v 1.684962 0.032604 -0.025971
v 1.719364 0.068514 -0.020833
v 1.719476 0.064237 -0.000000
v 1.719364 0.068514 0.020833
v 1.684962 0.032604 0.025971
v 1.685056 0.026479 -0.000000
v 1.904744 0.040412 -0.061710
v 1.903153 0.081577 -0.072612
v 1.876683 0.057443 -0.044070
v 1.878497 0.080011 -0.050592
v 1.903153 0.081577 0.072611
v 1.904744 0.040412 0.061709
v 1.876683 0.057443 0.044070
v 1.878497 0.080011 0.050591
v 1.814278 0.097010 0.023636
v 1.814194 0.100215 0.022889
v 1.782401 0.100022 0.050157
v 1.779705 0.071008 0.050233
v 1.782401 0.100022 -0.050157
v 1.814194 0.100215 -0.022889
v 1.814278 0.097010 -0.023636
v 1.779705 0.071008 -0.050234
v 1.906151 0.004021 -0.000000
v 1.905920 0.009976 -0.030489
v 1.870481 0.040918 -0.026370
v 1.870635 0.035258 -0.000000
v 1.905920 0.009976 0.030488
v 1.906151 0.004021 -0.000000
v 1.870481 0.040918 0.026370
v 1.870635 0.035258 -0.000000
v 1.814453 0.090326 -0.000000
v 1.814343 0.094530 0.024951
v 1.771458 0.049840 0.037827
v 1.771565 0.042554 -0.000000
v 1.814453 0.090326 -0.000000
v 1.771565 0.042554 -0.000000
v 1.771458 0.049840 -0.037827
v 1.814343 0.094530 -0.024952
v 1.779705 0.071008 0.050233
v 1.814343 0.094530 0.024951
v 1.771458 0.049840 0.037827
v 1.814278 0.097010 0.023636
v 1.771458 0.049840 -0.037827
v 1.779705 0.071008 -0.050234
v 1.814343 0.094530 -0.024952
v 1.814278 0.097010 -0.023636
v 1.903196 0.080468 0.024266
v 1.901926 0.113285 0.048822
v 1.878497 0.080011 0.050591
v 1.903196 0.080468 -0.024267
v 1.878497 0.080011 -0.050592
v 1.901926 0.113285 -0.048822
v 1.987151 0.007981 -0.000000
v 1.986937 0.014806 -0.030963
v 1.947005 0.049632 -0.027849
v 1.947133 0.042889 -0.000000
v 1.986937 0.014806 0.030961
v 1.987151 0.007981 -0.000000
v 1.947005 0.049632 0.027849
v 1.947133 0.042889 -0.000000
v 1.984378 0.096545 0.027394
v 1.983189 0.134540 0.051773
v 1.957245 0.097370 0.055759
v 1.984378 0.096545 -0.027394
v 1.957245 0.097370 -0.055761
v 1.983189 0.134540 -0.051774
v 1.903492 0.072788 -0.000000
v 1.870635 0.035258 -0.000000
v 1.870481 0.040918 -0.026370
v 1.903366 0.076053 -0.019227
v 1.903492 0.072788 -0.000000
v 1.903366 0.076053 0.019226
v 1.870481 0.040918 0.026370
v 1.870635 0.035258 -0.000000
v 1.876683 0.057443 0.044070
v 1.903366 0.076053 0.019226
v 1.870481 0.040918 0.026370
v 1.903292 0.077978 0.022529
v 1.903196 0.080468 0.024266
v 1.878497 0.080011 0.050591
v 1.870481 0.040918 -0.026370
v 1.876683 0.057443 -0.044070
v 1.903366 0.076053 -0.019227
v 1.903292 0.077978 -0.022529
v 1.903196 0.080468 -0.024267
v 1.878497 0.080011 -0.050592
v 1.984721 0.085569 -0.000000
v 1.984592 0.089698 0.020478
v 1.947005 0.049632 0.027849
v 1.947133 0.042889 -0.000000
v 1.984721 0.085569 -0.000000
v 1.947133 0.042889 -0.000000
v 1.947005 0.049632 -0.027849
v 1.984592 0.089698 -0.020479
v 1.984592 0.089698 0.020478
v 1.984503 0.092566 0.024899
v 1.954854 0.069998 0.048071
v 1.947005 0.049632 0.027849
v 1.984378 0.096545 0.027394
v 1.957245 0.097370 0.055759
v 1.947005 0.049632 -0.027849
v 1.954854 0.069998 -0.048072
v 1.984592 0.089698 -0.020479
v 1.984503 0.092566 -0.024900
v 1.984378 0.096545 -0.027394
v 1.957245 0.097370 -0.055761
v -0.726529 0.091395 -0.158785
v -0.721566 0.156085 -0.119712
v -0.774173 0.096421 -0.123875
v -0.793833 0.028378 0.064661
v -0.736180 -0.033253 0.068514
v -0.736700 -0.039237 0.000377
v -0.800912 0.029175 0.000377
v -0.800912 0.029175 0.000377
v -0.736700 -0.039237 0.000377
v -0.736180 -0.033253 -0.059515
v -0.793833 0.028378 -0.055661
v -0.726529 0.091394 0.167783
v -0.733763 -0.003612 0.156678
v -0.784582 0.036797 0.127779
v -0.774173 0.096421 0.132873
v -0.736180 -0.033253 0.068514
v -0.793833 0.028378 0.064661
v -0.726529 0.091395 -0.158785
v -0.774173 0.096421 -0.123875
v -0.784582 0.036797 -0.118779
v -0.733763 -0.003612 -0.147679
v -0.736180 -0.033253 -0.059515
v -0.793833 0.028378 -0.055661
v -0.793833 0.028378 0.064661
v -0.727023 0.086096 0.053825
v -0.728045 0.070903 0.084677
v -0.784582 0.036797 0.127779
v -0.774173 0.096421 0.132873
v -0.728045 0.070903 0.084677
v -0.726728 0.088808 0.082122
v -0.774173 0.096421 0.132873
v -0.721566 0.156086 0.123463
v -0.784582 0.036797 -0.118779
v -0.728045 0.070904 -0.075678
v -0.793833 0.028378 -0.055661
v -0.728045 0.070904 -0.075678
v -0.774173 0.096421 -0.123875
v -0.726728 0.088808 -0.073123
v -0.774173 0.096421 -0.123875
v -0.721566 0.156085 -0.119712
v -0.727023 0.086096 -0.044825
v -0.727023 0.086096 0.053825
v -0.793833 0.028378 0.064661
v -0.800912 0.029175 0.000377
v -0.726159 0.098146 0.000377
v -0.800912 0.029175 0.000377
v -0.793833 0.028378 -0.055661
v -0.727023 0.086096 -0.044825
v -0.726159 0.098146 0.000377
v -0.726529 0.091394 0.167783
v -0.774173 0.096421 0.132873
v -0.721566 0.156086 0.123463
v -0.736180 -0.033253 0.068514
v -0.669935 0.019438 0.064153
v -0.736700 -0.039237 0.000377
v -0.662936 0.019448 0.000377
v -0.736700 -0.039237 0.000377
v -0.662936 0.019448 0.000377
v -0.669935 0.019438 -0.055153
v -0.736180 -0.033253 -0.059515
v -0.677286 0.028504 0.126427
v -0.669935 0.019438 0.064153
v -0.736180 -0.033253 0.068514
v -0.733763 -0.003612 0.156678
v -0.726529 0.091394 0.167783
v -0.677286 0.028504 0.126427
v -0.678549 0.088091 0.131315
v -0.736180 -0.033253 -0.059515
v -0.669935 0.019438 -0.055153
v -0.677286 0.028504 -0.117427
v -0.733763 -0.003612 -0.147679
v -0.677286 0.028504 -0.117427
v -0.726529 0.091395 -0.158785
v -0.678549 0.088091 -0.122315
v -0.678549 0.088091 0.131315
v -0.726529 0.091394 0.167783
v -0.721566 0.156086 0.123463
v -0.678549 0.088091 -0.122315
v -0.721566 0.156085 -0.119712
v -0.726529 0.091395 -0.158785
v -0.728045 0.070903 0.084677
v -0.727023 0.086096 0.053825
v -0.669935 0.019438 0.064153
v -0.677286 0.028504 0.126427
v -0.669935 0.019438 -0.055153
v -0.727023 0.086096 -0.044825
v -0.728045 0.070904 -0.075678
v -0.677286 0.028504 -0.117427
v -0.678549 0.088091 -0.122315
v -0.728045 0.070904 -0.075678
v -0.677286 0.028504 -0.117427
v -0.726728 0.088808 -0.073123
v -0.677286 0.028504 0.126427
v -0.678549 0.088091 0.131315
v -0.728045 0.070903 0.084677
v -0.726728 0.088808 0.082122
v -0.726728 0.088808 -0.073123
v -0.721566 0.156085 -0.119712
v -0.678549 0.088091 -0.122315
v -0.726728 0.088808 0.082122
v -0.678549 0.088091 0.131315
v -0.721566 0.156086 0.123463
v -0.662936 0.019448 0.000377
v -0.726159 0.098146 0.000377
v -0.727023 0.086096 -0.044825
v -0.669935 0.019438 -0.055153
v -0.669935 0.019438 0.064153
v -0.727023 0.086096 0.053825
v -0.662936 0.019448 0.000377
v -0.726159 0.098146 0.000377
v -0.261345 0.275107 -0.152062
v -0.263564 0.346542 -0.138378
v -0.305818 0.305344 -0.109876
v -0.299999 0.272331 -0.117632
v -0.264654 0.379021 -0.063991
v -0.312938 0.310836 -0.060192
v -0.484175 0.308307 0.003318
v -0.478020 0.308807 -0.064601
v -0.426291 0.381855 -0.068674
v -0.426554 0.388882 0.003318
v -0.478020 0.308807 0.062525
v -0.484175 0.308307 0.003318
v -0.426291 0.381855 0.066597
v -0.426554 0.388882 0.003318
v -0.422747 0.270530 0.166315
v -0.464158 0.267556 0.129429
v -0.470392 0.302923 0.124046
v -0.425124 0.347060 0.154580
v -0.426291 0.381855 0.066597
v -0.478020 0.308807 0.062525
v -0.422747 0.270530 -0.163025
v -0.425124 0.347060 -0.148366
v -0.470392 0.302923 -0.117832
v -0.464157 0.267556 -0.126141
v -0.426291 0.381855 -0.068674
v -0.478020 0.308807 -0.064601
v -0.318684 0.310369 0.003207
v -0.312938 0.310836 -0.060192
v -0.264654 0.379021 -0.063991
v -0.264899 0.385580 0.003207
v -0.312938 0.310836 0.058472
v -0.318684 0.310369 0.003207
v -0.264654 0.379021 0.062273
v -0.264899 0.385580 0.003207
v -0.261345 0.275107 0.155351
v -0.299999 0.272331 0.120920
v -0.305818 0.305344 0.115897
v -0.263565 0.346542 0.144399
v -0.264654 0.379021 0.062273
v -0.312938 0.310836 0.058472
v -0.167301 0.317626 0.003485
v -0.160530 0.318176 -0.071226
v -0.103628 0.398529 -0.075706
v -0.103917 0.406258 0.003485
v -0.160531 0.318176 0.068614
v -0.167301 0.317626 0.003485
v -0.103629 0.398529 0.073093
v -0.103917 0.406258 0.003485
v -0.099730 0.276070 0.182780
v -0.145281 0.272800 0.142207
v -0.152139 0.311703 0.136287
v -0.102345 0.360254 0.169874
v -0.103629 0.398529 0.073093
v -0.160531 0.318176 0.068614
v -0.099729 0.276070 -0.179492
v -0.102345 0.360254 -0.163366
v -0.152139 0.311704 -0.129779
v -0.145281 0.272800 -0.138920
v -0.103628 0.398529 -0.075706
v -0.160530 0.318176 -0.071226
v -0.484175 0.308307 0.003318
v -0.421721 0.227654 0.003318
v -0.422093 0.241792 -0.053154
v -0.478020 0.308807 -0.064601
v -0.484175 0.308307 0.003318
v -0.478020 0.308807 0.062525
v -0.422093 0.241792 0.051077
v -0.421721 0.227654 0.003318
v -0.470392 0.302923 -0.117832
v -0.478020 0.308807 -0.064601
v -0.422503 0.259612 -0.072292
v -0.422503 0.259612 -0.072292
v -0.464157 0.267556 -0.126141
v -0.422093 0.241792 -0.053154
v -0.422503 0.259612 0.078507
v -0.422093 0.241792 0.051077
v -0.478020 0.308807 0.062525
v -0.470392 0.302923 0.124046
v -0.422837 0.273563 0.075808
v -0.464158 0.267556 0.129429
v -0.422747 0.270530 0.166315
v -0.420886 0.210469 0.128876
v -0.464158 0.267556 0.129429
v -0.422747 0.270530 -0.163025
v -0.464157 0.267556 -0.126141
v -0.420886 0.210469 -0.119404
v 0.000159 0.320989 0.003318
v 0.006314 0.321490 -0.064601
v 0.058043 0.394538 -0.068674
v 0.057780 0.401564 0.003318
v 0.006314 0.321490 0.062525
v 0.000159 0.320989 0.003318
v 0.058043 0.394538 0.066597
v 0.057780 0.401564 0.003318
v -0.261345 0.275107 0.155351
v -0.259608 0.219045 0.127305
v -0.299999 0.272331 0.120920
v -0.464157 0.267556 -0.126141
v -0.422837 0.273563 -0.072520
v -0.420886 0.210469 -0.119404
v 0.061587 0.283212 0.166315
v 0.020176 0.280238 0.129429
v 0.013942 0.315605 0.124046
v 0.059209 0.359742 0.154580
v 0.058043 0.394538 0.066597
v 0.006314 0.321490 0.062525
v 0.061588 0.283211 -0.163025
v 0.059210 0.359741 -0.148366
v 0.013942 0.315605 -0.117832
v 0.020177 0.280238 -0.126141
v 0.058043 0.394538 -0.068674
v 0.006314 0.321490 -0.064601
v -0.261345 0.275107 -0.152062
v -0.299999 0.272331 -0.117632
v -0.259608 0.219046 -0.118247
v -0.464158 0.267556 0.129429
v -0.420886 0.210469 0.128876
v -0.422837 0.273563 0.075808
v -0.318684 0.310369 0.003207
v -0.260388 0.235087 0.003207
v -0.260735 0.248284 -0.049504
v -0.312938 0.310836 -0.060192
v -0.318684 0.310369 0.003207
v -0.312938 0.310836 0.058472
v -0.260735 0.248284 0.047786
v -0.260388 0.235087 0.003207
v -0.305818 0.305344 -0.109876
v -0.312938 0.310836 -0.060192
v -0.261118 0.264918 -0.067371
v -0.261118 0.264918 -0.067371
v -0.299999 0.272331 -0.117632
v -0.261430 0.277940 -0.067583
v -0.259608 0.219046 -0.118247
v -0.260735 0.248284 -0.049504
v -0.261118 0.264918 0.073391
v -0.260735 0.248284 0.047786
v -0.312938 0.310836 0.058472
v -0.305818 0.305344 0.115897
v -0.261430 0.277940 0.070871
v -0.299999 0.272331 0.120920
v -0.259608 0.219045 0.127305
v -0.099730 0.276070 0.182780
v -0.097683 0.210004 0.127459
v -0.145281 0.272800 0.142207
v -0.099729 0.276070 -0.179492
v -0.145281 0.272800 -0.138920
v -0.097683 0.210003 -0.117368
v -0.167301 0.317626 0.003485
v -0.098602 0.228907 0.003485
v -0.099011 0.244460 -0.058633
v -0.160530 0.318176 -0.071226
v -0.167301 0.317626 0.003485
v -0.160531 0.318176 0.068614
v -0.099011 0.244460 0.056019
v -0.098602 0.228907 0.003485
v -0.152139 0.311704 -0.129779
v -0.160530 0.318176 -0.071226
v -0.099462 0.264061 -0.079685
v -0.099462 0.264061 -0.079685
v -0.145281 0.272800 -0.138920
v -0.099011 0.244460 -0.058633
v -0.099462 0.264061 0.086195
v -0.099011 0.244460 0.056019
v -0.160531 0.318176 0.068614
v -0.152139 0.311703 0.136287
v -0.099829 0.279408 0.083225
v -0.145281 0.272800 0.142207
v -0.145281 0.272800 -0.138920
v -0.099829 0.279408 -0.079936
v -0.097683 0.210003 -0.117368
v 0.061587 0.283212 0.166315
v 0.063448 0.223151 0.128005
v 0.020176 0.280238 0.129429
v 0.119936 0.323953 0.003318
v 0.057780 0.401564 0.003318
v 0.058043 0.394538 -0.068674
v 0.113875 0.324391 -0.064065
v 0.058043 0.394538 0.066597
v 0.057780 0.401564 0.003318
v 0.119936 0.323953 0.003318
v 0.113875 0.324391 0.061989
v 0.058043 0.394538 -0.068674
v 0.059210 0.359741 -0.148366
v 0.107108 0.318762 -0.116402
v 0.113875 0.324391 -0.064065
v 0.061588 0.283211 -0.163025
v 0.103237 0.284149 -0.124495
v -0.145281 0.272800 0.142207
v -0.097683 0.210004 0.127459
v -0.099829 0.279408 0.083225
v 0.061588 0.283211 -0.163025
v 0.020177 0.280238 -0.126141
v 0.063448 0.223150 -0.118534
v 0.107108 0.318762 0.122616
v 0.059209 0.359742 0.154580
v 0.061587 0.283212 0.166315
v 0.058043 0.394538 0.066597
v 0.113875 0.324391 0.061989
v 0.103237 0.284149 0.127783
v 0.063448 0.223151 0.128005
v 0.061587 0.283212 0.166315
v 0.000159 0.320989 0.003318
v 0.062613 0.240337 0.003318
v 0.062241 0.254475 -0.053154
v 0.006314 0.321490 -0.064601
v 0.000159 0.320989 0.003318
v 0.006314 0.321490 0.062525
v 0.062240 0.254475 0.051077
v 0.062613 0.240337 0.003318
v 0.013942 0.315605 -0.117832
v 0.006314 0.321490 -0.064601
v 0.061831 0.272295 -0.072292
v 0.061831 0.272295 -0.072292
v 0.020177 0.280238 -0.126141
v 0.062241 0.254475 -0.053154
v 0.061831 0.272295 0.078507
v 0.062240 0.254475 0.051077
v 0.006314 0.321490 0.062525
v 0.013942 0.315605 0.124046
v 0.061497 0.286246 0.075808
v 0.020176 0.280238 0.129429
v -0.103628 0.398529 -0.075706
v -0.102345 0.360254 -0.163366
v -0.049656 0.315175 -0.128205
v -0.042213 0.321367 -0.070635
v -0.099729 0.276070 -0.179492
v -0.053915 0.277101 -0.137107
v -0.049656 0.315175 0.134715
v -0.102345 0.360254 0.169874
v -0.099730 0.276070 0.182780
v -0.103629 0.398529 0.073093
v -0.042213 0.321367 0.068023
v -0.053916 0.277102 0.140395
v -0.035547 0.320884 0.003485
v -0.103917 0.406258 0.003485
v -0.103628 0.398529 -0.075706
v -0.042213 0.321367 -0.070635
v -0.103629 0.398529 0.073093
v -0.103917 0.406258 0.003485
v -0.035547 0.320884 0.003485
v -0.042213 0.321367 0.068023
v 0.020177 0.280238 -0.126141
v 0.061497 0.286246 -0.072520
v 0.063448 0.223150 -0.118534
v 0.020176 0.280238 0.129429
v 0.063448 0.223151 0.128005
v 0.061497 0.286246 0.075808
v 0.103237 0.284149 -0.124495
v 0.061588 0.283211 -0.163025
v 0.063448 0.223150 -0.118534
v -0.053916 0.277102 0.140395
v -0.097683 0.210004 0.127459
v -0.099730 0.276070 0.182780
v -0.053915 0.277101 -0.137107
v -0.099729 0.276070 -0.179492
v -0.097683 0.210003 -0.117368
v -0.206882 0.313136 0.003207
v -0.264899 0.385580 0.003207
v -0.264654 0.379021 -0.063991
v -0.212539 0.313545 -0.059689
v -0.264654 0.379021 0.062273
v -0.264899 0.385580 0.003207
v -0.206882 0.313136 0.003207
v -0.212539 0.313545 0.057971
v 0.113875 0.324391 0.061989
v 0.119936 0.323953 0.003318
v 0.062240 0.254475 0.051077
v 0.062613 0.240337 0.003318
v 0.119936 0.323953 0.003318
v 0.113875 0.324391 -0.064065
v 0.062241 0.254475 -0.053154
v 0.062613 0.240337 0.003318
v -0.218855 0.308291 0.114563
v -0.263565 0.346542 0.144399
v -0.261345 0.275107 0.155351
v -0.264654 0.379021 0.062273
v -0.212539 0.313545 0.057971
v -0.222469 0.275981 0.119383
v -0.259608 0.219045 0.127305
v -0.261345 0.275107 0.155351
v -0.264654 0.379021 -0.063991
v -0.263564 0.346542 -0.138378
v -0.218855 0.308291 -0.108541
v -0.212539 0.313545 -0.059689
v -0.261345 0.275107 -0.152062
v -0.222468 0.275981 -0.116095
v -0.261345 0.275107 -0.152062
v -0.259608 0.219046 -0.118247
v 0.061497 0.286246 -0.072520
v 0.103237 0.284149 -0.124495
v 0.063448 0.223150 -0.118534
v 0.113875 0.324391 -0.064065
v 0.107108 0.318762 -0.116402
v 0.061831 0.272295 -0.072292
v 0.062241 0.254475 -0.053154
v 0.103237 0.284149 -0.124495
v 0.061831 0.272295 -0.072292
v 0.061497 0.286246 0.075808
v 0.063448 0.223151 0.128005
v 0.103237 0.284149 0.127783
v 0.061831 0.272295 0.078507
v 0.107108 0.318762 0.122616
v 0.113875 0.324391 0.061989
v 0.062240 0.254475 0.051077
v 0.103237 0.284149 0.127783
v 0.061497 0.286246 0.075808
v -0.426291 0.381855 -0.068674
v -0.425124 0.347060 -0.148366
v -0.377226 0.306079 -0.116402
v -0.370459 0.311709 -0.064065
v -0.422747 0.270530 -0.163025
v -0.381097 0.271466 -0.124495
v -0.364399 0.311270 0.003318
v -0.426554 0.388882 0.003318
v -0.426291 0.381855 -0.068674
v -0.370459 0.311709 -0.064065
v -0.426291 0.381855 0.066597
v -0.426554 0.388882 0.003318
v -0.364399 0.311270 0.003318
v -0.370459 0.311709 0.061989
v -0.099829 0.279408 -0.079936
v -0.053915 0.277101 -0.137107
v -0.097683 0.210003 -0.117368
v -0.099829 0.279408 0.083225
v -0.097683 0.210004 0.127459
v -0.053916 0.277102 0.140395
v -0.042213 0.321367 0.068023
v -0.035547 0.320884 0.003485
v -0.099011 0.244460 0.056019
v -0.098602 0.228907 0.003485
v -0.035547 0.320884 0.003485
v -0.042213 0.321367 -0.070635
v -0.099011 0.244460 -0.058633
v -0.098602 0.228907 0.003485
v -0.377226 0.306079 0.122616
v -0.425124 0.347060 0.154580
v -0.422747 0.270530 0.166315
v -0.426291 0.381855 0.066597
v -0.370459 0.311709 0.061989
v -0.381097 0.271466 0.127783
v -0.420886 0.210469 0.128876
v -0.422747 0.270530 0.166315
v -0.381097 0.271466 -0.124495
v -0.422747 0.270530 -0.163025
v -0.420886 0.210469 -0.119404
v -0.042213 0.321367 -0.070635
v -0.049656 0.315175 -0.128205
v -0.099462 0.264061 -0.079685
v -0.099011 0.244460 -0.058633
v -0.053915 0.277101 -0.137107
v -0.099462 0.264061 -0.079685
v -0.099462 0.264061 0.086195
v -0.049656 0.315175 0.134715
v -0.042213 0.321367 0.068023
v -0.099011 0.244460 0.056019
v -0.053916 0.277102 0.140395
v -0.099829 0.279408 0.083225
v -0.261430 0.277940 0.070871
v -0.259608 0.219045 0.127305
v -0.222469 0.275981 0.119383
v -0.261430 0.277940 -0.067583
v -0.222468 0.275981 -0.116095
v -0.259608 0.219046 -0.118247
v -0.212539 0.313545 0.057971
v -0.206882 0.313136 0.003207
v -0.260735 0.248284 0.047786
v -0.260388 0.235087 0.003207
v -0.206882 0.313136 0.003207
v -0.212539 0.313545 -0.059689
v -0.260735 0.248284 -0.049504
v -0.260388 0.235087 0.003207
v -0.212539 0.313545 -0.059689
v -0.218855 0.308291 -0.108541
v -0.261118 0.264918 -0.067371
v -0.260735 0.248284 -0.049504
v -0.222468 0.275981 -0.116095
v -0.261118 0.264918 -0.067371
v -0.261118 0.264918 0.073391
v -0.218855 0.308291 0.114563
v -0.212539 0.313545 0.057971
v -0.260735 0.248284 0.047786
v -0.222469 0.275981 0.119383
v -0.261430 0.277940 0.070871
v -0.422837 0.273563 0.075808
v -0.420886 0.210469 0.128876
v -0.381097 0.271466 0.127783
v -0.422837 0.273563 -0.072520
v -0.381097 0.271466 -0.124495
v -0.420886 0.210469 -0.119404
v -0.370459 0.311709 0.061989
v -0.364399 0.311270 0.003318
v -0.422093 0.241792 0.051077
v -0.421721 0.227654 0.003318
v -0.364399 0.311270 0.003318
v -0.370459 0.311709 -0.064065
v -0.422093 0.241792 -0.053154
v -0.421721 0.227654 0.003318
v -0.370459 0.311709 -0.064065
v -0.377226 0.306079 -0.116402
v -0.422503 0.259612 -0.072292
v -0.422093 0.241792 -0.053154
v -0.381097 0.271466 -0.124495
v -0.422503 0.259612 -0.072292
v -0.422503 0.259612 0.078507
v -0.377226 0.306079 0.122616
v -0.370459 0.311709 0.061989
v -0.422093 0.241792 0.051077
v -0.381097 0.271466 0.127783
v -0.422837 0.273563 0.075808
v 0.677931 -0.076219 -0.152635
v 0.732521 -0.037684 -0.121447
v 0.675810 0.021754 -0.168416
v 0.725255 0.023182 -0.130820
v 1.098435 -0.102282 -0.070865
v 1.169602 -0.033333 -0.065748
v 1.160004 -0.023608 -0.133082
v 1.097869 -0.067470 -0.168581
v 1.095454 0.044043 -0.181610
v 1.151732 0.045671 -0.138817
v 1.098435 -0.102282 0.079364
v 1.097869 -0.067470 0.167871
v 1.160004 -0.023608 0.132370
v 1.169602 -0.033333 0.074247
v 1.095454 0.044043 0.184152
v 1.151732 0.045671 0.141358
v 1.098435 -0.102282 0.079364
v 1.169602 -0.033333 0.074247
v 1.098513 -0.109312 -0.000587
v 1.177756 -0.032523 -0.000587
v 1.098513 -0.109312 -0.000587
v 1.177756 -0.032523 -0.000587
v 1.169602 -0.033333 -0.065748
v 1.098435 -0.102282 -0.070865
v 1.169602 -0.033333 -0.065748
v 1.095483 0.037814 -0.053628
v 1.096026 0.019997 -0.084095
v 1.160004 -0.023608 -0.133082
v 1.096026 0.019997 -0.084095
v 1.151732 0.045671 -0.138817
v 1.095519 0.041008 -0.081096
v 1.151732 0.045671 -0.138817
v 1.093855 0.119980 -0.132810
v 1.095454 0.044043 -0.181610
v 1.151732 0.045671 0.141358
v 1.095454 0.044043 0.184152
v 1.093855 0.119980 0.128483
v 1.169602 -0.033333 0.074247
v 1.095483 0.037814 0.062127
v 1.177756 -0.032523 -0.000587
v 1.095115 0.051952 -0.000587
v 1.096026 0.019997 0.083384
v 1.095483 0.037814 0.062127
v 1.169602 -0.033333 0.074247
v 1.160004 -0.023608 0.132370
v 1.151732 0.045671 0.141358
v 1.096026 0.019997 0.083384
v 1.095519 0.041008 0.083637
v 1.151732 0.045671 0.141358
v 1.093855 0.119980 0.128483
v 1.177756 -0.032523 -0.000587
v 1.095115 0.051952 -0.000587
v 1.095483 0.037814 -0.053628
v 1.169602 -0.033333 -0.065748
v 0.961671 -0.057666 -0.152000
v 0.962292 -0.089843 -0.119831
v 1.007876 -0.045681 -0.112150
v 1.001469 -0.029572 -0.127650
v 1.001409 -0.027291 0.130953
v 1.007876 -0.045681 0.109269
v 0.961611 -0.055384 0.155303
v 0.962291 -0.089843 0.116951
v 0.961671 -0.057666 -0.152000
v 1.001469 -0.029572 -0.127650
v 0.960064 0.016041 -0.158206
v 0.996111 0.017083 -0.129620
v 0.960065 0.016042 0.160812
v 0.996111 0.017083 0.132224
v 1.001409 -0.027291 0.130953
v 0.961611 -0.055384 0.155303
v 0.962291 -0.089843 0.116951
v 1.007876 -0.045681 0.109269
v 0.962590 -0.103810 0.001124
v 1.013346 -0.054624 0.001124
v 0.962590 -0.103810 0.001124
v 1.013346 -0.054624 0.001124
v 1.007876 -0.045681 -0.112150
v 0.962292 -0.089843 -0.119831
v 0.996111 0.017083 0.132224
v 0.960065 0.016042 0.160812
v 0.959040 0.064680 0.130656
v 0.996111 0.017083 -0.129620
v 0.959040 0.064680 -0.128052
v 0.960064 0.016041 -0.158206
v 0.826662 -0.114755 0.066949
v 0.825775 -0.069829 0.163918
v 0.877662 -0.033201 0.132171
v 0.886093 -0.057177 0.062675
v 0.823757 0.023294 0.171099
v 0.870755 0.024653 0.133828
v 0.826662 -0.114755 -0.058506
v 0.886093 -0.057177 -0.054232
v 0.877662 -0.033201 -0.123728
v 0.825774 -0.069829 -0.155475
v 0.823757 0.023294 -0.166991
v 0.870755 0.024653 -0.129719
v 1.095519 0.041008 -0.081096
v 1.093855 0.119980 -0.132810
v 1.151732 0.045671 -0.138817
v 0.826662 -0.114755 0.066949
v 0.886093 -0.057177 0.062675
v 0.827050 -0.132964 0.000182
v 0.893225 -0.068838 0.000182
v 0.827050 -0.132964 0.000182
v 0.893225 -0.068838 0.000182
v 0.886093 -0.057177 -0.054232
v 0.826662 -0.114755 -0.058506
v 1.007876 -0.045681 0.109269
v 0.960401 -0.000110 0.091083
v 1.013346 -0.054624 0.001124
v 0.960413 -0.000517 0.001124
v 1.013346 -0.054624 0.001124
v 0.960413 -0.000517 0.001124
v 0.960401 -0.000110 -0.093964
v 1.007876 -0.045681 -0.112150
v 0.870755 0.024653 -0.129719
v 0.822422 0.086708 -0.127945
v 0.823757 0.023294 -0.166991
v 0.870755 0.024653 0.133828
v 0.823757 0.023294 0.171099
v 0.822422 0.086708 0.130173
v 0.960431 0.000639 0.097350
v 0.960401 -0.000110 0.091083
v 1.007876 -0.045681 0.109269
v 1.001409 -0.027291 0.130953
v 1.001469 -0.029572 -0.127650
v 1.007876 -0.045681 -0.112150
v 0.960491 -0.001641 -0.094047
v 0.732521 -0.037684 0.129946
v 0.741392 -0.062909 0.102448
v 0.677931 -0.076219 0.161134
v 0.678865 -0.123485 0.109628
v 0.675810 0.021754 0.172583
v 0.725255 0.023182 0.134986
v 0.732521 -0.037684 0.129946
v 0.677931 -0.076219 0.161134
v 0.677931 -0.076219 -0.152635
v 0.678865 -0.123485 -0.101129
v 0.741392 -0.062909 -0.093949
v 0.732521 -0.037684 -0.121447
v 1.001409 -0.027291 0.130953
v 0.996111 0.017083 0.132224
v 0.960106 0.014097 0.104970
v 0.960431 0.000639 0.097350
v 0.960106 0.014097 -0.102365
v 0.996111 0.017083 -0.129620
v 1.001469 -0.029572 -0.127650
v 0.960491 -0.001641 -0.094047
v 0.824213 0.001705 0.000182
v 0.824197 0.002236 -0.044112
v 0.886093 -0.057177 -0.054232
v 0.893225 -0.068838 0.000182
v 0.886093 -0.057177 -0.054232
v 0.824235 0.003213 -0.079918
v 0.877662 -0.033201 -0.123728
v 0.824235 0.003213 -0.079918
v 0.870755 0.024653 -0.129719
v 0.823811 0.020759 -0.079444
v 0.824235 0.003213 0.088362
v 0.824197 0.002236 0.052555
v 0.886093 -0.057177 0.062675
v 0.877662 -0.033201 0.132171
v 0.870755 0.024653 0.133828
v 0.824235 0.003213 0.088362
v 0.823811 0.020759 0.083552
v 0.678865 -0.123485 0.109628
v 0.741392 -0.062909 0.102448
v 0.679274 -0.142642 0.000000
v 0.748894 -0.075177 0.000000
v 0.679274 -0.142642 0.000000
v 0.748894 -0.075177 0.000000
v 0.741392 -0.062909 -0.093949
v 0.678865 -0.123485 -0.101129
v 0.886093 -0.057177 0.062675
v 0.824197 0.002236 0.052555
v 0.893225 -0.068838 0.000182
v 0.824213 0.001705 0.000182
v 0.725255 0.023182 -0.130820
v 0.674405 0.088469 -0.128985
v 0.675810 0.021754 -0.168416
v 0.725255 0.023182 0.134986
v 0.675810 0.021754 0.172583
v 0.674405 0.088469 0.131270
v 0.823811 0.020759 0.083552
v 0.870755 0.024653 0.133828
v 0.822422 0.086708 0.130173
v 0.960106 0.014097 0.104970
v 0.996111 0.017083 0.132224
v 0.959040 0.064680 0.130656
v 0.960106 0.014097 -0.102365
v 0.959040 0.064680 -0.128052
v 0.996111 0.017083 -0.129620
v 0.823811 0.020759 -0.079444
v 0.822422 0.086708 -0.127945
v 0.870755 0.024653 -0.129719
v 0.741392 -0.062909 0.102448
v 0.676272 -0.000401 0.085446
v 0.748894 -0.075177 0.000000
v 0.676289 -0.000960 0.000000
v 0.748894 -0.075177 0.000000
v 0.676289 -0.000960 0.000000
v 0.676272 -0.000401 -0.076947
v 0.741392 -0.062909 -0.093949
v 0.676312 0.000626 0.086907
v 0.676272 -0.000401 0.085446
v 0.741392 -0.062909 0.102448
v 0.732521 -0.037684 0.129946
v 0.725255 0.023182 0.134986
v 0.676312 0.000626 0.086907
v 0.675867 0.019086 0.084273
v 0.741392 -0.062909 -0.093949
v 0.676272 -0.000401 -0.076947
v 0.676312 0.000626 -0.078407
v 0.732521 -0.037684 -0.121447
v 0.725255 0.023182 -0.130820
v 0.675867 0.019086 -0.080108
v 0.674405 0.088469 -0.128985
v 0.725255 0.023182 -0.130820
v 0.675867 0.019086 0.084273
v 0.725255 0.023182 0.134986
v 0.674405 0.088469 0.131270
v 0.675810 0.021754 0.172583
v 0.626538 0.022123 0.136592
v 0.674405 0.088469 0.131270
v 0.675810 0.021754 -0.168416
v 0.674405 0.088469 -0.128985
v 0.626538 0.022123 -0.132427
v 0.675810 0.021754 0.172583
v 0.677931 -0.076219 0.161134
v 0.621861 -0.039952 0.131341
v 0.626538 0.022123 0.136592
v 0.613673 -0.066178 0.103283
v 0.678865 -0.123485 0.109628
v 0.621861 -0.039952 -0.122842
v 0.677931 -0.076219 -0.152635
v 0.613673 -0.066178 -0.094784
v 0.675810 0.021754 -0.168416
v 0.626538 0.022123 -0.132427
v 0.678865 -0.123485 -0.101129
v 0.613673 -0.066178 0.103283
v 0.678865 -0.123485 0.109628
v 0.679274 -0.142642 0.000000
v 0.606686 -0.079051 0.000000
v 0.679274 -0.142642 0.000000
v 0.678865 -0.123485 -0.101129
v 0.613673 -0.066178 -0.094784
v 0.606686 -0.079051 0.000000
v 0.823757 0.023294 0.171099
v 0.776924 0.023645 0.135421
v 0.822422 0.086708 0.130173
v 0.823757 0.023294 -0.166991
v 0.822422 0.086708 -0.127945
v 0.776924 0.023645 -0.131312
v 0.827050 -0.132964 0.000182
v 0.826662 -0.114755 -0.058506
v 0.764696 -0.060286 -0.054730
v 0.758055 -0.072522 0.000182
v 0.764696 -0.060286 0.063173
v 0.826662 -0.114755 0.066949
v 0.827050 -0.132964 0.000182
v 0.758055 -0.072522 0.000182
v 0.823757 0.023294 0.171099
v 0.825775 -0.069829 0.163918
v 0.772479 -0.035358 0.133592
v 0.776924 0.023645 0.135421
v 0.826662 -0.114755 0.066949
v 0.764696 -0.060286 0.063173
v 0.772479 -0.035358 -0.125148
v 0.825774 -0.069829 -0.155475
v 0.826662 -0.114755 -0.058506
v 0.823757 0.023294 -0.166991
v 0.776924 0.023645 -0.131312
v 0.764696 -0.060286 -0.054730
v 0.960065 0.016042 0.160812
v 0.924143 0.016311 0.133447
v 0.959040 0.064680 0.130656
v 0.960064 0.016041 -0.158206
v 0.959040 0.064680 -0.128052
v 0.924143 0.016311 -0.130841
v 1.095454 0.044043 0.184152
v 1.039372 0.044464 0.143188
v 1.093855 0.119980 0.128483
v 0.676272 -0.000401 0.085446
v 0.613673 -0.066178 0.103283
v 0.606686 -0.079051 0.000000
v 0.676289 -0.000960 0.000000
v 0.606686 -0.079051 0.000000
v 0.613673 -0.066178 -0.094784
v 0.676272 -0.000401 -0.076947
v 0.676289 -0.000960 0.000000
v 1.095454 0.044043 -0.181610
v 1.093855 0.119980 -0.132810
v 1.039372 0.044464 -0.140646
v 0.920793 -0.031226 -0.128738
v 0.961671 -0.057666 -0.152000
v 0.914764 -0.048065 -0.113044
v 0.960064 0.016041 -0.158206
v 0.924143 0.016311 -0.130841
v 0.962292 -0.089843 -0.119831
v 0.960065 0.016042 0.160812
v 0.961611 -0.055384 0.155303
v 0.920733 -0.028944 0.132042
v 0.924143 0.016311 0.133447
v 0.914764 -0.048065 0.110163
v 0.962291 -0.089843 0.116951
v 0.626538 0.022123 -0.132427
v 0.674405 0.088469 -0.128985
v 0.675867 0.019086 -0.080108
v 0.676272 -0.000401 0.085446
v 0.676312 0.000626 0.086907
v 0.613673 -0.066178 0.103283
v 0.621861 -0.039952 0.131341
v 0.626538 0.022123 0.136592
v 0.676312 0.000626 0.086907
v 0.675867 0.019086 0.084273
v 0.626538 0.022123 0.136592
v 0.674405 0.088469 0.131270
v 0.676312 0.000626 -0.078407
v 0.613673 -0.066178 -0.094784
v 0.676272 -0.000401 -0.076947
v 0.621861 -0.039952 -0.122842
v 0.626538 0.022123 -0.132427
v 0.675867 0.019086 -0.080108
v 0.914764 -0.048065 0.110163
v 0.962291 -0.089843 0.116951
v 0.962590 -0.103810 0.001124
v 0.909670 -0.057450 0.001124
v 0.962590 -0.103810 0.001124
v 0.962292 -0.089843 -0.119831
v 0.914764 -0.048065 -0.113044
v 0.909670 -0.057450 0.001124
v 0.824197 0.002236 0.052555
v 0.764696 -0.060286 0.063173
v 0.758055 -0.072522 0.000182
v 0.824213 0.001705 0.000182
v 0.758055 -0.072522 0.000182
v 0.764696 -0.060286 -0.054730
v 0.824197 0.002236 -0.044112
v 0.824213 0.001705 0.000182
v 1.095454 0.044043 0.184152
v 1.097869 -0.067470 0.167871
v 1.034049 -0.026190 0.133958
v 1.039372 0.044464 0.143188
v 1.098435 -0.102282 0.079364
v 1.024232 -0.037055 0.074842
v 1.034049 -0.026190 -0.134670
v 1.097869 -0.067470 -0.168581
v 1.098435 -0.102282 -0.070865
v 1.095454 0.044043 -0.181610
v 1.039372 0.044464 -0.140646
v 1.024232 -0.037055 -0.066344
v 0.772479 -0.035358 -0.125148
v 0.824235 0.003213 -0.079918
v 0.764696 -0.060286 -0.054730
v 0.824235 0.003213 -0.079918
v 0.776924 0.023645 -0.131312
v 0.823811 0.020759 -0.079444
v 0.776924 0.023645 -0.131312
v 0.822422 0.086708 -0.127945
v 0.824197 0.002236 -0.044112
v 1.024232 -0.037055 0.074842
v 1.098435 -0.102282 0.079364
v 1.098513 -0.109312 -0.000587
v 1.015893 -0.036934 -0.000587
v 1.098513 -0.109312 -0.000587
v 1.098435 -0.102282 -0.070865
v 1.024232 -0.037055 -0.066344
v 1.015893 -0.036934 -0.000587
v 0.764696 -0.060286 0.063173
v 0.824197 0.002236 0.052555
v 0.824235 0.003213 0.088362
v 0.772479 -0.035358 0.133592
v 0.776924 0.023645 0.135421
v 0.824235 0.003213 0.088362
v 0.823811 0.020759 0.083552
v 0.776924 0.023645 0.135421
v 0.822422 0.086708 0.130173
v 0.924143 0.016311 0.133447
v 0.960106 0.014097 0.104970
v 0.959040 0.064680 0.130656
v 0.924143 0.016311 -0.130841
v 0.959040 0.064680 -0.128052
v 0.960106 0.014097 -0.102365
v 0.960401 -0.000110 0.091083
v 0.914764 -0.048065 0.110163
v 0.909670 -0.057450 0.001124
v 0.960413 -0.000517 0.001124
v 0.909670 -0.057450 0.001124
v 0.914764 -0.048065 -0.113044
v 0.960401 -0.000110 -0.093964
v 0.960413 -0.000517 0.001124
v 1.015893 -0.036934 -0.000587
v 1.024232 -0.037055 -0.066344
v 1.095483 0.037814 -0.053628
v 1.095115 0.051952 -0.000587
v 1.095483 0.037814 0.062127
v 1.024232 -0.037055 0.074842
v 1.015893 -0.036934 -0.000587
v 1.095115 0.051952 -0.000587
v 0.960491 -0.001641 -0.094047
v 0.914764 -0.048065 -0.113044
v 0.920793 -0.031226 -0.128738
v 0.960106 0.014097 -0.102365
v 0.924143 0.016311 -0.130841
v 0.960401 -0.000110 0.091083
v 0.960431 0.000639 0.097350
v 0.914764 -0.048065 0.110163
v 0.920733 -0.028944 0.132042
v 0.960106 0.014097 0.104970
v 0.924143 0.016311 0.133447
v 1.039372 0.044464 0.143188
v 1.095519 0.041008 0.083637
v 1.093855 0.119980 0.128483
v 1.034049 -0.026190 -0.134670
v 1.096026 0.019997 -0.084095
v 1.024232 -0.037055 -0.066344
v 1.096026 0.019997 -0.084095
v 1.039372 0.044464 -0.140646
v 1.095519 0.041008 -0.081096
v 1.039372 0.044464 -0.140646
v 1.093855 0.119980 -0.132810
v 1.095483 0.037814 -0.053628
v 1.024232 -0.037055 0.074842
v 1.095483 0.037814 0.062127
v 1.096026 0.019997 0.083384
v 1.034049 -0.026190 0.133958
v 1.039372 0.044464 0.143188
v 1.096026 0.019997 0.083384
v 1.095519 0.041008 0.083637
v -0.491176 -0.070796 -0.129227
v -0.443911 -0.073890 -0.118794
v -0.435219 -0.029508 -0.159305
v -0.516588 -0.014119 -0.160888
v -0.649563 -0.209977 0.000001
v -0.587490 -0.288095 0.000001
v -0.588442 -0.283811 -0.112926
v -0.640530 -0.211066 -0.118527
v -0.640530 -0.211065 0.118528
v -0.588442 -0.283811 0.112928
v -0.649563 -0.209977 0.000001
v -0.587490 -0.288095 0.000001
v -0.587685 -0.001757 0.000001
v -0.538565 -0.077310 0.000001
v -0.535665 -0.073611 -0.112022
v -0.576268 -0.003743 -0.112703
v -0.576268 -0.003743 0.112705
v -0.535666 -0.073610 0.112022
v -0.587685 -0.001757 0.000001
v -0.538565 -0.077310 0.000001
v -0.304775 -0.275409 0.116642
v -0.308673 -0.280878 -0.013264
v -0.355419 -0.176320 0.066145
v -0.352413 -0.179625 -0.013264
v -0.308673 -0.280878 -0.013264
v -0.304775 -0.275409 -0.097222
v -0.355419 -0.176320 -0.058913
v -0.352413 -0.179625 -0.013264
v -0.304775 -0.275409 -0.097222
v -0.323218 -0.260046 -0.126521
v -0.356060 -0.175162 -0.075638
v -0.355419 -0.176320 -0.058913
v -0.356060 -0.175162 0.078849
v -0.323218 -0.260046 0.136643
v -0.304775 -0.275409 0.116642
v -0.355419 -0.176320 0.066145
v -0.396898 -0.218167 -0.116147
v -0.377326 -0.170332 -0.159613
v -0.440266 -0.141858 -0.118293
v -0.396898 -0.218167 0.116146
v -0.440266 -0.141858 0.118293
v -0.377326 -0.170332 0.159613
v -0.516588 -0.014119 -0.160888
v -0.535665 -0.073611 -0.112022
v -0.576268 -0.003743 -0.112703
v -0.491176 -0.070796 -0.129227
v -0.576268 -0.003743 0.112705
v -0.516588 -0.014119 0.160888
v -0.535666 -0.073610 0.112022
v -0.491176 -0.070796 0.129227
v -0.230096 -0.115853 0.000000
v -0.232395 -0.108105 -0.109831
v -0.285695 -0.014918 -0.087441
v -0.288277 -0.021166 0.000000
v -0.232395 -0.108105 0.109831
v -0.230096 -0.115853 0.000000
v -0.285695 -0.014918 0.087440
v -0.288277 -0.021166 0.000000
v -0.640530 -0.211066 -0.118527
v -0.588442 -0.283811 -0.112926
v -0.536575 -0.275956 -0.154515
v -0.570534 -0.216154 -0.200534
v -0.536575 -0.275956 -0.154515
v -0.479233 -0.224573 -0.209562
v -0.484155 -0.274403 -0.147315
v -0.412435 -0.228718 -0.118568
v -0.479233 -0.224573 -0.209562
v -0.370701 -0.170999 0.050786
v -0.440266 -0.141858 0.118293
v -0.396898 -0.218167 0.116146
v -0.370701 -0.170999 -0.050787
v -0.396898 -0.218167 -0.116147
v -0.440266 -0.141858 -0.118293
v -0.327101 -0.066001 -0.110395
v -0.314460 -0.015481 -0.157044
v -0.381323 0.003863 -0.112148
v -0.327101 -0.066001 0.110395
v -0.381324 0.003864 0.112148
v -0.314460 -0.015481 0.157044
v -0.484155 -0.274403 -0.147315
v -0.491663 -0.222252 -0.091008
v -0.536575 -0.275956 -0.154515
v -0.485208 -0.222142 -0.066680
v -0.307758 -0.015193 0.049969
v -0.381324 0.003864 0.112148
v -0.327101 -0.066001 0.110395
v -0.307758 -0.015193 -0.049970
v -0.327101 -0.066001 -0.110395
v -0.381323 0.003863 -0.112148
v -0.314460 -0.015481 -0.157044
v -0.327101 -0.066001 -0.110395
v -0.276313 -0.085888 -0.122407
v -0.222107 -0.039226 -0.158865
v -0.289971 -0.206740 0.162425
v -0.323218 -0.260046 0.136643
v -0.251967 -0.220362 0.145292
v -0.349827 -0.244896 0.125152
v -0.396898 -0.218167 0.116146
v -0.377326 -0.170332 0.159613
v -0.289971 -0.206740 0.162425
v -0.304775 -0.275409 0.116642
v -0.323218 -0.260046 0.136643
v -0.222130 -0.234197 0.094622
v -0.222107 -0.039226 0.158865
v -0.276313 -0.085888 0.122407
v -0.314460 -0.015481 0.157044
v -0.327101 -0.066001 0.110395
v -0.289970 -0.206740 -0.162427
v -0.349827 -0.244896 -0.125152
v -0.323218 -0.260046 -0.126521
v -0.251967 -0.220362 -0.138183
v -0.222130 -0.234198 -0.080519
v -0.304775 -0.275409 -0.097222
v -0.323218 -0.260046 -0.126521
v -0.377326 -0.170332 -0.159613
v -0.396898 -0.218167 -0.116147
v -0.289970 -0.206740 -0.162427
v -0.491176 -0.070796 0.129227
v -0.443911 -0.073890 0.118796
v -0.446196 -0.026357 0.085536
v -0.440382 -0.026810 0.066320
v -0.443911 -0.073890 -0.118794
v -0.446196 -0.026357 -0.085536
v -0.491176 -0.070796 -0.129227
v -0.440382 -0.026810 -0.066318
v -0.435218 -0.029508 0.159306
v -0.443911 -0.073890 0.118796
v -0.491176 -0.070796 0.129227
v -0.516588 -0.014119 0.160888
v -0.516718 0.053112 0.000001
v -0.587685 -0.001757 0.000001
v -0.576268 -0.003743 -0.112703
v -0.505253 0.050973 -0.107518
v -0.516718 0.053112 0.000001
v -0.505253 0.050973 0.107518
v -0.576268 -0.003743 0.112705
v -0.587685 -0.001757 0.000001
v -0.364867 -0.174218 -0.073713
v -0.356060 -0.175162 -0.075638
v -0.349827 -0.244896 -0.125152
v -0.396898 -0.218167 -0.116147
v -0.370701 -0.170999 -0.050787
v -0.323218 -0.260046 -0.126521
v -0.222130 -0.234197 0.094622
v -0.214324 -0.239587 -0.013264
v -0.308673 -0.280878 -0.013264
v -0.304775 -0.275409 0.116642
v -0.308673 -0.280878 -0.013264
v -0.214324 -0.239587 -0.013264
v -0.222130 -0.234198 -0.080519
v -0.304775 -0.275409 -0.097222
v -0.577105 -0.142050 0.000001
v -0.649563 -0.209977 0.000001
v -0.640530 -0.211066 -0.118527
v -0.568002 -0.143302 -0.111679
v -0.577105 -0.142050 0.000001
v -0.568002 -0.143301 0.111681
v -0.640530 -0.211065 0.118528
v -0.649563 -0.209977 0.000001
v -0.222107 -0.039226 -0.158865
v -0.276313 -0.085888 -0.122407
v -0.232395 -0.108105 -0.109831
v -0.144444 -0.053471 -0.119287
v -0.232395 -0.108105 0.109831
v -0.276313 -0.085888 0.122407
v -0.222107 -0.039226 0.158865
v -0.144444 -0.053471 0.119287
v -0.349827 -0.244896 0.125152
v -0.323218 -0.260046 0.136643
v -0.356060 -0.175162 0.078849
v -0.364867 -0.174218 0.073712
v -0.396898 -0.218167 0.116146
v -0.370701 -0.170999 0.050786
v -0.505253 0.050973 -0.107518
v -0.576268 -0.003743 -0.112703
v -0.516588 -0.014119 -0.160888
v -0.473495 0.030559 -0.130642
v -0.505253 0.050973 0.107518
v -0.473495 0.030559 0.130642
v -0.516588 -0.014119 0.160888
v -0.576268 -0.003743 0.112705
v -0.485208 -0.222142 -0.066680
v -0.412435 -0.228718 -0.118568
v -0.484155 -0.274403 -0.147315
v -0.276313 -0.085888 0.122407
v -0.232395 -0.108105 0.109831
v -0.285695 -0.014918 0.087440
v -0.301477 -0.017564 0.072097
v -0.276313 -0.085888 -0.122407
v -0.301477 -0.017564 -0.072097
v -0.285695 -0.014918 -0.087441
v -0.232395 -0.108105 -0.109831
v -0.144444 -0.053471 0.119287
v -0.141942 -0.061106 0.000000
v -0.232395 -0.108105 0.109831
v -0.230096 -0.115853 0.000000
v -0.141942 -0.061106 0.000000
v -0.144444 -0.053471 -0.119287
v -0.232395 -0.108105 -0.109831
v -0.230096 -0.115853 0.000000
v -0.443911 -0.073890 -0.118794
v -0.375513 -0.038956 -0.117626
v -0.435219 -0.029508 -0.159305
v -0.443911 -0.073890 0.118796
v -0.435218 -0.029508 0.159306
v -0.375513 -0.038956 0.117627
v -0.536575 -0.275956 -0.154515
v -0.588442 -0.283811 -0.112926
v -0.500165 -0.221919 -0.092431
v -0.491663 -0.222252 -0.091008
v -0.327101 -0.066001 0.110395
v -0.276313 -0.085888 0.122407
v -0.301477 -0.017564 0.072097
v -0.307758 -0.015193 0.049969
v -0.307758 -0.015193 -0.049970
v -0.301477 -0.017564 -0.072097
v -0.327101 -0.066001 -0.110395
v -0.276313 -0.085888 -0.122407
v -0.491176 -0.070796 -0.129227
v -0.535665 -0.073611 -0.112022
v -0.446196 -0.026357 -0.085536
v -0.285695 -0.014918 0.087440
v -0.288277 -0.021166 0.000000
v -0.189094 0.030797 -0.000000
v -0.191724 0.038296 0.110932
v -0.189094 0.030797 -0.000000
v -0.288277 -0.021166 0.000000
v -0.285695 -0.014918 -0.087441
v -0.191724 0.038296 -0.110931
v -0.314460 -0.015481 -0.157044
v -0.222107 -0.039226 -0.158865
v -0.245182 0.028422 -0.124039
v -0.300440 0.036194 -0.114322
v -0.381323 0.003863 -0.112148
v -0.314460 -0.015481 0.157044
v -0.381324 0.003864 0.112148
v -0.300440 0.036194 0.114322
v -0.245182 0.028422 0.124037
v -0.222107 -0.039226 0.158865
v -0.535666 -0.073610 0.112022
v -0.491176 -0.070796 0.129227
v -0.450993 -0.025523 0.092937
v -0.587490 -0.288095 0.000001
v -0.504146 -0.221221 0.000001
v -0.500165 -0.221919 -0.092431
v -0.588442 -0.283811 -0.112926
v -0.440382 -0.026810 0.066320
v -0.443911 -0.073890 0.118796
v -0.375513 -0.038956 0.117627
v -0.440382 -0.026810 -0.066318
v -0.375513 -0.038956 -0.117626
v -0.443911 -0.073890 -0.118794
v -0.300440 0.036194 0.114322
v -0.381324 0.003864 0.112148
v -0.307758 -0.015193 0.049969
v -0.300440 0.036194 -0.114322
v -0.307758 -0.015193 -0.049970
v -0.381323 0.003863 -0.112148
v -0.538565 -0.077310 0.000001
v -0.457901 -0.024321 0.000001
v -0.450993 -0.025523 -0.092937
v -0.535665 -0.073611 -0.112022
v -0.535666 -0.073610 0.112022
v -0.450993 -0.025523 0.092937
v -0.538565 -0.077310 0.000001
v -0.457901 -0.024321 0.000001
v -0.222107 -0.039226 -0.158865
v -0.144444 -0.053471 -0.119287
v -0.191724 0.038296 -0.110931
v -0.245182 0.028422 -0.124039
v -0.222107 -0.039226 0.158865
v -0.245182 0.028422 0.124037
v -0.191724 0.038296 0.110932
v -0.144444 -0.053471 0.119287
v -0.527729 -0.162386 -0.156572
v -0.570534 -0.216154 -0.200534
v -0.479233 -0.224573 -0.209562
v -0.475186 -0.173248 -0.152556
v -0.479233 -0.224573 -0.209562
v -0.412435 -0.228718 -0.118568
v -0.527729 -0.162386 -0.156572
v -0.568002 -0.143302 -0.111679
v -0.640530 -0.211066 -0.118527
v -0.377326 -0.170332 -0.159613
v -0.289970 -0.206740 -0.162427
v -0.291253 -0.142311 -0.126819
v -0.344431 -0.126850 -0.116194
v -0.440266 -0.141858 -0.118293
v -0.291253 -0.142311 0.126817
v -0.289971 -0.206740 0.162425
v -0.377326 -0.170332 0.159613
v -0.344431 -0.126850 0.116194
v -0.440266 -0.141858 0.118293
v -0.301477 -0.017564 0.072097
v -0.285695 -0.014918 0.087440
v -0.245182 0.028422 0.124037
v -0.191724 0.038296 0.110932
v -0.245182 0.028422 -0.124039
v -0.191724 0.038296 -0.110931
v -0.285695 -0.014918 -0.087441
v -0.301477 -0.017564 -0.072097
v -0.473495 0.030559 -0.130642
v -0.516588 -0.014119 -0.160888
v -0.435219 -0.029508 -0.159305
v -0.427184 0.016292 -0.122205
v -0.375513 -0.038956 -0.117626
v -0.473495 0.030559 0.130642
v -0.427184 0.016292 0.122205
v -0.435218 -0.029508 0.159306
v -0.516588 -0.014119 0.160888
v -0.375513 -0.038956 0.117627
v -0.355419 -0.176320 0.066145
v -0.352413 -0.179625 -0.013264
v -0.235821 -0.147923 -0.013264
v -0.243769 -0.142651 0.087151
v -0.352413 -0.179625 -0.013264
v -0.355419 -0.176320 -0.058913
v -0.243769 -0.142651 -0.074850
v -0.235821 -0.147923 -0.013264
v -0.344431 -0.126850 0.116194
v -0.440266 -0.141858 0.118293
v -0.370701 -0.170999 0.050786
v -0.344431 -0.126850 -0.116194
v -0.370701 -0.170999 -0.050787
v -0.440266 -0.141858 -0.118293
v -0.289971 -0.206740 0.162425
v -0.291253 -0.142311 0.126817
v -0.263428 -0.142373 0.120868
v -0.251967 -0.220362 0.145292
v -0.222130 -0.234197 0.094622
v -0.243769 -0.142651 0.087151
v -0.291253 -0.142311 -0.126819
v -0.263428 -0.142373 -0.114783
v -0.356060 -0.175162 -0.075638
v -0.364867 -0.174218 -0.073713
v -0.370701 -0.170999 -0.050787
v -0.344431 -0.126850 -0.116194
v -0.291253 -0.142311 -0.126819
v -0.356060 -0.175162 -0.075638
v -0.243769 -0.142651 -0.074850
v -0.355419 -0.176320 -0.058913
v -0.427184 0.016292 0.122205
v -0.446196 -0.026357 0.085536
v -0.440382 -0.026810 0.066320
v -0.375513 -0.038956 0.117627
v -0.473495 0.030559 0.130642
v -0.300440 0.036194 0.114322
v -0.307758 -0.015193 0.049969
v -0.301477 -0.017564 0.072097
v -0.245182 0.028422 0.124037
v -0.427184 0.016292 -0.122205
v -0.375513 -0.038956 -0.117626
v -0.440382 -0.026810 -0.066318
v -0.446196 -0.026357 -0.085536
v -0.473495 0.030559 -0.130642
v -0.289970 -0.206740 -0.162427
v -0.251967 -0.220362 -0.138183
v -0.263428 -0.142373 -0.114783
v -0.291253 -0.142311 -0.126819
v -0.222130 -0.234198 -0.080519
v -0.243769 -0.142651 -0.074850
v -0.300440 0.036194 -0.114322
v -0.245182 0.028422 -0.124039
v -0.301477 -0.017564 -0.072097
v -0.307758 -0.015193 -0.049970
v -0.364867 -0.174218 0.073712
v -0.356060 -0.175162 0.078849
v -0.291253 -0.142311 0.126817
v -0.291253 -0.142311 0.126817
v -0.344431 -0.126850 0.116194
v -0.370701 -0.170999 0.050786
v -0.263428 -0.142373 0.120868
v -0.243769 -0.142651 0.087151
v -0.356060 -0.175162 0.078849
v -0.355419 -0.176320 0.066145
v -0.191724 0.038296 0.110932
v -0.189094 0.030797 -0.000000
v -0.144444 -0.053471 0.119287
v -0.141942 -0.061106 0.000000
v -0.189094 0.030797 -0.000000
v -0.191724 0.038296 -0.110931
v -0.144444 -0.053471 -0.119287
v -0.141942 -0.061106 0.000000
v -0.235821 -0.147923 -0.013264
v -0.243769 -0.142651 -0.074850
v -0.222130 -0.234198 -0.080519
v -0.214324 -0.239587 -0.013264
v -0.243769 -0.142651 0.087151
v -0.235821 -0.147923 -0.013264
v -0.222130 -0.234197 0.094622
v -0.214324 -0.239587 -0.013264
v -0.527729 -0.162386 0.156572
v -0.568002 -0.143301 0.111681
v -0.500165 -0.221919 0.092431
v -0.491663 -0.222252 0.091008
v -0.527729 -0.162386 0.156572
v -0.475186 -0.173248 0.152556
v -0.485208 -0.222142 0.066681
v -0.412435 -0.228718 0.118570
v -0.500165 -0.221919 -0.092431
v -0.568002 -0.143302 -0.111679
v -0.527729 -0.162386 -0.156572
v -0.491663 -0.222252 -0.091008
v -0.527729 -0.162386 -0.156572
v -0.475186 -0.173248 -0.152556
v -0.485208 -0.222142 -0.066680
v -0.412435 -0.228718 -0.118568
v -0.446196 -0.026357 -0.085536
v -0.505253 0.050973 -0.107518
v -0.473495 0.030559 -0.130642
v -0.450993 -0.025523 0.092937
v -0.473495 0.030559 0.130642
v -0.505253 0.050973 0.107518
v -0.516718 0.053112 0.000001
v -0.505253 0.050973 -0.107518
v -0.450993 -0.025523 -0.092937
v -0.457901 -0.024321 0.000001
v -0.450993 -0.025523 0.092937
v -0.505253 0.050973 0.107518
v -0.516718 0.053112 0.000001
v -0.457901 -0.024321 0.000001
v -0.577105 -0.142050 0.000001
v -0.568002 -0.143302 -0.111679
v -0.500165 -0.221919 -0.092431
v -0.504146 -0.221221 0.000001
v -0.500165 -0.221919 0.092431
v -0.568002 -0.143301 0.111681
v -0.577105 -0.142050 0.000001
v -0.504146 -0.221221 0.000001
v 1.166220 0.012291 -0.136189
v 1.163597 0.112461 -0.136189
v 0.625133 0.098361 -0.136189
v 1.197203 0.063222 -0.136189
v 0.627756 -0.001809 -0.136189
v 0.594150 0.047430 -0.136189
v 1.163597 0.112461 0.136189
v 1.197203 0.063222 0.136189
v 1.166220 0.012291 0.136189
v 0.627756 -0.001809 0.136189
v 0.625133 0.098361 0.136189
v 0.594150 0.047430 0.136189
v 0.625133 0.098361 -0.136189
v 0.625133 0.098361 0.136189
v 0.594150 0.047430 0.136189
v 1.163597 0.112461 -0.136189
v 0.594150 0.047430 -0.136189
v 1.163597 0.112461 0.136189
v 1.197203 0.063222 -0.136189
v 1.197203 0.063222 0.136189
v 1.166220 0.012291 0.136189
v 0.627756 -0.001809 -0.136189
v 0.627756 -0.001809 0.136189
v 1.166220 0.012291 -0.136189
v 1.197203 0.063222 0.136189
v 1.197203 0.063222 -0.136189
v 0.594150 0.047430 -0.136189
v 0.594150 0.047430 0.136189
v -0.176229 0.205395 -0.141929
v -0.173394 0.097163 -0.141929
v 0.550950 0.224437 -0.141929
v 0.553784 0.116205 -0.141929
v -0.176229 0.205395 0.141929
v 0.550950 0.224437 0.141929
v 0.553784 0.116205 0.141929
v -0.173394 0.097163 0.141929
v -0.176229 0.205395 0.141929
v -0.173394 0.097163 0.141929
v -0.176229 0.205395 -0.141929
v 0.550950 0.224437 -0.141929
v 0.550950 0.224437 0.141929
v 0.553784 0.116205 -0.141929
v 0.553784 0.116205 0.141929
v -0.173394 0.097163 -0.141929
v 2.066328 0.173689 -0.000000
v 1.504191 0.158970 -0.000000
v 1.504614 0.142816 -0.039010
v 2.066751 0.157536 0.039010
v 2.066751 0.157536 -0.039010
v 2.067772 0.118540 -0.055169
v 1.505635 0.103819 -0.055169
v 1.506657 0.064823 -0.039010
v 1.507080 0.048669 -0.000000
v 2.068793 0.079543 -0.039010
v 2.069216 0.063389 -0.000000
v 2.068793 0.079543 0.039010
v 1.506657 0.064823 0.039010
v 1.505635 0.103819 0.055169
v 1.504614 0.142816 0.039010
v 2.067772 0.118540 0.055169
v 2.088848 0.155295 -0.036191
v 2.320276 0.161355 -0.036191
v 2.321224 0.125176 -0.051182
v 2.088455 0.170281 -0.000000
v 2.089795 0.119116 -0.051182
v 2.090742 0.082938 -0.036191
v 2.088848 0.155295 0.036191
v 2.319884 0.176341 -0.000000
v 2.320276 0.161355 0.036191
v 2.090742 0.082938 0.036191
v 2.089795 0.119116 0.051182
v 2.321224 0.125176 0.051182
v 2.322171 0.088998 0.036191
v 2.091135 0.067952 -0.000000
v 2.322564 0.074012 -0.000000
v 2.322171 0.088998 -0.036191
v 1.197012 0.246611 0.027121
v 1.504026 0.262574 -0.000000
v 1.504234 0.254655 0.027121
v 1.196804 0.254529 -0.000000
v 1.197716 0.219713 0.047198
v 1.504938 0.227758 0.047198
v 1.504234 0.254655 -0.027121
v 1.197012 0.246611 -0.027121
v 1.504938 0.227758 -0.047198
v 1.197716 0.219713 -0.047198
v 1.197716 0.219713 0.047198
v 1.504938 0.227758 0.047198
v 1.505904 0.190885 0.033480
v 1.198682 0.182840 0.033480
v 1.506869 0.154014 0.047198
v 1.199647 0.145969 0.047198
v 1.197716 0.219713 -0.047198
v 1.198682 0.182840 -0.033480
v 1.504938 0.227758 -0.047198
v 1.505904 0.190885 -0.033480
v 1.199647 0.145969 -0.047198
v 1.506869 0.154014 -0.047198
v 1.507573 0.127116 -0.027121
v 1.199647 0.145969 -0.047198
v 1.200351 0.119071 -0.027121
v 1.506869 0.154014 -0.047198
v 1.506869 0.154014 0.047198
v 1.200351 0.119071 0.027121
v 1.199647 0.145969 0.047198
v 1.507573 0.127116 0.027121
v 1.527100 0.154040 0.049641
v 1.193954 0.145316 0.049641
v 1.193416 0.165871 -0.000000
v 1.528400 0.104416 0.070203
v 1.526562 0.174595 -0.000000
v 1.193954 0.145316 -0.049641
v 1.527100 0.154040 -0.049641
v 1.528400 0.104416 -0.070203
v 1.195254 0.095692 -0.070203
v 1.196553 0.046068 -0.049641
v 1.529699 0.054792 -0.049641
v 1.197092 0.025513 -0.000000
v 1.196553 0.046068 0.049641
v 1.530237 0.034237 -0.000000
v 1.529699 0.054792 0.049641
v 1.195254 0.095692 0.070203
v 2.322550 0.074549 -0.050645
v 2.058092 0.118286 -0.071623
v 2.059418 0.067658 -0.050645
v 2.321224 0.125176 -0.071623
v 2.323099 0.053578 -0.000000
v 2.059967 0.046688 -0.000000
v 2.322550 0.074549 0.050645
v 2.321224 0.125176 0.071623
v 2.059418 0.067658 0.050645
v 2.058092 0.118286 0.071623
v 2.319898 0.175804 0.050645
v 2.056767 0.168914 0.050645
v 2.056217 0.189885 -0.000000
v 2.319349 0.196775 -0.000000
v 2.319898 0.175804 -0.050645
v 2.056767 0.168914 -0.050645
v 2.059418 0.067658 0.050645
v 2.059967 0.046688 -0.000000
v 2.059418 0.067658 -0.050645
v 2.056767 0.168914 0.050645
v 2.058092 0.118286 0.071623
v 2.056767 0.168914 -0.050645
v 2.056217 0.189885 -0.000000
v 2.058092 0.118286 -0.071623
v 2.319884 0.176341 -0.000000
v 2.319349 0.196775 -0.000000
v 2.319898 0.175804 -0.050645
v 2.319898 0.175804 0.050645
v 2.320276 0.161355 -0.036191
v 2.320276 0.161355 0.036191
v 2.321224 0.125176 0.051182
v 2.321224 0.125176 0.071623
v 2.322550 0.074549 0.050645
v 2.322171 0.088998 0.036191
v 2.322564 0.074012 -0.000000
v 2.322171 0.088998 -0.036191
v 2.322550 0.074549 -0.050645
v 2.323099 0.053578 -0.000000
v 2.321224 0.125176 -0.051182
v 2.321224 0.125176 -0.071623
v 1.528400 0.104416 -0.070203
v 1.529699 0.054792 -0.049641
v 1.527100 0.154040 -0.049641
v 1.529699 0.054792 0.049641
v 1.527100 0.154040 0.049641
v 1.526562 0.174595 -0.000000
v 1.528400 0.104416 0.070203
v 1.530237 0.034237 -0.000000
v 1.507573 0.127116 -0.027121
v 1.507573 0.127116 0.027121
v 1.505904 0.190885 -0.033480
v 1.506869 0.154014 -0.047198
v 1.505904 0.190885 0.033480
v 1.504026 0.262574 -0.000000
v 1.504234 0.254655 -0.027121
v 1.504938 0.227758 -0.047198
v 1.504234 0.254655 0.027121
v 1.504938 0.227758 0.047198
v 1.506869 0.154014 0.047198
v 1.198682 0.182840 0.033480
v 1.199647 0.145969 0.047198
v 1.200351 0.119071 0.027121
v 1.200351 0.119071 -0.027121
v 1.198682 0.182840 -0.033480
v 1.197012 0.246611 0.027121
v 1.197716 0.219713 0.047198
v 1.196804 0.254529 -0.000000
v 1.197012 0.246611 -0.027121
v 1.197716 0.219713 -0.047198
v 1.199647 0.145969 -0.047198
v 0.300932 -0.073627 -0.142464
v 0.297925 0.041239 -0.142464
v 0.135697 0.036990 -0.142464
v 0.325421 -0.015513 -0.142464
v 0.138705 -0.077875 -0.142464
v 0.111209 -0.021122 -0.142464
v 0.138705 -0.077875 0.142464
v 0.300932 -0.073627 0.142464
v 0.138705 -0.077875 -0.142464
v 0.111209 -0.021122 -0.142464
v 0.111209 -0.021122 0.142464
v 0.300932 -0.073627 -0.142464
v 0.325421 -0.015513 0.142464
v 0.325421 -0.015513 -0.142464
v 0.297925 0.041239 0.142464
v 0.325421 -0.015513 0.142464
v 0.300932 -0.073627 0.142464
v 0.138705 -0.077875 0.142464
v 0.135697 0.036990 0.142464
v 0.111209 -0.021122 0.142464
v 0.135697 0.036990 0.142464
v 0.111209 -0.021122 0.142464
v 0.135697 0.036990 -0.142464
v 0.297925 0.041239 -0.142464
v 0.297925 0.041239 0.142464
v 0.325421 -0.015513 -0.142464
v 0.325421 -0.015513 0.142464
v 0.111209 -0.021122 -0.142464
v -1.516854 0.169633 0.140000
v -1.516854 -0.501734 0.140000
v -1.562792 0.123148 0.115209
v -1.562792 0.180940 0.062241
v -1.516854 0.227003 0.087106
v -1.442792 -0.501734 0.140000
v -1.442792 0.169871 0.140000
v -1.442792 0.227003 0.087170
v -1.516854 0.227003 -0.087106
v -1.442792 0.227003 -0.087170
v -1.442792 0.169871 -0.140000
v -1.516854 0.169633 -0.140000
v -1.442792 -0.501734 -0.140000
v -1.516854 -0.501734 -0.140000
v -1.562792 0.123148 -0.115209
v -1.562792 -0.455669 -0.115209
v -1.562792 0.180940 -0.062241
v -1.562792 -0.455669 0.115209
v -1.562792 -0.455669 0.115209
v -1.562792 -0.455669 -0.115209
v -1.562792 0.123148 0.115209
v -1.562792 0.123148 -0.115209
v -1.562792 0.180940 0.062241
v -1.562792 0.180940 -0.062241
v -1.562792 -0.455669 -0.115209
v -1.562792 -0.455669 0.115209
v -1.516854 -0.501734 0.140000
v -1.516854 -0.501734 -0.140000
v -1.442792 -0.501734 0.140000
v -1.442792 -0.501734 -0.140000
v -1.442792 0.169871 -0.140000
v -1.442792 -0.501734 -0.140000
v -1.442792 -0.501734 0.140000
v -1.442792 0.169871 0.140000
v -1.442792 0.227003 0.087170
v -1.442792 0.227003 -0.087170
v -0.805868 0.411236 -0.014761
v -0.818905 0.402780 -0.000000
v -0.809746 0.385398 -0.000000
v -0.782568 0.393333 -0.026897
v -0.766840 0.357944 -0.036634
v -0.803973 0.347548 -0.000000
v -0.803973 0.347548 -0.000000
v -0.805464 0.318539 -0.000000
v -0.760633 0.333743 -0.043491
v -0.766840 0.357944 -0.036634
v -0.803973 0.347548 -0.000000
v -0.766840 0.357944 0.036633
v -0.760633 0.333743 0.043491
v -0.805464 0.318539 -0.000000
v -0.756020 0.316569 -0.021856
v -0.778997 0.315412 -0.000000
v -0.787959 0.286776 -0.000000
v -0.753600 0.287675 -0.032777
v -0.756020 0.316569 0.021856
v -0.753600 0.287675 0.032777
v -0.787959 0.286776 -0.000000
v -0.778997 0.315412 -0.000000
v -0.818905 0.402780 -0.000000
v -0.843699 0.420585 -0.000000
v -0.805868 0.411236 0.014761
v -0.805868 0.411236 0.014761
v -0.809746 0.385398 -0.000000
v -0.782568 0.393333 0.026897
v -0.766840 0.357944 0.036633
v -0.803973 0.347548 -0.000000
v -0.805868 0.411236 -0.014761
v -0.843699 0.420585 -0.000000
v -0.818905 0.402780 -0.000000
v -0.792833 0.419692 -0.000000
v -0.843699 0.420585 -0.000000
v -0.805868 0.411236 -0.014761
v -0.760633 0.333743 -0.043491
v -0.805464 0.318539 -0.000000
v -0.778997 0.315412 -0.000000
v -0.756020 0.316569 -0.021856
v -0.760633 0.333743 0.043491
v -0.756020 0.316569 0.021856
v -0.778997 0.315412 -0.000000
v -0.805464 0.318539 -0.000000
v -0.805868 0.411236 0.014761
v -0.843699 0.420585 -0.000000
v -0.792833 0.419692 -0.000000
v -0.792833 0.419692 -0.000000
v -0.782568 0.393333 0.026897
v -0.755390 0.401268 -0.000000
v -0.782568 0.393333 -0.026897
v -0.755390 0.401268 -0.000000
v -0.792833 0.419692 -0.000000
v -0.805868 0.411236 -0.014761
v -0.766840 0.357944 -0.036634
v -0.729705 0.368341 -0.000000
v -0.755390 0.401268 -0.000000
v -0.782568 0.393333 -0.026897
v -0.782568 0.393333 0.026897
v -0.755390 0.401268 -0.000000
v -0.766840 0.357944 0.036633
v -0.729705 0.368341 -0.000000
v -0.760633 0.333743 -0.043491
v -0.708037 0.335466 -0.000000
v -0.729705 0.368341 -0.000000
v -0.766840 0.357944 -0.036634
v -0.729705 0.368341 -0.000000
v -0.760633 0.333743 0.043491
v -0.708037 0.335466 -0.000000
v -0.766840 0.357944 0.036633
v -0.719242 0.288575 -0.000000
v -0.733043 0.317727 -0.000000
v -0.753600 0.287675 -0.032777
v -0.756020 0.316569 -0.021856
v -0.753600 0.287675 0.032777
v -0.756020 0.316569 0.021856
v -0.733043 0.317727 -0.000000
v -0.719242 0.288575 -0.000000
v -0.708037 0.335466 -0.000000
v -0.760633 0.333743 -0.043491
v -0.756020 0.316569 -0.021856
v -0.733043 0.317727 -0.000000
v -0.708037 0.335466 -0.000000
v -0.733043 0.317727 -0.000000
v -0.756020 0.316569 0.021856
v -0.760633 0.333743 0.043491
v 0.378679 -0.192019 -0.144502
v 0.309210 -0.236985 -0.142476
v 0.375794 -0.241400 -0.186005
v 0.377881 -0.243395 0.094228
v 0.397557 -0.242723 0.095841
v 0.437953 -0.311489 0.113918
v 0.433236 -0.300504 0.144890
v 0.397557 -0.242723 -0.086646
v 0.437953 -0.311489 -0.104724
v 0.377881 -0.243395 -0.085033
v 0.433236 -0.300504 -0.135696
v 0.377881 -0.243395 0.094228
v 0.437953 -0.311489 0.113918
v 0.450168 -0.319572 -0.000093
v 0.378439 -0.243427 -0.000093
v 0.450168 -0.319572 -0.000093
v 0.437953 -0.311489 -0.104724
v 0.377881 -0.243395 -0.085033
v 0.378439 -0.243427 -0.000093
v 0.397557 -0.242723 0.095841
v 0.377881 -0.243395 0.094228
v 0.445827 -0.183972 0.112996
v 0.440620 -0.190067 0.143349
v 0.445827 -0.183972 -0.103800
v 0.377881 -0.243395 -0.085033
v 0.397557 -0.242723 -0.086646
v 0.440620 -0.190067 -0.134156
v 0.375794 -0.241401 0.190415
v 0.371131 -0.290453 0.150687
v 0.309210 -0.236985 0.144811
v 0.375794 -0.241400 -0.186005
v 0.309210 -0.236985 -0.142476
v 0.371131 -0.290453 -0.146275
v 0.445827 -0.183972 0.112996
v 0.377881 -0.243395 0.094228
v 0.458701 -0.177566 -0.000093
v 0.378439 -0.243427 -0.000093
v 0.458701 -0.177566 -0.000093
v 0.378439 -0.243427 -0.000093
v 0.377881 -0.243395 -0.085033
v 0.445827 -0.183972 -0.103800
v 0.371131 -0.290453 -0.146275
v 0.309210 -0.236985 -0.142476
v 0.378455 -0.241577 -0.088521
v 0.378679 -0.192019 0.148913
v 0.375794 -0.241401 0.190415
v 0.309210 -0.236985 0.144811
v 0.371131 -0.290453 0.150687
v 0.378455 -0.241577 0.092932
v 0.309210 -0.236985 0.144811
v 0.397557 -0.242723 0.095841
v 0.371131 -0.290453 0.150687
v 0.433236 -0.300504 0.144890
v 0.378455 -0.241577 0.092932
v 0.378679 -0.192019 0.148913
v 0.309210 -0.236985 0.144811
v 0.371131 -0.290453 -0.146275
v 0.378455 -0.241577 -0.088521
v 0.397557 -0.242723 -0.086646
v 0.433236 -0.300504 -0.135696
v 0.378679 -0.192019 -0.144502
v 0.397557 -0.242723 -0.086646
v 0.440620 -0.190067 -0.134156
v 0.378455 -0.241577 -0.088521
v 0.309210 -0.236985 -0.142476
v 0.378679 -0.192019 -0.144502
v 0.440620 -0.190067 0.143349
v 0.378679 -0.192019 0.148913
v 0.397557 -0.242723 0.095841
v 0.378455 -0.241577 0.092932
v 0.375794 -0.241401 0.190415
v 0.474251 -0.247809 0.177778
v 0.433236 -0.300504 0.144890
v 0.371131 -0.290453 0.150687
v 0.500723 -0.251539 0.120921
v 0.437953 -0.311489 0.113918
v 0.500723 -0.251539 0.120921
v 0.474251 -0.247809 0.177778
v 0.440620 -0.190067 0.143349
v 0.445827 -0.183972 0.112996
v 0.375794 -0.241401 0.190415
v 0.378679 -0.192019 0.148913
v 0.500723 -0.251539 -0.111727
v 0.445827 -0.183972 -0.103800
v 0.440620 -0.190067 -0.134156
v 0.474251 -0.247809 -0.168583
v 0.375794 -0.241400 -0.186005
v 0.378679 -0.192019 -0.144502
v 0.450168 -0.319572 -0.000093
v 0.519843 -0.252802 -0.000093
v 0.500723 -0.251539 -0.111727
v 0.437953 -0.311489 -0.104724
v 0.474251 -0.247809 -0.168583
v 0.433236 -0.300504 -0.135696
v 0.437953 -0.311489 -0.104724
v 0.375794 -0.241400 -0.186005
v 0.371131 -0.290453 -0.146275
v 0.450168 -0.319572 -0.000093
v 0.437953 -0.311489 0.113918
v 0.500723 -0.251539 0.120921
v 0.519843 -0.252802 -0.000093
v 0.519843 -0.252802 -0.000093
v 0.458701 -0.177566 -0.000093
v 0.445827 -0.183972 -0.103800
v 0.500723 -0.251539 -0.111727
v 0.500723 -0.251539 0.120921
v 0.445827 -0.183972 0.112996
v 0.519843 -0.252802 -0.000093
v 0.458701 -0.177566 -0.000093
v 0.388420 0.273359 -0.179493
v 0.385734 0.359226 -0.163366
v 0.332743 0.309647 -0.129779
v 0.339989 0.269972 -0.138920
v 0.384414 0.398267 -0.075706
v 0.323829 0.316240 -0.071226
v 0.789469 0.324530 0.003206
v 0.727872 0.398360 0.003206
v 0.728125 0.391670 -0.063991
v 0.783456 0.324941 -0.059689
v 0.728125 0.391670 0.062273
v 0.727872 0.398360 0.003206
v 0.789469 0.324530 0.003206
v 0.783456 0.324941 0.057971
v 0.776735 0.319575 0.114563
v 0.729246 0.358541 0.144397
v 0.731525 0.285678 0.155351
v 0.728125 0.391670 0.062273
v 0.783456 0.324941 0.057971
v 0.772857 0.286614 0.119383
v 0.733308 0.228496 0.129725
v 0.731525 0.285678 0.155351
v 0.728125 0.391670 -0.063991
v 0.729246 0.358541 -0.138378
v 0.776735 0.319575 -0.108541
v 0.783456 0.324941 -0.059689
v 0.731526 0.285678 -0.152062
v 0.772857 0.286614 -0.116095
v 0.731526 0.285678 -0.152062
v 0.733308 0.228496 -0.120666
v 0.622006 0.322449 0.003318
v 0.556015 0.401545 0.003318
v 0.556287 0.394378 -0.068674
v 0.615565 0.322890 -0.064065
v 0.556287 0.394378 0.066597
v 0.556015 0.401545 0.003318
v 0.622006 0.322449 0.003318
v 0.615564 0.322889 0.061989
v 0.608364 0.317140 0.122616
v 0.557488 0.358887 0.154580
v 0.559929 0.280827 0.166315
v 0.556287 0.394378 0.066597
v 0.615564 0.322889 0.061989
v 0.604209 0.281829 0.127783
v 0.556287 0.394378 -0.068674
v 0.557488 0.358886 -0.148366
v 0.608364 0.317140 -0.116402
v 0.615565 0.322890 -0.064065
v 0.559929 0.280826 -0.163026
v 0.604209 0.281829 -0.124495
v 0.456705 0.319145 0.003485
v 0.384115 0.406150 0.003485
v 0.384414 0.398267 -0.075706
v 0.449619 0.319629 -0.070635
v 0.384413 0.398267 0.073093
v 0.384115 0.406150 0.003485
v 0.456705 0.319145 0.003485
v 0.449619 0.319629 0.068023
v 0.441699 0.313304 0.134715
v 0.385735 0.359226 0.169874
v 0.388420 0.273359 0.182780
v 0.384413 0.398267 0.073093
v 0.449619 0.319629 0.068023
v 0.437128 0.274463 0.140395
v 0.384414 0.398267 -0.075706
v 0.385734 0.359226 -0.163366
v 0.441699 0.313304 -0.128205
v 0.449619 0.319629 -0.070635
v 0.388420 0.273359 -0.179493
v 0.437129 0.274463 -0.137107
v 0.789469 0.324530 0.003206
v 0.783456 0.324941 -0.059689
v 0.732143 0.258318 -0.049504
v 0.732497 0.244857 0.003206
v 0.783456 0.324941 0.057971
v 0.789469 0.324530 0.003206
v 0.732143 0.258318 0.047786
v 0.732497 0.244857 0.003206
v 0.783456 0.324941 -0.059689
v 0.776735 0.319575 -0.108541
v 0.731754 0.275285 -0.067371
v 0.732143 0.258318 -0.049504
v 0.772857 0.286614 -0.116095
v 0.731754 0.275285 -0.067371
v 0.731754 0.275285 0.073391
v 0.776735 0.319575 0.114563
v 0.783456 0.324941 0.057971
v 0.732143 0.258318 0.047786
v 0.772857 0.286614 0.119383
v 0.731438 0.288568 0.070871
v 0.604209 0.281829 0.127783
v 0.561840 0.219564 0.127047
v 0.559929 0.280827 0.166315
v 0.604209 0.281829 -0.124495
v 0.559929 0.280826 -0.163026
v 0.561840 0.219564 -0.117575
v 0.731438 0.288568 -0.067583
v 0.772857 0.286614 -0.116095
v 0.733308 0.228496 -0.120666
v 0.622006 0.322449 0.003318
v 0.615565 0.322890 -0.064065
v 0.560592 0.251514 -0.053154
v 0.560971 0.237093 0.003318
v 0.615564 0.322889 0.061989
v 0.622006 0.322449 0.003318
v 0.560592 0.251514 0.051077
v 0.560971 0.237093 0.003318
v 0.731438 0.288568 0.070871
v 0.733308 0.228496 0.129725
v 0.772857 0.286614 0.119383
v 0.615565 0.322890 -0.064065
v 0.608364 0.317140 -0.116402
v 0.560175 0.269691 -0.072292
v 0.560592 0.251514 -0.053154
v 0.604209 0.281829 -0.124495
v 0.560175 0.269691 -0.072292
v 0.560175 0.269691 0.078507
v 0.608364 0.317140 0.122616
v 0.615564 0.322889 0.061989
v 0.560592 0.251514 0.051077
v 0.604209 0.281829 0.127783
v 0.559836 0.283921 0.075808
v 0.216601 0.272195 -0.152062
v 0.214322 0.345057 -0.138378
v 0.169355 0.302987 -0.109876
v 0.175504 0.269321 -0.117632
v 0.213201 0.378186 -0.063991
v 0.161792 0.308581 -0.060192
v 0.274546 0.311046 0.003207
v 0.212948 0.384876 0.003207
v 0.213201 0.378186 -0.063991
v 0.268532 0.311457 -0.059689
v 0.213201 0.378186 0.062273
v 0.212948 0.384876 0.003207
v 0.274546 0.311046 0.003207
v 0.268532 0.311457 0.057971
v 0.261812 0.306091 0.114563
v 0.214322 0.345057 0.144399
v 0.216601 0.272195 0.155351
v 0.213201 0.378186 0.062273
v 0.268532 0.311457 0.057971
v 0.257933 0.273130 0.119383
v 0.218385 0.215012 0.126440
v 0.216601 0.272195 0.155351
v 0.213201 0.378186 -0.063991
v 0.214322 0.345057 -0.138378
v 0.261812 0.306091 -0.108541
v 0.268532 0.311457 -0.059689
v 0.216601 0.272195 -0.152062
v 0.257933 0.273130 -0.116095
v 0.216601 0.272195 -0.152062
v 0.218384 0.215012 -0.117379
v 0.155683 0.308098 0.003207
v 0.161792 0.308581 -0.060192
v 0.213201 0.378186 -0.063991
v 0.212948 0.384876 0.003207
v 0.161792 0.308581 0.058472
v 0.155683 0.308098 0.003207
v 0.213201 0.378186 0.062273
v 0.212948 0.384876 0.003207
v 0.216601 0.272195 0.155351
v 0.175504 0.269320 0.120920
v 0.169355 0.302987 0.115897
v 0.214322 0.345057 0.144399
v 0.213201 0.378186 0.062273
v 0.161792 0.308581 0.058472
v 0.216601 0.272195 0.155351
v 0.218385 0.215012 0.126440
v 0.175504 0.269320 0.120920
v 0.216601 0.272195 -0.152062
v 0.175504 0.269321 -0.117632
v 0.218384 0.215012 -0.117379
v 0.268532 0.311457 0.057971
v 0.274546 0.311046 0.003207
v 0.217220 0.244835 0.047786
v 0.217573 0.231373 0.003207
v 0.274546 0.311046 0.003207
v 0.268532 0.311457 -0.059689
v 0.217220 0.244835 -0.049504
v 0.217573 0.231373 0.003207
v 0.268532 0.311457 -0.059689
v 0.261812 0.306091 -0.108541
v 0.216831 0.261801 -0.067371
v 0.217220 0.244835 -0.049504
v 0.257933 0.273130 -0.116095
v 0.216831 0.261801 -0.067371
v 0.216831 0.261801 0.073391
v 0.261812 0.306091 0.114563
v 0.268532 0.311457 0.057971
v 0.217220 0.244835 0.047786
v 0.257933 0.273130 0.119383
v 0.216514 0.275084 0.070871
v 0.216514 0.275084 -0.067583
v 0.257933 0.273130 -0.116095
v 0.218384 0.215012 -0.117379
v 0.216514 0.275084 0.070871
v 0.218385 0.215012 0.126440
v 0.257933 0.273130 0.119383
v 0.155683 0.308098 0.003207
v 0.161792 0.308581 0.058472
v 0.217220 0.244835 0.047786
v 0.217573 0.231373 0.003207
v 0.155683 0.308098 0.003207
v 0.217573 0.231373 0.003207
v 0.217220 0.244835 -0.049504
v 0.161792 0.308581 -0.060192
v 0.169355 0.302987 -0.109876
v 0.161792 0.308581 -0.060192
v 0.216831 0.261801 -0.067371
v 0.216831 0.261801 -0.067371
v 0.175504 0.269321 -0.117632
v 0.217220 0.244835 -0.049504
v 0.216831 0.261801 0.073391
v 0.217220 0.244835 0.047786
v 0.161792 0.308581 0.058472
v 0.169355 0.302987 0.115897
v 0.216514 0.275084 0.070871
v 0.175504 0.269320 0.120920
v 0.218385 0.215012 0.126440
v 0.175504 0.269321 -0.117632
v 0.216514 0.275084 -0.067583
v 0.218384 0.215012 -0.117379
v 0.559836 0.283921 -0.072520
v 0.604209 0.281829 -0.124495
v 0.561840 0.219564 -0.117575
v 0.437128 0.274463 0.140395
v 0.390522 0.205971 0.123683
v 0.388420 0.273359 0.182780
v 0.559836 0.283921 0.075808
v 0.561840 0.219564 0.127047
v 0.604209 0.281829 0.127783
v 0.437129 0.274463 -0.137107
v 0.388420 0.273359 -0.179493
v 0.390521 0.205971 -0.113593
v 0.456705 0.319145 0.003485
v 0.449619 0.319629 -0.070635
v 0.389149 0.241117 -0.058633
v 0.389566 0.225253 0.003485
v 0.449619 0.319629 0.068023
v 0.456705 0.319145 0.003485
v 0.389149 0.241117 0.056019
v 0.389566 0.225253 0.003485
v 0.316631 0.315671 0.003485
v 0.323829 0.316240 -0.071226
v 0.384414 0.398267 -0.075706
v 0.384115 0.406150 0.003485
v 0.323829 0.316240 0.068614
v 0.316631 0.315671 0.003485
v 0.384413 0.398267 0.073093
v 0.384115 0.406150 0.003485
v 0.449619 0.319629 -0.070635
v 0.441699 0.313304 -0.128205
v 0.388692 0.261110 -0.079685
v 0.389149 0.241117 -0.058633
v 0.437129 0.274463 -0.137107
v 0.388692 0.261110 -0.079685
v 0.388420 0.273359 0.182780
v 0.339989 0.269972 0.142207
v 0.332743 0.309647 0.136287
v 0.385735 0.359226 0.169874
v 0.384413 0.398267 0.073093
v 0.323829 0.316240 0.068614
v 0.388692 0.261110 0.086195
v 0.441699 0.313304 0.134715
v 0.449619 0.319629 0.068023
v 0.389149 0.241117 0.056019
v 0.437128 0.274463 0.140395
v 0.388318 0.276764 0.083225
v 0.388318 0.276764 -0.079936
v 0.437129 0.274463 -0.137107
v 0.390521 0.205971 -0.113593
v 0.388318 0.276764 0.083225
v 0.390522 0.205971 0.123683
v 0.437128 0.274463 0.140395
v 0.559929 0.280826 -0.163026
v 0.557488 0.358886 -0.148366
v 0.509313 0.313815 -0.117832
v 0.515901 0.277746 -0.126141
v 0.556287 0.394378 -0.068674
v 0.501210 0.319808 -0.064601
v 0.559929 0.280827 0.166315
v 0.515900 0.277746 0.129429
v 0.509313 0.313815 0.124046
v 0.557488 0.358887 0.154580
v 0.556287 0.394378 0.066597
v 0.501210 0.319808 0.062525
v 0.494666 0.319291 0.003318
v 0.501210 0.319808 -0.064601
v 0.556287 0.394378 -0.068674
v 0.556015 0.401545 0.003318
v 0.501210 0.319808 0.062525
v 0.494666 0.319291 0.003318
v 0.556287 0.394378 0.066597
v 0.556015 0.401545 0.003318
v 0.388420 0.273359 0.182780
v 0.390522 0.205971 0.123683
v 0.339989 0.269972 0.142207
v 0.388420 0.273359 -0.179493
v 0.339989 0.269972 -0.138920
v 0.390521 0.205971 -0.113593
v 0.559929 0.280827 0.166315
v 0.561840 0.219564 0.127047
v 0.515900 0.277746 0.129429
v 0.559929 0.280826 -0.163026
v 0.515901 0.277746 -0.126141
v 0.561840 0.219564 -0.117575
v 0.731526 0.285678 -0.152062
v 0.729246 0.358541 -0.138378
v 0.684279 0.316471 -0.109876
v 0.690427 0.282803 -0.117632
v 0.728125 0.391670 -0.063991
v 0.676715 0.322064 -0.060192
v 0.731525 0.285678 0.155351
v 0.690427 0.282803 0.120920
v 0.684279 0.316471 0.115897
v 0.729246 0.358541 0.144397
v 0.728125 0.391670 0.062273
v 0.676715 0.322064 0.058472
v 0.670606 0.321582 0.003206
v 0.676715 0.322064 -0.060192
v 0.728125 0.391670 -0.063991
v 0.727872 0.398360 0.003206
v 0.676715 0.322064 0.058472
v 0.670606 0.321582 0.003206
v 0.728125 0.391670 0.062273
v 0.727872 0.398360 0.003206
v 0.339989 0.269972 -0.138920
v 0.388318 0.276764 -0.079936
v 0.390521 0.205971 -0.113593
v 0.316631 0.315671 0.003485
v 0.323829 0.316240 0.068614
v 0.389149 0.241117 0.056019
v 0.389566 0.225253 0.003485
v 0.316631 0.315671 0.003485
v 0.389566 0.225253 0.003485
v 0.389149 0.241117 -0.058633
v 0.323829 0.316240 -0.071226
v 0.339989 0.269972 0.142207
v 0.390522 0.205971 0.123683
v 0.388318 0.276764 0.083225
v 0.731525 0.285678 0.155351
v 0.733308 0.228496 0.129725
v 0.690427 0.282803 0.120920
v 0.332743 0.309647 -0.129779
v 0.323829 0.316240 -0.071226
v 0.388692 0.261110 -0.079685
v 0.388692 0.261110 -0.079685
v 0.339989 0.269972 -0.138920
v 0.389149 0.241117 -0.058633
v 0.731526 0.285678 -0.152062
v 0.690427 0.282803 -0.117632
v 0.733308 0.228496 -0.120666
v 0.388692 0.261110 0.086195
v 0.389149 0.241117 0.056019
v 0.323829 0.316240 0.068614
v 0.332743 0.309647 0.136287
v 0.388318 0.276764 0.083225
v 0.339989 0.269972 0.142207
v 0.515901 0.277746 -0.126141
v 0.559836 0.283921 -0.072520
v 0.561840 0.219564 -0.117575
v 0.515900 0.277746 0.129429
v 0.561840 0.219564 0.127047
v 0.559836 0.283921 0.075808
v 0.494666 0.319291 0.003318
v 0.501210 0.319808 0.062525
v 0.560592 0.251514 0.051077
v 0.560971 0.237093 0.003318
v 0.494666 0.319291 0.003318
v 0.560971 0.237093 0.003318
v 0.560592 0.251514 -0.053154
v 0.501210 0.319808 -0.064601
v 0.509313 0.313815 -0.117832
v 0.501210 0.319808 -0.064601
v 0.560175 0.269691 -0.072292
v 0.560175 0.269691 -0.072292
v 0.515901 0.277746 -0.126141
v 0.560592 0.251514 -0.053154
v 0.560175 0.269691 0.078507
v 0.560592 0.251514 0.051077
v 0.501210 0.319808 0.062525
v 0.509313 0.313815 0.124046
v 0.559836 0.283921 0.075808
v 0.515900 0.277746 0.129429
v 0.670606 0.321582 0.003206
v 0.676715 0.322064 0.058472
v 0.732143 0.258318 0.047786
v 0.732497 0.244857 0.003206
v 0.670606 0.321582 0.003206
v 0.732497 0.244857 0.003206
v 0.732143 0.258318 -0.049504
v 0.676715 0.322064 -0.060192
v 0.731754 0.275285 0.073391
v 0.732143 0.258318 0.047786
v 0.676715 0.322064 0.058472
v 0.684279 0.316471 0.115897
v 0.731438 0.288568 0.070871
v 0.690427 0.282803 0.120920
v 0.733308 0.228496 0.129725
v 0.684279 0.316471 -0.109876
v 0.676715 0.322064 -0.060192
v 0.731754 0.275285 -0.067371
v 0.731754 0.275285 -0.067371
v 0.690427 0.282803 -0.117632
v 0.731438 0.288568 -0.067583
v 0.733308 0.228496 -0.120666
v 0.732143 0.258318 -0.049504
v 0.971629 0.332629 0.003485
v 0.899038 0.419634 0.003485
v 0.899337 0.411750 -0.075706
v 0.964542 0.333112 -0.070635
v 0.899337 0.411750 0.073093
v 0.899038 0.419634 0.003485
v 0.971629 0.332629 0.003485
v 0.964542 0.333112 0.068023
v 0.956622 0.326788 0.134715
v 0.900658 0.372710 0.169874
v 0.903344 0.286843 0.182780
v 0.899337 0.411750 0.073093
v 0.964542 0.333112 0.068023
v 0.952051 0.287947 0.140395
v 0.899337 0.411750 -0.075706
v 0.900658 0.372710 -0.163367
v 0.956622 0.326788 -0.128205
v 0.964542 0.333112 -0.070635
v 0.903344 0.286843 -0.179493
v 0.952051 0.287947 -0.137107
v 0.971629 0.332629 0.003485
v 0.964542 0.333112 -0.070635
v 0.904072 0.254601 -0.058633
v 0.904489 0.238737 0.003485
v 0.964542 0.333112 0.068023
v 0.971629 0.332629 0.003485
v 0.904072 0.254601 0.056019
v 0.904489 0.238737 0.003485
v 0.964542 0.333112 -0.070635
v 0.956622 0.326788 -0.128205
v 0.903615 0.274594 -0.079685
v 0.904072 0.254601 -0.058633
v 0.952051 0.287947 -0.137107
v 0.903615 0.274594 -0.079685
v 0.903615 0.274594 0.086195
v 0.956622 0.326788 0.134715
v 0.964542 0.333112 0.068023
v 0.904072 0.254601 0.056019
v 0.952051 0.287947 0.140395
v 0.903242 0.290247 0.083225
v 0.903242 0.290247 -0.079936
v 0.952051 0.287947 -0.137107
v 0.905445 0.219456 -0.114705
v 0.952051 0.287947 0.140395
v 0.905445 0.219456 0.124795
v 0.903344 0.286843 0.182780
v 0.903242 0.290247 0.083225
v 0.905445 0.219456 0.124795
v 0.952051 0.287947 0.140395
v 0.952051 0.287947 -0.137107
v 0.903344 0.286843 -0.179493
v 0.905445 0.219456 -0.114705
v 0.903344 0.286843 -0.179493
v 0.900658 0.372710 -0.163367
v 0.847666 0.323131 -0.129779
v 0.854913 0.283456 -0.138920
v 0.899337 0.411750 -0.075706
v 0.838753 0.329724 -0.071226
v 0.903344 0.286843 0.182780
v 0.854913 0.283456 0.142207
v 0.847666 0.323131 0.136287
v 0.900658 0.372710 0.169874
v 0.899337 0.411750 0.073093
v 0.838752 0.329724 0.068614
v 0.903344 0.286843 -0.179493
v 0.854913 0.283456 -0.138920
v 0.905445 0.219456 -0.114705
v 0.831554 0.329155 0.003485
v 0.838753 0.329724 -0.071226
v 0.899337 0.411750 -0.075706
v 0.899038 0.419634 0.003485
v 0.838752 0.329724 0.068614
v 0.831554 0.329155 0.003485
v 0.899337 0.411750 0.073093
v 0.899038 0.419634 0.003485
v 0.903344 0.286843 0.182780
v 0.905445 0.219456 0.124795
v 0.854913 0.283456 0.142207
v 0.854913 0.283456 0.142207
v 0.905445 0.219456 0.124795
v 0.903242 0.290247 0.083225
v 0.854913 0.283456 -0.138920
v 0.903242 0.290247 -0.079936
v 0.905445 0.219456 -0.114705
v 0.831554 0.329155 0.003485
v 0.838752 0.329724 0.068614
v 0.904072 0.254601 0.056019
v 0.904489 0.238737 0.003485
v 0.831554 0.329155 0.003485
v 0.904489 0.238737 0.003485
v 0.904072 0.254601 -0.058633
v 0.838753 0.329724 -0.071226
v 0.847666 0.323131 -0.129779
v 0.838753 0.329724 -0.071226
v 0.903615 0.274594 -0.079685
v 0.903615 0.274594 -0.079685
v 0.854913 0.283456 -0.138920
v 0.904072 0.254601 -0.058633
v 0.903615 0.274594 0.086195
v 0.904072 0.254601 0.056019
v 0.838752 0.329724 0.068614
v 0.847666 0.323131 0.136287
v 0.903242 0.290247 0.083225
v 0.854913 0.283456 0.142207
v 0.419432 -0.100178 -0.198533
v 0.514620 -0.116116 -0.189980
v 0.483623 -0.050697 -0.146382
v 0.428474 -0.048251 -0.139561
v 0.515756 -0.194418 0.000001
v 0.597102 -0.128746 0.000001
v 0.587703 -0.126903 -0.124053
v 0.506297 -0.192396 -0.116888
v 0.515756 -0.194418 0.000001
v 0.506297 -0.192396 0.116888
v 0.587704 -0.126903 0.124055
v 0.597102 -0.128746 0.000001
v 0.419432 -0.100178 -0.198533
v 0.411193 -0.153740 -0.144526
v 0.465505 -0.169231 -0.148332
v 0.514620 -0.116116 -0.189980
v 0.465505 -0.169231 -0.148332
v 0.506297 -0.192396 -0.116888
v 0.587703 -0.126903 -0.124053
v 0.419432 -0.100178 -0.198533
v 0.349632 -0.090631 -0.112328
v 0.419432 -0.100176 0.198533
v 0.514621 -0.116116 0.189980
v 0.465505 -0.169230 0.148332
v 0.411192 -0.153740 0.144526
v 0.419432 -0.100176 0.198533
v 0.349631 -0.090631 0.112329
v 0.587704 -0.126903 0.124055
v 0.506297 -0.192396 0.116888
v 0.465505 -0.169230 0.148332
v 0.587703 -0.126903 -0.124053
v 0.538682 -0.046485 -0.118193
v 0.514620 -0.116116 -0.189980
v 0.483623 -0.050697 -0.146382
v 0.483623 -0.050697 0.146383
v 0.538682 -0.046485 0.118193
v 0.514621 -0.116116 0.189980
v 0.587704 -0.126903 0.124055
v 0.597102 -0.128746 0.000001
v 0.538015 -0.041913 0.000001
v 0.538682 -0.046485 -0.118193
v 0.587703 -0.126903 -0.124053
v 0.587704 -0.126903 0.124055
v 0.538682 -0.046485 0.118193
v 0.597102 -0.128746 0.000001
v 0.538015 -0.041913 0.000001
v 0.506297 -0.192396 0.116888
v 0.441199 -0.104591 0.096742
v 0.465505 -0.169230 0.148332
v 0.432300 -0.103582 0.086218
v 0.465505 -0.169230 0.148332
v 0.411192 -0.153740 0.144526
v 0.425515 -0.103196 0.063172
v 0.349631 -0.090631 0.112329
v 0.441199 -0.104591 -0.096742
v 0.506297 -0.192396 -0.116888
v 0.465505 -0.169231 -0.148332
v 0.432300 -0.103582 -0.086218
v 0.465505 -0.169231 -0.148332
v 0.411193 -0.153740 -0.144526
v 0.425515 -0.103196 -0.063171
v 0.349632 -0.090631 -0.112328
v 0.515756 -0.194418 0.000001
v 0.506297 -0.192396 -0.116888
v 0.441199 -0.104591 -0.096742
v 0.445324 -0.105632 0.000001
v 0.441199 -0.104591 0.096742
v 0.506297 -0.192396 0.116888
v 0.515756 -0.194418 0.000001
v 0.445324 -0.105632 0.000001
v 0.428473 -0.048251 0.139561
v 0.483623 -0.050697 0.146383
v 0.419432 -0.100176 0.198533
v 0.514621 -0.116116 0.189980
v 0.428474 -0.048251 -0.139561
v 0.349632 -0.090631 -0.112328
v 0.419432 -0.100178 -0.198533
v 0.428473 -0.048251 0.139561
v 0.419432 -0.100176 0.198533
v 0.349631 -0.090631 0.112329
v 0.483623 -0.050697 0.146383
v 0.428473 -0.048251 0.139561
v 0.432300 -0.103582 0.086218
v 0.425515 -0.103196 0.063172
v 0.428474 -0.048251 -0.139561
v 0.432300 -0.103582 -0.086218
v 0.483623 -0.050697 -0.146382
v 0.425515 -0.103196 -0.063171
v 0.538015 -0.041913 0.000001
v 0.445324 -0.105632 0.000001
v 0.441199 -0.104591 -0.096742
v 0.538682 -0.046485 -0.118193
v 0.538682 -0.046485 0.118193
v 0.441199 -0.104591 0.096742
v 0.538015 -0.041913 0.000001
v 0.445324 -0.105632 0.000001
v 0.425515 -0.103196 0.063172
v 0.428473 -0.048251 0.139561
v 0.349631 -0.090631 0.112329
v 0.425515 -0.103196 -0.063171
v 0.349632 -0.090631 -0.112328
v 0.428474 -0.048251 -0.139561
v 0.483623 -0.050697 -0.146382
v 0.538682 -0.046485 -0.118193
v 0.432300 -0.103582 -0.086218
v 0.538682 -0.046485 0.118193
v 0.483623 -0.050697 0.146383
v 0.441199 -0.104591 0.096742
v -1.255206 0.001934 -0.124919
v -1.335010 -0.008316 -0.129106
v -1.278478 -0.040154 -0.162064
v -1.273884 -0.042843 0.054491
v -1.249809 -0.127783 0.065527
v -1.253524 -0.133862 0.000051
v -1.284440 -0.036965 0.000051
v -1.253524 -0.133862 0.000051
v -1.249809 -0.127783 -0.057028
v -1.273884 -0.042843 -0.045991
v -1.284440 -0.036965 0.000051
v -1.253530 -0.115841 -0.121318
v -1.260547 -0.050188 -0.077416
v -1.249809 -0.127783 -0.057028
v -1.260547 -0.050188 -0.077416
v -1.303169 -0.081211 -0.126506
v -1.276218 -0.041427 -0.074814
v -1.273884 -0.042843 -0.045991
v -1.249809 -0.127783 0.065527
v -1.273884 -0.042843 0.054491
v -1.260547 -0.050189 0.085916
v -1.253530 -0.115841 0.129816
v -1.303169 -0.081211 0.135006
v -1.260547 -0.050189 0.085916
v -1.276218 -0.041427 0.083314
v -1.303169 -0.081211 0.135006
v -1.335010 -0.008316 0.132260
v -1.278478 -0.040154 0.170565
v -1.303169 -0.081211 0.135006
v -1.335010 -0.008316 0.132260
v -1.303169 -0.081211 -0.126506
v -1.335010 -0.008316 -0.129106
v -1.276218 -0.041427 -0.074814
v -1.278478 -0.040154 -0.162064
v -1.335010 -0.008316 -0.129106
v -1.303169 -0.081211 -0.126506
v -1.253530 -0.115841 0.129816
v -1.303169 -0.081211 0.135006
v -1.278478 -0.040154 0.170565
v -1.195431 -0.086861 0.159254
v -1.169587 -0.101579 0.069452
v -1.249809 -0.127783 0.065527
v -1.278478 -0.040154 -0.162064
v -1.303169 -0.081211 -0.126506
v -1.253530 -0.115841 -0.121318
v -1.195431 -0.086861 -0.150753
v -1.169587 -0.101579 -0.060953
v -1.249809 -0.127783 -0.057028
v -1.189345 -0.019274 0.065010
v -1.200669 -0.022103 0.128439
v -1.260547 -0.050189 0.085916
v -1.273884 -0.042843 0.054491
v -1.189345 -0.019274 -0.056510
v -1.273884 -0.042843 -0.045991
v -1.260547 -0.050188 -0.077416
v -1.200669 -0.022103 -0.119940
v -1.186397 -0.012926 0.000051
v -1.284440 -0.036965 0.000051
v -1.273884 -0.042843 -0.045991
v -1.189345 -0.019274 -0.056510
v -1.189345 -0.019274 0.065010
v -1.273884 -0.042843 0.054491
v -1.186397 -0.012926 0.000051
v -1.284440 -0.036965 0.000051
v -1.255206 0.001934 0.133419
v -1.278478 -0.040154 0.170565
v -1.335010 -0.008316 0.132260
v -1.249809 -0.127783 0.065527
v -1.169587 -0.101579 0.069452
v -1.164384 -0.104579 0.000051
v -1.253524 -0.133862 0.000051
v -1.164384 -0.104579 0.000051
v -1.169587 -0.101579 -0.060953
v -1.249809 -0.127783 -0.057028
v -1.253524 -0.133862 0.000051
v -1.276218 -0.041427 -0.074814
v -1.335010 -0.008316 -0.129106
v -1.255206 0.001934 -0.124919
v -1.276218 -0.041427 0.083314
v -1.255206 0.001934 0.133419
v -1.335010 -0.008316 0.132260
v -1.255206 0.001934 -0.124919
v -1.260547 -0.050188 -0.077416
v -1.200669 -0.022103 -0.119940
v -1.276218 -0.041427 -0.074814
v -1.276218 -0.041427 0.083314
v -1.260547 -0.050189 0.085916
v -1.255206 0.001934 0.133419
v -1.200669 -0.022103 0.128439
v -1.200669 -0.022103 0.128439
v -1.189345 -0.019274 0.065010
v -1.169587 -0.101579 0.069452
v -1.195431 -0.086861 0.159254
v -1.278478 -0.040154 0.170565
v -1.200669 -0.022103 0.128439
v -1.255206 0.001934 0.133419
v -1.169587 -0.101579 -0.060953
v -1.189345 -0.019274 -0.056510
v -1.200669 -0.022103 -0.119940
v -1.195431 -0.086861 -0.150753
v -1.278478 -0.040154 -0.162064
v -1.200669 -0.022103 -0.119940
v -1.255206 0.001934 -0.124919
v -1.169587 -0.101579 0.069452
v -1.189345 -0.019274 0.065010
v -1.164384 -0.104579 0.000051
v -1.186397 -0.012926 0.000051
v -1.164384 -0.104579 0.000051
v -1.186397 -0.012926 0.000051
v -1.189345 -0.019274 -0.056510
v -1.169587 -0.101579 -0.060953
v -0.884669 0.327937 -0.000000
v -0.927404 0.304100 -0.040739
v -0.900775 0.279229 -0.051501
v -0.847233 0.295600 -0.000000
v -0.912390 0.265433 -0.000000
v -0.915374 0.238650 -0.000000
v -0.881430 0.248131 -0.035244
v -0.888155 0.272204 -0.025163
v -0.912390 0.265433 -0.000000
v -0.888155 0.272204 0.025163
v -0.881430 0.248131 0.035243
v -0.915374 0.238650 -0.000000
v -0.927404 0.304100 -0.040739
v -0.961972 0.282547 -0.000000
v -0.946772 0.252537 -0.000000
v -0.900775 0.279229 -0.051501
v -0.961972 0.282547 -0.000000
v -0.927404 0.304100 0.040738
v -0.946772 0.252537 -0.000000
v -0.900775 0.279229 0.051500
v -0.954624 0.327975 -0.029911
v -0.980717 0.313353 -0.000000
v -0.961972 0.282547 -0.000000
v -0.927404 0.304100 -0.040739
v -0.980717 0.313353 -0.000000
v -0.954624 0.327975 0.029911
v -0.961972 0.282547 -0.000000
v -0.927404 0.304100 0.040738
v -0.982862 0.340872 -0.016415
v -0.994273 0.329070 -0.000000
v -0.980717 0.313353 -0.000000
v -0.954624 0.327975 -0.029911
v -0.971451 0.352673 -0.000000
v -1.024026 0.341512 -0.000000
v -0.982862 0.340872 -0.016415
v -0.994273 0.329070 -0.000000
v -1.024026 0.341512 -0.000000
v -0.982862 0.340872 0.016415
v -0.980717 0.313353 -0.000000
v -0.982862 0.340872 0.016415
v -0.954624 0.327975 0.029911
v -0.982862 0.340872 -0.016415
v -1.024026 0.341512 -0.000000
v -0.994273 0.329070 -0.000000
v -0.982862 0.340872 0.016415
v -1.024026 0.341512 -0.000000
v -0.971451 0.352673 -0.000000
v -0.971451 0.352673 -0.000000
v -0.954624 0.327975 0.029911
v -0.928531 0.342599 -0.000000
v -0.954624 0.327975 -0.029911
v -0.928531 0.342599 -0.000000
v -0.971451 0.352673 -0.000000
v -0.982862 0.340872 -0.016415
v -0.927404 0.304100 -0.040739
v -0.884669 0.327937 -0.000000
v -0.928531 0.342599 -0.000000
v -0.954624 0.327975 -0.029911
v -0.928531 0.342599 -0.000000
v -0.927404 0.304100 0.040738
v -0.884669 0.327937 -0.000000
v -0.954624 0.327975 0.029911
v -0.927404 0.304100 0.040738
v -0.884669 0.327937 -0.000000
v -0.900775 0.279229 0.051500
v -0.847233 0.295600 -0.000000
v -0.900775 0.279229 -0.051501
v -0.946772 0.252537 -0.000000
v -0.912390 0.265433 -0.000000
v -0.888155 0.272204 -0.025163
v -0.912390 0.265433 -0.000000
v -0.946772 0.252537 -0.000000
v -0.900775 0.279229 0.051500
v -0.888155 0.272204 0.025163
v -0.847488 0.257613 -0.000000
v -0.863920 0.278973 -0.000000
v -0.881430 0.248131 -0.035244
v -0.888155 0.272204 -0.025163
v -0.881430 0.248131 0.035243
v -0.888155 0.272204 0.025163
v -0.863920 0.278973 -0.000000
v -0.847488 0.257613 -0.000000
v -0.888155 0.272204 -0.025163
v -0.863920 0.278973 -0.000000
v -0.847233 0.295600 -0.000000
v -0.900775 0.279229 -0.051501
v -0.847233 0.295600 -0.000000
v -0.863920 0.278973 -0.000000
v -0.888155 0.272204 0.025163
v -0.900775 0.279229 0.051500
v 0.279432 -0.380178 -0.198533
v 0.374620 -0.396116 -0.189980
v 0.343623 -0.330697 -0.146382
v 0.288474 -0.328251 -0.139561
v 0.375756 -0.474418 0.000001
v 0.457102 -0.408746 0.000001
v 0.447703 -0.406902 -0.124053
v 0.366297 -0.472396 -0.116888
v 0.375756 -0.474418 0.000001
v 0.366297 -0.472396 0.116888
v 0.447703 -0.406902 0.124055
v 0.457102 -0.408746 0.000001
v 0.279432 -0.380178 -0.198533
v 0.271192 -0.433740 -0.144527
v 0.325505 -0.449231 -0.148332
v 0.374620 -0.396116 -0.189980
v 0.325505 -0.449231 -0.148332
v 0.366297 -0.472396 -0.116888
v 0.447703 -0.406902 -0.124053
v 0.279432 -0.380178 -0.198533
v 0.209632 -0.370631 -0.112328
v 0.447703 -0.406902 -0.124053
v 0.398682 -0.326485 -0.118193
v 0.374620 -0.396116 -0.189980
v 0.343623 -0.330697 -0.146382
v 0.343623 -0.330697 0.146383
v 0.398682 -0.326485 0.118193
v 0.374621 -0.396116 0.189980
v 0.447703 -0.406902 0.124055
v 0.457102 -0.408746 0.000001
v 0.398015 -0.321913 0.000001
v 0.398682 -0.326485 -0.118193
v 0.447703 -0.406902 -0.124053
v 0.447703 -0.406902 0.124055
v 0.398682 -0.326485 0.118193
v 0.457102 -0.408746 0.000001
v 0.398015 -0.321913 0.000001
v 0.301199 -0.384591 -0.096742
v 0.366297 -0.472396 -0.116888
v 0.325505 -0.449231 -0.148332
v 0.292300 -0.383581 -0.086218
v 0.325505 -0.449231 -0.148332
v 0.271192 -0.433740 -0.144527
v 0.285515 -0.383196 -0.063171
v 0.209632 -0.370631 -0.112328
v 0.375756 -0.474418 0.000001
v 0.366297 -0.472396 -0.116888
v 0.301199 -0.384591 -0.096742
v 0.305324 -0.385632 0.000001
v 0.301199 -0.384591 0.096742
v 0.366297 -0.472396 0.116888
v 0.375756 -0.474418 0.000001
v 0.305324 -0.385632 0.000001
v 0.288473 -0.328251 0.139561
v 0.343623 -0.330697 0.146383
v 0.279432 -0.380176 0.198533
v 0.374621 -0.396116 0.189980
v 0.288474 -0.328251 -0.139561
v 0.209632 -0.370631 -0.112328
v 0.279432 -0.380178 -0.198533
v 0.343623 -0.330697 0.146383
v 0.288473 -0.328251 0.139561
v 0.292300 -0.383581 0.086218
v 0.285515 -0.383196 0.063172
v 0.288474 -0.328251 -0.139561
v 0.292300 -0.383581 -0.086218
v 0.343623 -0.330697 -0.146382
v 0.285515 -0.383196 -0.063171
v 0.398015 -0.321913 0.000001
v 0.305324 -0.385632 0.000001
v 0.301199 -0.384591 -0.096742
v 0.398682 -0.326485 -0.118193
v 0.398682 -0.326485 0.118193
v 0.301199 -0.384591 0.096742
v 0.398015 -0.321913 0.000001
v 0.305324 -0.385632 0.000001
v 0.285515 -0.383196 -0.063171
v 0.209632 -0.370631 -0.112328
v 0.288474 -0.328251 -0.139561
v 0.343623 -0.330697 -0.146382
v 0.398682 -0.326485 -0.118193
v 0.292300 -0.383581 -0.086218
v 0.398682 -0.326485 0.118193
v 0.343623 -0.330697 0.146383
v 0.301199 -0.384591 0.096742
v -1.277935 0.249156 -0.059505
v -1.218287 0.252546 -0.000000
v -1.248313 0.300823 -0.000000
v -1.291351 0.275293 -0.050040
v -1.334389 0.249763 -0.000000
v -1.333599 0.238743 -0.000000
v -1.277935 0.249156 -0.059505
v -1.291351 0.275293 -0.050040
v -1.334389 0.249763 -0.000000
v -1.291351 0.275293 0.050039
v -1.277935 0.249156 0.059505
v -1.333599 0.238743 -0.000000
v -1.297934 0.235900 -0.000000
v -1.311992 0.209423 -0.000000
v -1.271048 0.210495 -0.040959
v -1.271730 0.236586 -0.026213
v -1.297934 0.235900 -0.000000
v -1.271730 0.236586 0.026213
v -1.271048 0.210495 0.040959
v -1.311992 0.209423 -0.000000
v -1.345765 0.291806 -0.000000
v -1.334389 0.249763 -0.000000
v -1.291351 0.275293 -0.050040
v -1.312142 0.306619 -0.036741
v -1.345153 0.325707 -0.020163
v -1.360491 0.312620 -0.000000
v -1.345765 0.291806 -0.000000
v -1.312142 0.306619 0.036741
v -1.345153 0.325707 0.020164
v -1.291351 0.275293 0.050039
v -1.334389 0.249763 -0.000000
v -1.360491 0.312620 -0.000000
v -1.395408 0.331328 -0.000000
v -1.345153 0.325707 0.020164
v -1.345153 0.325707 -0.020163
v -1.395408 0.331328 -0.000000
v -1.360491 0.312620 -0.000000
v -1.329813 0.338793 -0.000000
v -1.395408 0.331328 -0.000000
v -1.345153 0.325707 -0.020163
v -1.277935 0.249156 -0.059505
v -1.333599 0.238743 -0.000000
v -1.297934 0.235900 -0.000000
v -1.271730 0.236586 -0.026213
v -1.297934 0.235900 -0.000000
v -1.333599 0.238743 -0.000000
v -1.277935 0.249156 0.059505
v -1.271730 0.236586 0.026213
v -1.329813 0.338793 -0.000000
v -1.312142 0.306619 0.036741
v -1.278520 0.321430 -0.000000
v -1.345153 0.325707 0.020164
v -1.395408 0.331328 -0.000000
v -1.329813 0.338793 -0.000000
v -1.312142 0.306619 -0.036741
v -1.278520 0.321430 -0.000000
v -1.329813 0.338793 -0.000000
v -1.345153 0.325707 -0.020163
v -1.291351 0.275293 -0.050040
v -1.248313 0.300823 -0.000000
v -1.278520 0.321430 -0.000000
v -1.312142 0.306619 -0.036741
v -1.312142 0.306619 0.036741
v -1.278520 0.321430 -0.000000
v -1.291351 0.275293 0.050039
v -1.248313 0.300823 -0.000000
v -1.218287 0.252546 -0.000000
v -1.277935 0.249156 -0.059505
v -1.271730 0.236586 -0.026213
v -1.245527 0.237273 -0.000000
v -1.218287 0.252546 -0.000000
v -1.245527 0.237273 -0.000000
v -1.271730 0.236586 0.026213
v -1.277935 0.249156 0.059505
v -1.248313 0.300823 -0.000000
v -1.277935 0.249156 0.059505
v -1.218287 0.252546 -0.000000
v -1.291351 0.275293 0.050039
v -1.230103 0.211567 -0.000000
v -1.245527 0.237273 -0.000000
v -1.271730 0.236586 -0.026213
v -1.271048 0.210495 -0.040959
v -1.271730 0.236586 0.026213
v -1.245527 0.237273 -0.000000
v -1.230103 0.211567 -0.000000
v -1.271048 0.210495 0.040959
v 1.113305 0.391781 -0.000000
v 1.150438 0.402179 -0.030772
v 1.134710 0.437566 -0.022594
v 1.107532 0.429631 -0.000000
v 1.157691 0.337990 -0.036532
v 1.113305 0.391781 -0.000000
v 1.112861 0.322787 -0.000000
v 1.150438 0.402179 0.030771
v 1.187572 0.412573 -0.000000
v 1.157691 0.337990 0.036531
v 1.210287 0.339713 -0.000000
v 1.150438 0.402179 -0.030772
v 1.187572 0.412573 -0.000000
v 1.161887 0.445502 -0.000000
v 1.134710 0.437566 -0.022594
v 1.134710 0.437566 0.022594
v 1.161887 0.445502 -0.000000
v 1.150438 0.402179 0.030771
v 1.187572 0.412573 -0.000000
v 1.185282 0.321976 -0.000000
v 1.165772 0.251938 -0.027533
v 1.162304 0.320819 -0.018359
v 1.200131 0.252837 -0.000000
v 1.165772 0.251938 0.027533
v 1.162304 0.320819 0.018359
v 1.185282 0.321976 -0.000000
v 1.200131 0.252837 -0.000000
v 1.157691 0.337990 -0.036532
v 1.210287 0.339713 -0.000000
v 1.187572 0.412573 -0.000000
v 1.150438 0.402179 -0.030772
v 1.134710 0.437566 -0.022594
v 1.161887 0.445502 -0.000000
v 1.124445 0.463927 -0.000000
v 1.111409 0.455470 -0.012399
v 1.111409 0.455470 0.012399
v 1.073578 0.464818 -0.000000
v 1.124445 0.463927 -0.000000
v 1.124445 0.463927 -0.000000
v 1.134710 0.437566 0.022594
v 1.161887 0.445502 -0.000000
v 1.124445 0.463927 -0.000000
v 1.073578 0.464818 -0.000000
v 1.111409 0.455470 -0.012399
v 1.157691 0.337990 -0.036532
v 1.162304 0.320819 -0.018359
v 1.185282 0.321976 -0.000000
v 1.210287 0.339713 -0.000000
v 1.185282 0.321976 -0.000000
v 1.162304 0.320819 0.018359
v 1.157691 0.337990 0.036531
v 1.210287 0.339713 -0.000000
v 1.113305 0.391781 -0.000000
v 1.150438 0.402179 0.030771
v 1.157691 0.337990 0.036531
v 1.112861 0.322787 -0.000000
v 1.113305 0.391781 -0.000000
v 1.134710 0.437566 0.022594
v 1.107532 0.429631 -0.000000
v 1.157691 0.337990 -0.036532
v 1.112861 0.322787 -0.000000
v 1.139328 0.319661 -0.000000
v 1.162304 0.320819 -0.018359
v 1.139328 0.319661 -0.000000
v 1.112861 0.322787 -0.000000
v 1.157691 0.337990 0.036531
v 1.162304 0.320819 0.018359
v 1.165772 0.251938 -0.027533
v 1.162304 0.320819 -0.018359
v 1.139328 0.319661 -0.000000
v 1.131412 0.251038 -0.000000
v 1.139328 0.319661 -0.000000
v 1.162304 0.320819 0.018359
v 1.165772 0.251938 0.027533
v 1.131412 0.251038 -0.000000
v 1.111409 0.455470 -0.012399
v 1.073578 0.464818 -0.000000
v 1.098374 0.447014 -0.000000
v 1.098374 0.447014 -0.000000
v 1.073578 0.464818 -0.000000
v 1.111409 0.455470 0.012399
v 1.111409 0.455470 0.012399
v 1.107532 0.429631 -0.000000
v 1.134710 0.437566 0.022594
v 1.111409 0.455470 -0.012399
v 1.098374 0.447014 -0.000000
v 1.107532 0.429631 -0.000000
v 1.134710 0.437566 -0.022594
vn 0.9999 0.0005 -0.0158
vn 0.9999 0.0112 -0.0092
vn 0.9999 0.0112 0.0092
vn 0.9999 0.0005 0.0158
vn 1.0000 -0.0000 -0.0000
vn 1.0000 -0.0002 0.0003
vn -0.0000 0.8818 -0.4717
vn 0.0129 0.2930 -0.9560
vn -0.0129 0.2930 -0.9560
vn 0.0004 -0.0128 -0.9999
vn 0.0004 0.8821 0.4710
vn -0.0000 0.8818 0.4717
vn 0.0129 0.2930 0.9560
vn -0.0129 0.2930 0.9560
vn 0.0004 -0.0128 0.9999
vn -0.9999 0.0112 -0.0092
vn -0.9999 0.0112 0.0092
vn -1.0000 -0.0000 -0.0000
vn -0.9999 0.0005 -0.0158
vn -0.9999 0.0005 0.0158
vn 0.0142 -0.9999 0.0005
vn -0.0142 -0.9999 0.0005
vn -0.6314 -0.0300 -0.7749
vn -0.6026 -0.1565 -0.7825
vn -0.6320 -0.0287 -0.7744
vn -0.5925 -0.1911 -0.7826
vn -0.5386 -0.3549 -0.7641
vn -0.6317 -0.0262 -0.7748
vn -0.6317 -0.0251 -0.7748
vn -0.5519 -0.3228 -0.7689
vn -0.6176 0.1916 -0.7628
vn -0.6174 0.1920 -0.7629
vn -0.6176 0.1917 -0.7628
vn -0.6175 0.1920 -0.7628
vn -0.6174 0.1920 0.7629
vn -0.6176 0.1916 0.7628
vn -0.6175 0.1918 0.7628
vn -0.6317 -0.0262 0.7748
vn -0.5386 -0.3549 0.7641
vn -0.6317 -0.0251 0.7748
vn -0.5519 -0.3228 0.7689
vn -0.6314 -0.0300 0.7749
vn -0.6320 -0.0287 0.7744
vn -0.6026 -0.1565 0.7825
vn -0.5926 -0.1911 0.7825
vn -0.5142 -0.3568 -0.7799
vn -0.5903 -0.1978 -0.7826
vn -0.4717 -0.4167 -0.7771
vn -0.6019 -0.1631 -0.7817
vn -0.4658 -0.4240 0.7767
vn -0.5100 -0.3650 0.7789
vn -0.3795 -0.5285 0.7594
vn -0.4717 -0.4167 0.7771
vn -0.5903 -0.1977 0.7826
vn -0.5142 -0.3568 0.7799
vn -0.6020 -0.1631 0.7817
vn 0.2103 0.7362 -0.6432
vn 0.1433 0.7688 -0.6232
vn 0.0144 0.8189 -0.5737
vn -0.5100 -0.3650 -0.7789
vn -0.4658 -0.4241 -0.7767
vn -0.3795 -0.5285 -0.7594
vn 0.1433 0.7688 0.6232
vn 0.2104 0.7362 0.6432
vn 0.0144 0.8190 0.5737
vn 0.2158 0.7345 0.6434
vn 0.1472 0.7682 0.6230
vn 0.4046 0.5621 0.7213
vn 0.4447 0.5098 0.7365
vn 0.4046 0.5621 -0.7213
vn 0.2158 0.7345 -0.6434
vn 0.4447 0.5098 -0.7365
vn 0.1472 0.7682 -0.6230
vn -0.5274 -0.3721 -0.7638
vn -0.2264 -0.8199 -0.5259
vn -0.5408 -0.3414 -0.7688
vn -0.2311 -0.8186 -0.5258
vn -0.2263 -0.8199 0.5259
vn -0.5274 -0.3721 0.7638
vn -0.5409 -0.3413 0.7688
vn -0.2310 -0.8186 0.5259
vn 0.5248 0.3699 -0.7667
vn 0.4493 0.5039 -0.7377
vn 0.5260 0.3665 -0.7675
vn 0.4117 0.5561 -0.7220
vn 0.4117 0.5560 0.7221
vn 0.5248 0.3699 0.7667
vn 0.4493 0.5039 0.7377
vn 0.5260 0.3665 0.7675
vn 0.5797 -0.0093 -0.8148
vn 0.5266 0.3651 -0.7677
vn 0.5809 -0.0541 -0.8122
vn 0.5261 0.3678 -0.7668
vn 0.5266 0.3651 0.7677
vn 0.5261 0.3678 0.7668
vn 0.5797 -0.0093 0.8148
vn 0.5808 -0.0541 0.8122
vn 0.5928 0.2846 -0.7534
vn 0.5927 0.2847 -0.7534
vn 0.5961 -0.2138 -0.7739
vn 0.5907 -0.2200 -0.7763
vn 0.5922 0.2854 0.7536
vn 0.5961 -0.2138 0.7739
vn 0.5904 -0.2200 0.7765
vn 0.5928 0.2846 0.7534
vn 0.5778 -0.0346 -0.8155
vn 0.5909 -0.2371 -0.7712
vn 0.5896 -0.2420 -0.7706
vn 0.5789 -0.0804 -0.8115
vn 0.5908 -0.2370 0.7712
vn 0.5778 -0.0346 0.8155
vn 0.5897 -0.2421 0.7705
vn 0.5789 -0.0805 0.8114
vn 0.9293 -0.3692 -0.0043
vn 0.9178 -0.3712 -0.1410
vn 0.9293 -0.3692 -0.0042
vn 0.9176 -0.3712 -0.1424
vn -0.4045 -0.6733 -0.6189
vn -0.5601 -0.0717 -0.8253
vn -0.4044 -0.6815 -0.6099
vn -0.5526 -0.0847 -0.8291
vn -0.4114 -0.6879 -0.5980
vn -0.2859 -0.9427 -0.1718
vn -0.4148 -0.6800 -0.6047
vn -0.2873 -0.9432 -0.1669
vn -0.9217 0.3631 0.1363
vn -0.9460 0.3241 0.0010
vn -0.9143 0.3824 0.1333
vn -0.9461 0.3238 0.0085
vn -0.9459 0.3240 -0.0192
vn -0.9210 0.3629 -0.1413
vn -0.9161 0.3792 -0.1305
vn -0.9457 0.3239 -0.0271
vn -0.9273 0.1059 0.3591
vn -0.9163 0.3821 -0.1201
vn -0.9396 0.1525 0.3063
vn -0.9162 0.3667 -0.1615
vn -0.9146 0.3849 0.1238
vn -0.9471 0.1985 -0.2524
vn -0.9141 0.3684 0.1697
vn -0.9322 0.1339 -0.3364
vn -0.7020 -0.0891 -0.7066
vn -0.7408 0.0501 -0.6698
vn -0.7012 -0.0968 -0.7063
vn -0.7031 -0.0816 -0.7064
vn -0.9263 0.1773 -0.3325
vn -0.9105 0.1430 -0.3881
vn -0.7032 -0.0818 -0.7063
vn -0.5523 -0.1007 -0.8276
vn -0.5461 -0.1099 -0.8305
vn -0.6463 0.1939 -0.7381
vn -0.6950 -0.0925 0.7131
vn -0.6940 -0.1023 0.7127
vn -0.7466 0.1004 0.6577
vn -0.5573 -0.1004 0.8242
vn -0.6526 0.2450 0.7170
vn -0.5541 -0.1044 0.8259
vn -0.6964 -0.0820 0.7129
vn -0.9206 0.1362 0.3661
vn -0.6983 -0.0814 0.7112
vn -0.9053 0.1143 0.4091
vn -0.3967 -0.6776 0.6193
vn -0.5655 -0.0678 0.8220
vn -0.5610 -0.0750 0.8244
vn -0.3973 -0.6824 0.6136
vn -0.4062 -0.6843 0.6055
vn -0.2884 -0.9401 0.1816
vn -0.4044 -0.6886 0.6018
vn -0.2897 -0.9405 0.1777
vn -0.2897 -0.9435 0.1606
vn -0.2960 -0.9552 0.0025
vn -0.2902 -0.9434 0.1603
vn -0.2962 -0.9551 0.0032
vn -0.2960 -0.9551 -0.0123
vn -0.2873 -0.9454 -0.1539
vn -0.2878 -0.9452 -0.1540
vn -0.2962 -0.9550 -0.0129
vn 0.4493 0.3657 0.8151
vn 0.2477 0.6632 0.7063
vn 0.4457 0.3762 0.8123
vn 0.4481 0.3567 -0.8197
vn 0.4428 0.3721 -0.8157
vn 0.2822 0.6261 -0.7269
vn 0.3452 0.9383 -0.0196
vn 0.3001 0.9433 -0.1420
vn 0.3452 0.9381 -0.0271
vn 0.2847 0.9496 -0.1315
vn 0.2811 0.9502 0.1345
vn 0.3452 0.9385 0.0011
vn 0.3003 0.9439 0.1371
vn 0.3455 0.9384 0.0083
vn 0.5075 0.4705 0.7219
vn 0.5023 0.4750 0.7226
vn 0.3857 0.6409 0.6637
vn 0.2793 0.9521 0.1248
vn 0.4419 0.8584 -0.2606
vn 0.4799 0.8088 -0.3399
vn 0.2916 0.9413 0.1702
vn 0.4592 0.7974 -0.3915
vn 0.4454 0.8281 -0.3404
vn 0.5013 0.4863 -0.7157
vn 0.4971 0.4876 -0.7178
vn 0.4204 0.6043 -0.6768
vn 0.2825 0.9516 -0.1208
vn 0.4733 0.8222 0.3162
vn 0.2944 0.9419 -0.1620
vn 0.4986 0.7869 0.3635
vn 0.4736 0.7966 0.3756
vn 0.4782 0.7750 0.4131
vn 0.4948 0.4832 0.7223
vn 0.4936 0.4875 0.7202
vn 0.7872 -0.1129 0.6063
vn 0.9131 -0.3673 0.1773
vn 0.9144 -0.3665 0.1719
vn 0.7967 -0.1266 0.5910
vn 0.4268 0.4019 0.8101
vn 0.4323 0.3884 0.8138
vn 0.9135 -0.3709 -0.1674
vn 0.7889 -0.1041 -0.6057
vn 0.9150 -0.3699 -0.1613
vn 0.8007 -0.1209 -0.5868
vn 0.4263 0.3954 -0.8136
vn 0.4340 0.3764 -0.8185
vn 0.9167 -0.3678 0.1561
vn 0.9293 -0.3692 0.0025
vn 0.9166 -0.3683 0.1556
vn 0.9294 -0.3690 0.0029
vn -0.5735 -0.2439 -0.7821
vn -0.5713 -0.1860 -0.7994
vn -0.5599 0.1965 -0.8049
vn -0.5601 0.1754 -0.8097
vn -0.5600 0.1762 -0.8096
vn -0.5391 0.4382 -0.7193
vn -0.5599 0.1972 -0.8048
vn 0.6717 0.3624 -0.6462
vn 0.7065 0.5125 -0.4881
vn 0.6773 0.3485 -0.6479
vn 0.7072 0.4975 -0.5024
vn 0.6940 0.6740 -0.2532
vn 0.6959 0.6812 -0.2271
vn 0.7065 0.5126 0.4879
vn 0.6941 0.6739 0.2531
vn 0.6959 0.6812 0.2271
vn 0.7072 0.4974 0.5024
vn 0.6773 0.3485 0.6479
vn 0.6717 0.3623 0.6462
vn 0.7068 0.7074 0.0004
vn 0.6960 0.6813 0.2268
vn 0.6941 0.6742 0.2524
vn 0.6940 0.6743 -0.2524
vn 0.6960 0.6813 -0.2268
vn 0.7068 0.7074 -0.0004
vn 0.7012 -0.7130 -0.0004
vn 0.6643 -0.6088 -0.4337
vn 0.6762 -0.6372 -0.3698
vn 0.6643 -0.6087 0.4338
vn 0.7012 -0.7130 0.0004
vn 0.6762 -0.6371 0.3698
vn 0.6645 0.3927 -0.6357
vn 0.7024 0.5254 -0.4802
vn 0.6716 0.3741 -0.6395
vn 0.7030 0.5159 -0.4895
vn 0.6852 0.6899 -0.2335
vn 0.6864 0.6955 -0.2123
vn 0.7024 0.5255 0.4802
vn 0.6852 0.6899 0.2335
vn 0.6865 0.6955 0.2123
vn 0.7030 0.5158 0.4895
vn 0.6717 0.3741 0.6395
vn 0.6645 0.3928 0.6357
vn 0.7197 -0.6943 -0.0004
vn 0.6978 -0.5999 -0.3914
vn 0.7196 -0.6943 -0.0004
vn 0.7043 -0.6205 -0.3449
vn 0.6978 -0.5999 0.3914
vn 0.7197 -0.6943 0.0004
vn 0.7043 -0.6205 0.3448
vn 0.6946 0.7194 0.0004
vn 0.6865 0.6956 0.2118
vn 0.6852 0.6901 0.2328
vn 0.6852 0.6902 -0.2328
vn 0.6865 0.6956 -0.2118
vn 0.6946 0.7194 -0.0004
vn 0.6947 0.7193 -0.0004
vn 0.6426 0.4279 -0.6356
vn 0.6717 0.3624 0.6462
vn 0.6426 0.4279 0.6355
vn 0.6557 -0.3305 -0.6789
vn 0.6457 0.1507 -0.7486
vn 0.6491 0.0982 -0.7543
vn 0.6559 -0.3424 -0.6727
vn 0.6977 -0.5995 -0.3922
vn 0.7043 -0.6202 -0.3456
vn 0.6456 0.1507 0.7487
vn 0.6557 -0.3305 0.6789
vn 0.6491 0.0982 0.7543
vn 0.6559 -0.3424 0.6727
vn 0.6977 -0.5995 0.3922
vn 0.7041 -0.6203 0.3456
vn 0.7057 0.7085 0.0004
vn 0.7081 0.6497 0.2767
vn 0.7041 0.6109 0.3620
vn 0.7041 0.6109 -0.3620
vn 0.7081 0.6497 -0.2767
vn 0.7057 0.7085 -0.0004
vn 0.6011 -0.3316 -0.7271
vn 0.5767 0.1380 -0.8052
vn 0.5799 0.1002 -0.8085
vn 0.6031 -0.3593 -0.7122
vn 0.6642 -0.6084 -0.4343
vn 0.6760 -0.6369 -0.3706
vn 0.5767 0.1380 0.8052
vn 0.6011 -0.3316 0.7271
vn 0.5799 0.1002 0.8085
vn 0.6030 -0.3593 0.7122
vn 0.6642 -0.6084 0.4344
vn 0.6760 -0.6369 0.3706
vn 0.7120 -0.7022 -0.0004
vn 0.6833 -0.5514 -0.4785
vn 0.6972 -0.5914 -0.4051
vn 0.6834 -0.5514 0.4785
vn 0.7120 -0.7022 0.0004
vn 0.6973 -0.5914 0.4050
vn 0.6642 0.1883 -0.7234
vn 0.6858 0.3746 -0.6240
vn 0.7045 0.6103 -0.3623
vn 0.7080 0.6494 -0.2774
vn 0.7081 0.6494 0.2774
vn 0.6858 0.3746 0.6240
vn 0.7041 0.6105 0.3625
vn 0.6643 0.1882 0.7234
vn 0.6643 0.3933 -0.6356
vn 0.6715 0.3743 -0.6395
vn 0.6257 0.4827 -0.6127
vn 0.6643 0.3934 0.6356
vn 0.6257 0.4827 0.6127
vn 0.6715 0.3744 0.6394
vn 0.6457 0.1514 -0.7485
vn 0.5695 0.5073 -0.6468
vn 0.6491 0.0987 -0.7543
vn 0.6456 0.1515 0.7485
vn 0.6491 0.0986 0.7543
vn 0.5695 0.5073 0.6468
vn 0.7151 -0.6991 -0.0004
vn 0.6846 -0.6030 -0.4095
vn 0.6941 -0.6281 -0.3517
vn 0.6846 -0.6030 0.4095
vn 0.7151 -0.6990 0.0004
vn 0.7151 -0.6991 0.0004
vn 0.6941 -0.6281 0.3517
vn 0.6997 0.7145 0.0004
vn 0.6875 0.6910 0.2233
vn 0.6849 0.6842 0.2504
vn 0.6849 0.6842 -0.2504
vn 0.6875 0.6910 -0.2233
vn 0.6996 0.7145 -0.0004
vn 0.6997 0.7145 -0.0004
vn 0.6234 0.2076 -0.7539
vn 0.6640 0.1876 -0.7238
vn 0.6207 0.2284 -0.7501
vn 0.6858 0.3740 -0.6244
vn 0.6233 0.2077 0.7539
vn 0.6640 0.1876 0.7238
vn 0.6858 0.3739 0.6244
vn 0.6207 0.2284 0.7501
vn 0.6941 0.5128 -0.5052
vn 0.6849 0.6840 -0.2512
vn 0.6940 0.4789 -0.5375
vn 0.6874 0.6910 -0.2238
vn 0.6942 0.5127 0.5052
vn 0.6849 0.6839 0.2512
vn 0.6874 0.6909 0.2238
vn 0.6938 0.4791 0.5377
vn 0.6938 0.4785 -0.5382
vn 0.6541 0.2894 -0.6989
vn 0.6941 0.5123 -0.5057
vn 0.6547 0.2877 -0.6990
vn 0.6938 0.4785 0.5382
vn 0.6541 0.2894 0.6989
vn 0.6547 0.2878 0.6990
vn 0.6942 0.5123 0.5057
vn 0.6833 -0.5510 -0.4792
vn 0.5855 -0.2142 -0.7818
vn 0.5803 -0.1562 -0.7993
vn 0.6971 -0.5911 -0.4058
vn 0.5855 -0.2142 0.7819
vn 0.6833 -0.5510 0.4791
vn 0.5803 -0.1562 0.7993
vn 0.6970 -0.5912 0.4058
vn 0.5766 0.1387 -0.8052
vn 0.4988 0.5002 -0.7078
vn 0.5799 0.1008 -0.8085
vn 0.5767 0.1387 0.8051
vn 0.5798 0.1007 0.8085
vn 0.4989 0.5002 0.7078
vn 0.6349 -0.3126 -0.7065
vn 0.6139 0.1783 -0.7690
vn 0.6159 0.1491 -0.7736
vn 0.6363 -0.3384 -0.6933
vn 0.6567 0.3446 -0.6708
vn 0.6967 0.5139 -0.5005
vn 0.6593 0.3372 -0.6720
vn 0.6968 0.4924 -0.5216
vn 0.6909 0.6760 -0.2563
vn 0.6930 0.6831 -0.2305
vn 0.6139 0.1783 0.7690
vn 0.6349 -0.3126 0.7065
vn 0.6159 0.1491 0.7736
vn 0.6363 -0.3384 0.6933
vn 0.6967 0.5140 0.5005
vn 0.6909 0.6760 0.2563
vn 0.6930 0.6831 0.2305
vn 0.6968 0.4924 0.5216
vn 0.6593 0.3372 0.6721
vn 0.6567 0.3446 0.6708
vn 0.6909 0.6763 -0.2556
vn 0.6930 0.6832 -0.2301
vn 0.7049 0.7093 -0.0004
vn 0.6364 -0.3391 -0.6928
vn 0.6845 -0.6026 -0.4102
vn 0.6940 -0.6279 -0.3524
vn 0.6351 -0.3132 -0.7061
vn 0.5802 -0.1558 -0.7995
vn 0.5489 0.2255 -0.8049
vn 0.5502 0.2045 -0.8096
vn 0.5854 -0.2135 -0.7821
vn 0.6364 -0.3391 0.6928
vn 0.6845 -0.6027 0.4102
vn 0.6350 -0.3132 0.7061
vn 0.6940 -0.6279 0.3524
vn 0.5488 0.2255 0.8050
vn 0.5802 -0.1558 0.7994
vn 0.5502 0.2046 0.8096
vn 0.5854 -0.2136 0.7821
vn 0.6547 0.2878 -0.6990
vn 0.6412 0.3252 -0.6950
vn 0.6412 0.3253 0.6950
vn 0.6547 0.2877 0.6990
vn 0.7104 -0.7038 -0.0004
vn 0.6798 -0.6002 -0.4214
vn 0.7103 -0.7039 -0.0004
vn 0.6889 -0.6253 -0.3666
vn 0.6798 -0.6002 0.4214
vn 0.7104 -0.7038 0.0004
vn 0.6889 -0.6253 0.3666
vn 0.6233 0.2084 -0.7537
vn 0.6205 0.2292 -0.7499
vn 0.5803 0.4187 -0.6985
vn 0.6233 0.2084 0.7537
vn 0.5803 0.4187 0.6985
vn 0.6206 0.2292 0.7499
vn 0.9850 -0.1081 -0.1342
vn 0.8190 0.1231 -0.5605
vn 0.9853 -0.1080 -0.1327
vn 0.8186 0.1234 -0.5609
vn 0.3466 0.5160 -0.7833
vn 0.3611 0.5002 -0.7870
vn 0.9856 -0.1083 0.1299
vn 0.9949 -0.1011 -0.0042
vn 0.9858 -0.1082 0.1283
vn 0.9949 -0.1011 -0.0041
vn 0.9949 -0.1011 -0.0043
vn 0.9853 -0.1080 -0.1326
vn 0.8189 0.1231 0.5606
vn 0.9858 -0.1082 0.1282
vn 0.8186 0.1234 0.5609
vn 0.3331 0.5276 0.7814
vn 0.3413 0.5191 0.7836
vn 0.3606 0.5006 -0.7870
vn 0.3462 0.5165 -0.7832
vn 0.1351 0.7049 -0.6963
vn 0.3408 0.5195 0.7836
vn 0.0921 0.7299 0.6774
vn 0.3326 0.5281 0.7813
vn 0.0158 0.9934 -0.1134
vn 0.2513 0.9045 0.3446
vn 0.0305 0.9927 -0.1169
vn 0.2688 0.8884 0.3721
vn 0.2508 0.9047 0.3444
vn 0.3557 0.6443 0.6770
vn 0.3661 0.6354 0.6799
vn 0.0162 0.9944 0.1048
vn 0.2513 0.9045 -0.3446
vn 0.2688 0.8884 -0.3721
vn 0.0309 0.9939 0.1061
vn 0.3756 0.6290 -0.6807
vn 0.2508 0.9047 -0.3444
vn 0.3786 0.6263 -0.6815
vn 0.3781 0.6267 -0.6814
vn 0.2198 0.7514 -0.6222
vn 0.3752 0.6295 -0.6804
vn 0.3656 0.6358 0.6798
vn 0.3553 0.6447 0.6768
vn 0.1793 0.7723 0.6094
vn 0.0766 0.9970 -0.0082
vn 0.0309 0.9939 0.1057
vn 0.0767 0.9970 -0.0075
vn 0.0766 0.9970 -0.0090
vn 0.0306 0.9927 -0.1165
vn 0.0767 0.9970 -0.0083
vn 0.0159 0.9934 -0.1134
vn -0.0169 -0.9911 0.1324
vn -0.0236 -0.9997 -0.0043
vn -0.0168 -0.9909 0.1335
vn -0.0236 -0.9997 -0.0044
vn -0.0170 -0.9904 -0.1370
vn -0.0169 -0.9903 -0.1380
vn -0.2224 -0.7894 0.5721
vn -0.5538 -0.2489 0.7946
vn -0.5500 -0.2540 0.7957
vn -0.2190 -0.7944 0.5666
vn -0.0168 -0.9909 0.1336
vn -0.2188 -0.7945 0.5665
vn -0.0169 -0.9910 0.1325
vn -0.5440 -0.2642 -0.7964
vn -0.2224 -0.7894 -0.5722
vn -0.5338 -0.2769 -0.7990
vn -0.2189 -0.7944 -0.5666
vn -0.2188 -0.7945 -0.5665
vn -0.2224 -0.7894 -0.5721
vn -0.5445 -0.2637 -0.7962
vn -0.5342 -0.2763 -0.7989
vn -0.7053 -0.0206 -0.7086
vn -0.5543 -0.2482 0.7944
vn -0.7242 0.0263 0.6891
vn -0.5503 -0.2534 0.7956
vn -0.6805 -0.2960 -0.6703
vn -0.7776 -0.1279 -0.6157
vn -0.6765 -0.3019 -0.6718
vn -0.9331 -0.1319 -0.3347
vn -0.6801 -0.2966 -0.6704
vn -0.6761 -0.3025 -0.6718
vn -0.9167 -0.1563 -0.3678
vn -0.6929 -0.2741 0.6669
vn -0.6836 -0.2883 0.6705
vn -0.7927 -0.0845 0.6037
vn -0.6925 -0.2747 0.6670
vn -0.9331 -0.1319 0.3347
vn -0.6833 -0.2890 0.6705
vn -0.9167 -0.1563 0.3677
vn -0.9881 0.1129 0.1042
vn -0.9329 -0.1324 -0.3350
vn -0.9896 0.0979 0.1055
vn -0.9872 0.1132 -0.1127
vn -0.9329 -0.1324 0.3350
vn -0.9883 0.0982 -0.1163
vn -0.9986 0.0522 -0.0087
vn -0.9884 0.0982 -0.1159
vn -0.9871 0.1132 -0.1128
vn -0.9986 0.0521 -0.0082
vn -0.9896 0.0979 0.1051
vn -0.9986 0.0522 -0.0081
vn -0.9986 0.0521 -0.0074
vn 0.5488 0.2263 -0.8048
vn 0.5154 0.4658 -0.7193
vn 0.5500 0.2052 -0.8095
vn 0.5489 0.2263 0.8047
vn 0.5500 0.2052 0.8096
vn 0.5154 0.4658 0.7193
vn 0.6272 -0.3241 -0.7082
vn 0.6156 0.1623 -0.7711
vn 0.6184 0.1189 -0.7768
vn 0.6279 -0.3441 -0.6981
vn 0.6156 0.1624 0.7711
vn 0.6272 -0.3241 0.7083
vn 0.6185 0.1189 0.7767
vn 0.6279 -0.3441 0.6980
vn 0.6280 -0.3448 -0.6977
vn 0.6797 -0.5998 -0.4222
vn 0.6888 -0.6249 -0.3674
vn 0.6272 -0.3244 -0.7081
vn 0.6280 -0.3447 0.6977
vn 0.6797 -0.5998 0.4221
vn 0.6272 -0.3244 0.7081
vn 0.6888 -0.6249 0.3674
vn 0.6567 0.3447 -0.6708
vn 0.6593 0.3372 -0.6721
vn 0.6321 0.4099 -0.6575
vn 0.6567 0.3447 0.6708
vn 0.6321 0.4099 0.6576
vn 0.6138 0.1790 -0.7689
vn 0.5417 0.5315 -0.6512
vn 0.6159 0.1498 -0.7734
vn 0.6139 0.1790 0.7689
vn 0.6159 0.1498 0.7734
vn 0.5417 0.5315 0.6512
vn 0.6155 0.1631 -0.7710
vn 0.5354 0.5375 -0.6515
vn 0.6184 0.1193 -0.7767
vn 0.6156 0.1631 0.7710
vn 0.6184 0.1193 0.7767
vn 0.5354 0.5375 0.6515
vn -0.6238 0.0877 -0.7767
vn -0.5620 0.5096 -0.6515
vn -0.6231 0.1316 -0.7710
vn -0.6237 0.0877 0.7767
vn -0.6231 0.1316 0.7710
vn -0.5620 0.5096 0.6515
vn -0.6229 0.1174 -0.7735
vn -0.5687 0.5025 -0.6512
vn -0.6224 0.1466 -0.7688
vn -0.6229 0.1174 0.7734
vn -0.6224 0.1466 0.7689
vn -0.5687 0.5025 0.6512
vn -0.6097 -0.3759 -0.6979
vn -0.6099 -0.3558 -0.7081
vn -0.6231 0.1309 -0.7711
vn -0.6484 -0.6336 -0.4221
vn -0.6561 -0.6592 -0.3674
vn -0.6238 0.0873 -0.7767
vn -0.6561 -0.6592 0.3673
vn -0.6097 -0.3759 0.6979
vn -0.6484 -0.6336 0.4221
vn -0.6099 -0.3558 0.7081
vn -0.6231 0.1309 0.7711
vn -0.6237 0.0873 0.7767
vn -0.5599 0.1965 0.8049
vn -0.5713 -0.1860 0.7994
vn -0.5735 -0.2438 0.7821
vn -0.5601 0.1754 0.8097
vn -0.5600 0.1762 0.8095
vn -0.5599 0.1972 0.8048
vn -0.5390 0.4382 0.7193
vn -0.6177 -0.3720 -0.6929
vn -0.6521 -0.6376 -0.4102
vn -0.6177 -0.3460 -0.7062
vn -0.6601 -0.6634 -0.3524
vn -0.6177 -0.3713 -0.6932
vn -0.6177 -0.3454 -0.7065
vn -0.6224 0.1459 -0.7690
vn -0.6229 0.1167 -0.7736
vn -0.6602 -0.6633 0.3524
vn -0.6178 -0.3720 0.6928
vn -0.6521 -0.6376 0.4102
vn -0.6177 -0.3460 0.7062
vn -0.6224 0.1459 0.7690
vn -0.6177 -0.3454 0.7065
vn -0.6177 -0.3713 0.6932
vn -0.6228 0.1167 0.7736
vn -0.5713 -0.1864 -0.7993
vn -0.5735 -0.2446 -0.7818
vn -0.6535 -0.5860 -0.4792
vn -0.6652 -0.6268 -0.4058
vn -0.5735 -0.2446 0.7818
vn -0.6535 -0.5860 0.4791
vn -0.6653 -0.6267 0.4057
vn -0.5713 -0.1864 0.7993
vn -0.6736 -0.7391 -0.0004
vn -0.6484 -0.6340 -0.4215
vn -0.6562 -0.6595 -0.3666
vn -0.6562 -0.6595 0.3666
vn -0.6484 -0.6340 0.4214
vn -0.6736 -0.7391 0.0004
vn -0.6013 0.0578 -0.7969
vn -0.5514 0.4595 -0.6963
vn -0.6009 0.1024 -0.7927
vn -0.6014 0.0579 0.7969
vn -0.6009 0.1024 0.7927
vn -0.5514 0.4595 0.6963
vn -0.6775 -0.7355 -0.0004
vn -0.6521 -0.6380 -0.4095
vn -0.6603 -0.6636 -0.3516
vn -0.6603 -0.6635 0.3517
vn -0.6521 -0.6380 0.4095
vn -0.6775 -0.7355 0.0004
vn -0.6547 0.0482 -0.7543
vn -0.6070 0.4618 -0.6468
vn -0.6554 0.1011 -0.7485
vn -0.7400 0.6726 -0.0004
vn -0.7269 0.6470 -0.2301
vn -0.7243 0.6403 -0.2556
vn -0.7401 0.6725 -0.0004
vn -0.6547 0.0483 0.7543
vn -0.6554 0.1011 0.7485
vn -0.6070 0.4618 0.6468
vn -0.7400 0.6726 0.0004
vn -0.7269 0.6470 0.2301
vn -0.7401 0.6725 0.0004
vn -0.7243 0.6404 0.2556
vn -0.7219 0.4779 -0.5004
vn -0.7209 0.4563 -0.5216
vn -0.7243 0.6400 -0.2563
vn -0.7269 0.6469 -0.2305
vn -0.6756 0.3032 -0.6721
vn -0.6734 0.3109 -0.6708
vn -0.6522 0.3773 -0.6576
vn -0.6317 0.1964 -0.7500
vn -0.6333 0.1755 -0.7538
vn -0.6014 0.3878 -0.6985
vn -0.7269 0.6469 0.2305
vn -0.7243 0.6401 0.2563
vn -0.7220 0.4779 0.5004
vn -0.7209 0.4563 0.5216
vn -0.6756 0.3032 0.6721
vn -0.6734 0.3108 0.6708
vn -0.6521 0.3773 0.6576
vn -0.6317 0.1964 0.7499
vn -0.6014 0.3878 0.6985
vn -0.6333 0.1755 0.7538
vn -0.6275 -0.3923 -0.6726
vn -0.6493 -0.6516 -0.3922
vn -0.6282 -0.3801 -0.6788
vn -0.6543 -0.6727 -0.3456
vn -0.6543 -0.6727 0.3456
vn -0.6275 -0.3923 0.6726
vn -0.6493 -0.6516 0.3922
vn -0.6283 -0.3801 0.6788
vn -0.5896 -0.3918 -0.7063
vn -0.6322 -0.6443 -0.4304
vn -0.5898 -0.3664 -0.7196
vn -0.6417 -0.6727 -0.3684
vn -0.5896 -0.3911 -0.7067
vn -0.5898 -0.3661 -0.7198
vn -0.6009 0.1017 -0.7928
vn -0.6014 0.0573 -0.7969
vn -0.6416 -0.6727 0.3684
vn -0.5896 -0.3918 0.7063
vn -0.6322 -0.6443 0.4304
vn -0.5898 -0.3664 0.7196
vn -0.7198 0.6471 -0.2512
vn -0.7200 0.4757 -0.5052
vn -0.7180 0.4421 -0.5377
vn -0.7227 0.6540 -0.2237
vn -0.6009 0.1017 0.7928
vn -0.5898 -0.3661 0.7198
vn -0.5896 -0.3911 0.7067
vn -0.6013 0.0573 0.7970
vn -0.7227 0.6540 0.2238
vn -0.7198 0.6472 0.2511
vn -0.7201 0.4757 0.5052
vn -0.7182 0.4419 0.5375
vn -0.7200 0.4752 -0.5058
vn -0.6683 0.2548 -0.6989
vn -0.7179 0.4415 -0.5383
vn -0.6688 0.2531 -0.6990
vn -0.6573 0.2912 -0.6950
vn -0.6683 0.2548 0.6988
vn -0.7180 0.4415 0.5382
vn -0.6688 0.2531 0.6990
vn -0.7200 0.4752 0.5057
vn -0.6573 0.2913 0.6950
vn -0.6683 0.2548 0.6989
vn -0.6743 -0.7385 -0.0004
vn -0.6536 -0.5864 -0.4785
vn -0.6654 -0.6271 -0.4050
vn -0.6654 -0.6271 0.4050
vn -0.6536 -0.5864 0.4785
vn -0.6743 -0.7385 0.0004
vn -0.7361 0.6769 0.0004
vn -0.7227 0.6541 0.2233
vn -0.7198 0.6474 0.2504
vn -0.7361 0.6769 -0.0004
vn -0.7227 0.6541 -0.2233
vn -0.7198 0.6475 -0.2504
vn -0.6275 -0.3917 -0.6729
vn -0.6283 -0.3798 -0.6789
vn -0.6554 0.1004 -0.7486
vn -0.6548 0.0478 -0.7543
vn -0.6554 0.1004 0.7486
vn -0.6283 -0.3798 0.6790
vn -0.6275 -0.3917 0.6729
vn -0.6547 0.0479 0.7544
vn -0.6729 0.1526 -0.7238
vn -0.6334 0.1747 -0.7538
vn -0.6317 0.1956 -0.7501
vn -0.7044 0.3376 -0.6244
vn -0.6334 0.1747 0.7538
vn -0.6729 0.1527 0.7238
vn -0.6318 0.1956 0.7500
vn -0.7044 0.3376 0.6244
vn -0.6639 -0.7478 -0.0004
vn -0.6494 -0.6519 -0.3915
vn -0.6544 -0.6730 -0.3448
vn -0.6544 -0.6730 0.3448
vn -0.6494 -0.6519 0.3915
vn -0.6639 -0.7478 0.0004
vn -0.7418 0.6706 -0.0004
vn -0.7411 0.6117 -0.2767
vn -0.7351 0.5733 -0.3619
vn -0.7418 0.6706 0.0004
vn -0.7411 0.6117 0.2767
vn -0.7351 0.5733 0.3619
vn -0.7044 0.3382 -0.6240
vn -0.6732 0.1533 -0.7234
vn -0.7351 0.5728 -0.3625
vn -0.7411 0.6114 -0.2774
vn -0.7411 0.6114 0.2774
vn -0.7355 0.5726 0.3622
vn -0.7045 0.3381 0.6239
vn -0.6732 0.1533 0.7234
vn -0.6984 0.3214 -0.6395
vn -0.6928 0.3407 -0.6356
vn -0.6611 0.4329 -0.6128
vn -0.6984 0.3214 0.6394
vn -0.6611 0.4329 0.6128
vn -0.6928 0.3408 0.6356
vn -0.6611 -0.7503 -0.0004
vn -0.6323 -0.6447 -0.4296
vn -0.6418 -0.6730 -0.3677
vn -0.6610 -0.7504 -0.0004
vn -0.6418 -0.6730 0.3676
vn -0.6323 -0.6447 0.4296
vn -0.6610 -0.7504 0.0004
vn -0.6885 0.3094 -0.6559
vn -0.6842 0.3227 -0.6540
vn -0.6593 0.3913 -0.6420
vn -0.6885 0.3094 0.6559
vn -0.6593 0.3913 0.6420
vn -0.6842 0.3227 0.6540
vn -0.7481 0.6636 0.0004
vn -0.7382 0.6405 0.2118
vn -0.7364 0.6353 0.2327
vn -0.7481 0.6636 -0.0004
vn -0.7382 0.6405 -0.2118
vn -0.7364 0.6353 -0.2327
vn -0.7408 0.4697 -0.4802
vn -0.7407 0.4601 -0.4896
vn -0.7364 0.6349 -0.2335
vn -0.7381 0.6405 -0.2122
vn -0.6985 0.3211 -0.6395
vn -0.6929 0.3402 -0.6357
vn -0.7381 0.6405 0.2122
vn -0.7364 0.6350 0.2335
vn -0.7408 0.4696 0.4802
vn -0.7407 0.4601 0.4896
vn -0.6985 0.3211 0.6395
vn -0.6929 0.3401 0.6357
vn -0.7470 0.6649 -0.0004
vn -0.7342 0.6395 -0.2280
vn -0.7316 0.6323 -0.2549
vn -0.7469 0.6649 0.0004
vn -0.7342 0.6395 0.2280
vn -0.7470 0.6649 0.0004
vn -0.7316 0.6324 0.2548
vn -0.7316 0.6320 -0.2556
vn -0.7313 0.4715 -0.4929
vn -0.7307 0.4537 -0.5102
vn -0.7342 0.6394 -0.2283
vn -0.6886 0.3093 -0.6559
vn -0.6842 0.3226 -0.6540
vn -0.7342 0.6394 0.2283
vn -0.7316 0.6320 0.2556
vn -0.7312 0.4715 0.4930
vn -0.7307 0.4537 0.5102
vn -0.6842 0.3226 0.6540
vn -0.5407 0.2026 -0.8164
vn -0.5428 0.1839 -0.8195
vn -0.4854 0.4790 -0.7314
vn -0.7188 -0.6804 0.1426
vn -0.7307 -0.6826 -0.0047
vn -0.7188 -0.6803 0.1430
vn -0.7307 -0.6826 -0.0045
vn -0.7308 -0.6826 -0.0046
vn -0.7183 -0.6798 -0.1479
vn -0.7184 -0.6798 -0.1473
vn -0.5368 0.2195 0.8146
vn -0.7020 -0.3878 0.5974
vn -0.7065 -0.4066 0.5793
vn -0.5383 0.2090 0.8164
vn -0.7188 -0.6803 0.1431
vn -0.5408 0.2019 -0.8165
vn -0.7021 -0.3878 -0.5972
vn -0.5429 0.1831 -0.8196
vn -0.7065 -0.4066 -0.5793
vn -0.7184 -0.6798 -0.1474
vn -0.6108 0.7838 0.1123
vn -0.7398 0.5731 -0.3524
vn -0.6221 0.7747 0.1136
vn -0.7419 0.5606 -0.3679
vn -0.6650 0.2641 -0.6986
vn -0.7395 0.5736 -0.3522
vn -0.6656 0.2617 -0.6989
vn -0.6650 0.2648 -0.6984
vn -0.6200 0.4447 -0.6464
vn -0.6654 0.2625 -0.6989
vn -0.7419 0.5606 0.3678
vn -0.6097 0.7833 -0.1215
vn -0.7398 0.5731 0.3525
vn -0.7396 0.5736 0.3522
vn -0.6587 0.2872 0.6954
vn -0.6609 0.2768 0.6976
vn -0.6586 0.2879 0.6953
vn -0.6607 0.2776 0.6975
vn -0.6010 0.4857 0.6347
vn -0.6209 0.7738 -0.1252
vn -0.6221 0.7747 0.1132
vn -0.6614 0.7499 -0.0087
vn -0.6615 0.7499 -0.0078
vn -0.6614 0.7500 -0.0094
vn -0.6210 0.7738 -0.1248
vn -0.6098 0.7832 -0.1216
vn -0.6615 0.7499 -0.0086
vn -0.5368 0.2203 0.8145
vn -0.4668 0.5239 0.7125
vn -0.5381 0.2097 0.8164
vn 0.6115 -0.7789 0.1391
vn 0.6239 -0.7815 -0.0045
vn 0.6117 -0.7789 0.1382
vn 0.6239 -0.7815 -0.0044
vn 0.6239 -0.7815 -0.0046
vn 0.6114 -0.7783 -0.1428
vn 0.6112 -0.7783 -0.1438
vn 0.6450 -0.4908 0.5858
vn 0.6457 -0.5041 0.5736
vn 0.5817 0.1339 0.8023
vn 0.6457 -0.5039 0.5737
vn 0.5811 0.1179 0.8052
vn 0.6112 -0.7783 -0.1439
vn 0.6450 -0.4908 -0.5858
vn 0.6456 -0.5041 -0.5737
vn 0.6457 -0.5039 -0.5737
vn 0.5827 0.1161 -0.8044
vn 0.6450 -0.4907 -0.5858
vn 0.5813 0.0922 -0.8084
vn 0.5811 0.1186 0.8051
vn 0.5631 0.4372 0.7013
vn 0.5818 0.1346 0.8021
vn 0.5813 0.0929 -0.8084
vn 0.5828 0.1168 -0.8042
vn 0.5739 0.3907 -0.7197
vn 0.8141 0.4539 -0.3622
vn 0.7215 0.6831 0.1129
vn 0.7310 0.6727 0.1143
vn 0.8140 0.4461 -0.3720
vn 0.7204 0.6827 -0.1221
vn 0.8141 0.4540 0.3622
vn 0.7299 0.6719 -0.1260
vn 0.8140 0.4461 0.3720
vn 0.6846 0.1846 0.7052
vn 0.6850 0.1774 0.7066
vn 0.8139 0.4545 0.3620
vn 0.8140 0.4460 0.3720
vn 0.8140 0.4460 -0.3720
vn 0.8139 0.4545 -0.3619
vn 0.6871 0.1610 -0.7085
vn 0.6871 0.1616 -0.7083
vn 0.6849 0.1782 0.7065
vn 0.6846 0.1854 0.7050
vn 0.6598 0.3929 0.6405
vn 0.6871 0.1623 -0.7082
vn 0.6719 0.3497 -0.6529
vn 0.6871 0.1617 -0.7084
vn 0.7658 0.6430 -0.0095
vn 0.7299 0.6719 -0.1256
vn 0.7659 0.6429 -0.0087
vn 0.7205 0.6826 -0.1223
vn 0.7216 0.6831 0.1129
vn 0.7658 0.6430 -0.0087
vn 0.7311 0.6727 0.1139
vn 0.7659 0.6429 -0.0079
vn -0.6408 -0.1220 -0.7579
vn -0.7635 0.3693 -0.5297
vn -0.7737 0.3919 -0.4978
vn -0.6452 -0.0893 -0.7587
vn -0.8074 0.5798 -0.1092
vn -0.8022 0.5817 -0.1344
vn -0.8148 0.5793 0.0233
vn -0.8007 0.5784 -0.1562
vn -0.7997 0.5782 -0.1616
vn -0.8156 0.5783 0.0210
vn -0.7995 0.5815 0.1507
vn -0.8002 0.5812 0.1482
vn -0.8149 0.5795 -0.0150
vn -0.8157 0.5783 -0.0123
vn -0.6316 -0.1459 0.7614
vn -0.7671 0.3541 0.5349
vn -0.6359 -0.1238 0.7618
vn -0.7787 0.3845 0.4958
vn -0.8063 0.5814 0.1088
vn -0.8011 0.5838 0.1319
vn -0.6368 -0.1477 -0.7567
vn -0.7635 0.3693 -0.5298
vn -0.6413 -0.1226 -0.7574
vn -0.8074 0.5798 -0.1091
vn -0.8007 0.5784 -0.1560
vn -0.7998 0.5782 -0.1615
vn -0.7995 0.5815 0.1508
vn -0.8148 0.5795 -0.0150
vn -0.8157 0.5783 -0.0122
vn -0.6360 -0.1176 0.7627
vn -0.6396 -0.0905 0.7633
vn -0.7786 0.3845 0.4958
vn -0.8011 0.5839 0.1319
vn -0.6240 -0.1879 0.7584
vn -0.6276 -0.1813 0.7571
vn -0.7786 0.3846 0.4958
vn -0.8063 0.5814 0.1087
vn -0.6301 -0.1855 -0.7540
vn -0.6329 -0.1793 -0.7532
vn -0.7767 -0.6291 0.0316
vn -0.7377 -0.6625 -0.1300
vn -0.7759 -0.6291 0.0470
vn -0.7187 -0.6755 -0.1645
vn -0.7769 -0.6295 -0.0127
vn -0.7392 -0.6618 0.1248
vn -0.7240 -0.6728 0.1523
vn -0.7766 -0.6290 -0.0354
vn -0.7535 -0.6315 0.1826
vn -0.7486 -0.6517 0.1221
vn -0.7206 -0.6712 -0.1737
vn -0.7001 -0.7092 -0.0828
vn -0.7707 -0.6353 0.0504
vn -0.7231 -0.4235 0.5457
vn -0.7543 -0.6541 -0.0562
vn -0.7723 -0.6100 -0.1772
vn -0.7264 -0.6672 0.1650
vn -0.7510 -0.6555 0.0793
vn -0.7797 -0.5786 -0.2393
vn -0.7260 -0.3712 -0.5788
vn -0.7270 -0.3746 -0.5754
vn -0.8001 -0.5902 -0.1070
vn -0.6212 -0.1903 0.7602
vn -0.6265 -0.1608 0.7627
vn -0.5778 -0.4446 0.6845
vn -0.6236 -0.1981 -0.7563
vn -0.5558 -0.4997 -0.6643
vn -0.6292 -0.1683 -0.7588
vn -0.8148 0.5793 0.0232
vn -0.8007 0.5784 -0.1561
vn -0.6288 -0.1571 0.7616
vn -0.6337 -0.1225 0.7638
vn -0.6024 -0.3720 0.7062
vn -0.7204 -0.4333 0.5415
vn -0.6826 -0.4494 0.5763
vn -0.7221 -0.4331 0.5394
vn -0.6311 -0.1491 0.7612
vn -0.6355 -0.1278 0.7615
vn -0.6363 -0.1505 -0.7566
vn -0.7738 0.3919 -0.4977
vn -0.6408 -0.1265 -0.7572
vn -0.6306 -0.1684 -0.7576
vn -0.5819 -0.4332 -0.6883
vn -0.6370 -0.1309 -0.7597
vn -0.7190 -0.3864 -0.5777
vn -0.7198 -0.3828 -0.5791
vn -0.6605 -0.4952 -0.5644
vn -0.7767 -0.6291 0.0315
vn -0.7759 -0.6291 0.0471
vn -0.7188 -0.6755 -0.1644
vn -0.7769 -0.6295 -0.0126
vn -0.7535 -0.6315 0.1827
vn -0.7206 -0.6712 -0.1738
vn -0.7002 -0.7091 -0.0829
vn -0.7706 -0.6353 0.0504
vn -0.7113 -0.4488 0.5410
vn -0.7068 -0.4601 0.5373
vn -0.6560 -0.5038 0.5620
vn -0.7118 -0.4562 0.5340
vn -0.7723 -0.6100 -0.1773
vn -0.7264 -0.6672 0.1651
vn -0.7797 -0.5786 -0.2392
vn -0.7178 -0.3966 -0.5722
vn -0.7107 -0.4152 -0.5679
vn -0.6331 -0.5457 -0.5490
vn -0.6084 -0.2383 0.7570
vn -0.6115 -0.2242 0.7588
vn -0.5315 -0.5534 0.6413
vn -0.6122 -0.2404 -0.7533
vn -0.5087 -0.5981 -0.6193
vn -0.6136 -0.2293 -0.7556
vn -0.7188 -0.6755 -0.1645
vn -0.7707 -0.6352 0.0503
vn -0.7416 -0.3805 0.5525
vn -0.7544 -0.6540 -0.0562
vn -0.7797 -0.5786 -0.2394
vn -0.7401 -0.3307 -0.5855
vn -0.7436 -0.3275 -0.5829
vn -0.8001 -0.5903 -0.1071
vn -0.7413 -0.3868 0.5485
vn -0.7246 -0.3444 0.5970
vn -0.7428 -0.3833 0.5489
vn -0.6203 -0.1940 0.7600
vn -0.6256 -0.1653 0.7624
vn -0.5747 -0.4527 0.6817
vn 0.7817 0.6233 0.0222
vn 0.7673 0.6231 -0.1518
vn 0.7825 0.6223 0.0204
vn 0.7665 0.6228 -0.1566
vn 0.7665 0.6259 0.1439
vn 0.7818 0.6234 -0.0143
vn 0.7826 0.6224 -0.0120
vn 0.7659 0.6261 0.1462
vn 0.7738 0.6246 -0.1051
vn 0.7475 0.4161 -0.5179
vn 0.7554 0.4334 -0.4914
vn 0.7685 0.6262 -0.1317
vn 0.6620 -0.1118 -0.7411
vn 0.6645 -0.0796 -0.7430
vn -0.7395 -0.3354 -0.5837
vn -0.7372 -0.3381 -0.5850
vn -0.7052 -0.3965 -0.5878
vn -0.6228 -0.2013 -0.7561
vn -0.5527 -0.5071 -0.6614
vn -0.6282 -0.1725 -0.7587
vn 0.7523 0.4010 0.5228
vn 0.7727 0.6261 0.1047
vn 0.7608 0.4259 0.4896
vn 0.6569 -0.1103 0.7459
vn 0.6591 -0.0823 0.7475
vn 0.7672 0.6283 0.1291
vn 0.6531 -0.1167 0.7482
vn 0.6497 -0.1523 0.7448
vn 0.6256 -0.4057 0.6664
vn -0.7002 -0.7091 -0.0828
vn -0.7244 -0.4207 0.5462
vn -0.7724 -0.6099 -0.1773
vn -0.7263 -0.6672 0.1650
vn -0.7511 -0.6554 0.0793
vn -0.7270 -0.3687 -0.5792
vn -0.7283 -0.3713 -0.5760
vn 0.7738 0.6246 -0.1052
vn 0.7475 0.4161 -0.5178
vn 0.6585 -0.1468 -0.7381
vn 0.6611 -0.1315 -0.7387
vn 0.6528 -0.1493 0.7427
vn 0.6559 -0.1346 0.7427
vn 0.7673 0.6231 -0.1517
vn -0.7219 -0.4302 0.5420
vn -0.6856 -0.4427 0.5779
vn -0.7234 -0.4302 0.5400
vn -0.7205 -0.3830 -0.5781
vn -0.7210 -0.3801 -0.5794
vn -0.6636 -0.4889 -0.5662
vn 0.6565 -0.1221 -0.7444
vn 0.6085 -0.4601 -0.6466
vn 0.6529 -0.1592 -0.7406
vn 0.6443 -0.1742 0.7447
vn 0.6416 -0.1962 0.7415
vn 0.5916 -0.5068 0.6271
vn 0.6472 -0.1777 -0.7413
vn 0.5729 -0.5520 -0.6059
vn 0.6456 -0.1979 -0.7376
vn 0.7665 0.6228 -0.1568
vn 0.7632 -0.6278 0.1528
vn 0.7775 -0.6161 0.1261
vn 0.8125 -0.5828 -0.0131
vn 0.8123 -0.5822 -0.0350
vn 0.8123 -0.5824 0.0321
vn 0.7760 -0.6169 -0.1314
vn 0.7581 -0.6307 -0.1655
vn 0.8116 -0.5823 0.0469
vn 0.7727 0.6261 0.1046
vn 0.6593 -0.0788 0.7477
vn 0.6601 -0.0465 0.7497
vn 0.6573 -0.0753 0.7498
vn 0.6551 -0.1158 0.7466
vn 0.6461 -0.3254 0.6904
vn 0.7474 0.4161 -0.5179
vn 0.6641 -0.0832 -0.7430
vn 0.6658 -0.0434 -0.7449
vn 0.6615 -0.0817 -0.7455
vn 0.6311 -0.3862 -0.6727
vn 0.6579 -0.1266 -0.7424
vn 0.7426 -0.3874 0.5463
vn 0.7055 -0.4032 0.5828
vn 0.7414 -0.3872 0.5480
vn 0.7597 -0.6263 -0.1750
vn 0.7861 -0.6066 0.1187
vn 0.7896 -0.5857 0.1833
vn 0.7920 -0.6077 -0.0578
vn 0.8066 -0.5890 0.0494
vn 0.7398 -0.6671 -0.0870
vn 0.7436 -0.3777 0.5518
vn 0.7364 -0.3324 -0.5893
vn 0.7365 -0.3345 -0.5880
vn 0.6872 -0.4503 -0.5700
vn 0.8081 -0.5617 -0.1773
vn 0.7653 -0.6220 0.1658
vn 0.8130 -0.5288 -0.2436
vn 0.7887 -0.6094 0.0812
vn 0.7436 -0.3221 -0.5859
vn 0.7418 -0.3204 -0.5891
vn 0.8343 -0.5401 -0.1104
vn 0.6623 -0.1090 -0.7413
vn 0.6647 -0.0759 -0.7432
vn 0.7817 0.6232 0.0222
vn 0.7666 0.6259 0.1439
vn 0.7585 -0.3396 0.5562
vn 0.7370 -0.3030 0.6041
vn 0.7576 -0.3432 0.5553
vn 0.7492 -0.2899 -0.5955
vn 0.7515 -0.2862 -0.5944
vn 0.7215 -0.3561 -0.5938
vn 0.6571 -0.1072 0.7461
vn 0.6592 -0.0785 0.7478
vn 0.6536 -0.1123 0.7485
vn 0.6503 -0.1488 0.7450
vn 0.6279 -0.3976 0.6691
vn 0.6571 -0.1179 -0.7445
vn 0.6110 -0.4527 -0.6494
vn 0.6534 -0.1559 -0.7408
vn 0.7597 -0.6263 -0.1749
vn 0.7896 -0.5856 0.1832
vn 0.7920 -0.6078 -0.0578
vn 0.7398 -0.6671 -0.0871
vn 0.7576 -0.3369 0.5590
vn 0.7887 -0.6094 0.0811
vn 0.7553 -0.2776 -0.5937
vn 0.7519 -0.2820 -0.5959
vn 0.8343 -0.5401 -0.1105
vn 0.7279 -0.3573 -0.5852
vn 0.7248 -0.3668 -0.5832
vn 0.6614 -0.5082 -0.5517
vn 0.7331 -0.4139 0.5397
vn 0.6808 -0.4655 0.5656
vn 0.7287 -0.4176 0.5427
vn 0.8067 -0.5889 0.0494
vn 0.7398 -0.6672 -0.0870
vn 0.7329 -0.4060 0.5459
vn 0.7652 -0.6220 0.1658
vn 0.8131 -0.5287 -0.2435
vn 0.7345 -0.3528 -0.5796
vn 0.7352 -0.3433 -0.5844
vn 0.7354 -0.3352 -0.5889
vn 0.7353 -0.3379 -0.5875
vn 0.6845 -0.4567 -0.5682
vn 0.7416 -0.3904 0.5456
vn 0.7030 -0.4101 0.5811
vn 0.7402 -0.3905 0.5474
vn 0.7760 -0.6169 -0.1313
vn 0.7896 -0.5856 0.1833
vn 0.7425 -0.3806 0.5512
vn 0.7427 -0.3253 -0.5852
vn 0.7412 -0.3230 -0.5886
vn 0.8343 -0.5402 -0.1105
vn 0.6262 -0.3478 -0.6978
vn 0.5788 0.1538 -0.8008
vn 0.6214 -0.3144 -0.7177
vn 0.5797 0.1205 -0.8058
vn 0.6836 -0.7130 -0.1557
vn 0.6883 -0.4219 -0.5901
vn 0.6846 -0.7129 -0.1518
vn 0.6905 -0.4348 -0.5781
vn 0.5684 0.1852 -0.8016
vn 0.5686 0.1666 -0.8056
vn 0.6850 -0.7098 0.1644
vn 0.6832 -0.4300 0.5903
vn 0.6848 -0.4391 0.5816
vn 0.6858 -0.7098 0.1610
vn 0.5715 0.1902 0.7982
vn 0.5718 0.1772 0.8011
vn 0.6865 -0.7108 0.1531
vn 0.6971 -0.7170 -0.0006
vn 0.6864 -0.7111 0.1523
vn 0.6972 -0.7169 -0.0004
vn 0.6971 -0.7170 -0.0083
vn 0.6850 -0.7139 -0.1452
vn 0.6971 -0.7169 -0.0086
vn 0.6850 -0.7137 -0.1463
vn 0.6477 0.7522 -0.1210
vn 0.7701 0.5471 0.3279
vn 0.6570 0.7400 -0.1440
vn 0.7760 0.5153 0.3637
vn 0.7647 0.5348 0.3595
vn 0.7636 0.5140 0.3908
vn 0.6658 0.2423 0.7057
vn 0.6666 0.2419 0.7050
vn 0.5711 0.1542 -0.8063
vn 0.5716 0.1705 -0.8026
vn 0.5265 0.4675 -0.7102
vn 0.5752 0.1626 0.8017
vn 0.5090 0.5159 0.6890
vn 0.5753 0.1737 0.7993
vn 0.6453 0.7527 0.1302
vn 0.6991 0.7150 -0.0034
vn 0.6603 0.7397 0.1295
vn 0.6993 0.7148 0.0008
vn 0.7572 0.5909 -0.2784
vn 0.6447 0.7542 0.1250
vn 0.6555 0.7406 0.1476
vn 0.7677 0.5431 -0.3402
vn 0.7552 0.5422 -0.3684
vn 0.7524 0.5753 -0.3208
vn 0.6714 0.2472 -0.6986
vn 0.6717 0.2458 -0.6989
vn 0.6744 0.2384 -0.6989
vn 0.6445 0.3878 -0.6590
vn 0.6727 0.2436 -0.6987
vn 0.6991 0.7149 -0.0146
vn 0.6601 0.7393 -0.1331
vn 0.6991 0.7148 -0.0183
vn 0.6484 0.7507 -0.1267
vn 0.6353 -0.2941 -0.7141
vn 0.6908 -0.6191 -0.3734
vn 0.6942 -0.6323 -0.3441
vn 0.6288 -0.2480 -0.7369
vn 0.6416 -0.2651 0.7198
vn 0.6482 -0.3117 0.6947
vn 0.6926 -0.6344 0.3432
vn 0.6943 -0.6437 0.3217
vn 0.6337 -0.2990 -0.7134
vn 0.5817 0.1911 -0.7906
vn 0.6276 -0.2550 -0.7355
vn 0.5816 0.1761 -0.7942
vn 0.5800 0.1951 0.7909
vn 0.6392 -0.2722 0.7192
vn 0.5798 0.1811 0.7944
vn 0.6463 -0.3162 0.6945
vn 0.6989 -0.6488 0.3009
vn 0.6995 -0.7146 0.0068
vn 0.6970 -0.6412 0.3209
vn 0.6995 -0.7146 0.0071
vn 0.6996 -0.7146 -0.0030
vn 0.6966 -0.6267 -0.3493
vn 0.6995 -0.7146 -0.0031
vn 0.6994 -0.6380 -0.3221
vn 0.5820 0.1710 0.7950
vn 0.5471 0.4494 0.7062
vn 0.5829 0.1824 0.7918
vn 0.5839 0.1655 -0.7948
vn 0.5846 0.1782 -0.7915
vn 0.5471 0.4494 -0.7062
vn 0.6789 -0.6878 0.2569
vn 0.6833 -0.3652 0.6322
vn 0.6888 -0.3952 0.6077
vn 0.6783 -0.6862 0.2627
vn 0.5790 0.2006 0.7902
vn 0.5787 0.1894 0.7932
vn 0.6765 -0.6849 -0.2706
vn 0.6831 -0.3910 -0.6169
vn 0.6761 -0.6835 -0.2753
vn 0.6865 -0.4105 -0.6002
vn 0.5895 0.1725 -0.7891
vn 0.5900 0.1495 -0.7934
vn 0.6697 0.2309 0.7059
vn 0.6677 0.2371 0.7057
vn 0.6269 0.4360 0.6457
vn 0.6802 -0.6888 0.2508
vn 0.6995 -0.7147 -0.0007
vn 0.6791 -0.6874 0.2574
vn 0.6996 -0.7145 -0.0019
vn 0.6992 -0.7145 -0.0245
vn 0.6767 -0.6844 -0.2715
vn 0.6993 -0.7143 -0.0272
vn 0.6777 -0.6857 -0.2658
vn 0.7133 0.6865 -0.1412
vn 0.7055 0.7087 -0.0013
vn 0.7130 0.6908 -0.1201
vn 0.7058 0.7084 -0.0005
vn 0.7055 0.7087 0.0006
vn 0.7138 0.6938 0.0957
vn 0.7058 0.7084 -0.0002
vn 0.7162 0.6822 0.1471
vn 0.5922 0.1375 -0.7940
vn 0.5925 0.1585 -0.7899
vn 0.5479 0.4469 -0.7071
vn 0.5813 0.1790 0.7938
vn 0.5423 0.4636 0.7007
vn 0.5821 0.1876 0.7912
vn 0.7267 0.4731 -0.4981
vn 0.7092 0.6870 -0.1581
vn 0.7121 0.6909 -0.1247
vn 0.7270 0.4683 -0.5022
vn 0.7246 0.4662 0.5075
vn 0.7173 0.4565 0.5264
vn 0.7111 0.6832 0.1661
vn 0.6216 -0.2840 0.7300
vn 0.6283 -0.3292 0.7049
vn 0.6785 -0.6287 0.3800
vn 0.6831 -0.6446 0.3432
vn 0.5692 0.1801 0.8022
vn 0.6196 -0.2904 0.7292
vn 0.5694 0.1588 0.8066
vn 0.6263 -0.3333 0.7047
vn 0.6285 -0.3445 -0.6974
vn 0.6772 -0.6271 -0.3848
vn 0.6819 -0.6432 -0.3482
vn 0.6234 -0.3093 -0.7181
vn 0.7159 0.4722 -0.5143
vn 0.6076 0.2566 -0.7516
vn 0.6021 0.2730 -0.7503
vn 0.7155 0.4684 -0.5183
vn 0.6071 0.2606 0.7507
vn 0.7143 0.4700 0.5186
vn 0.6019 0.2759 0.7494
vn 0.7126 0.4543 0.5347
vn 0.7054 0.7088 0.0031
vn 0.6888 0.7211 0.0749
vn 0.6889 0.7213 0.0716
vn 0.7054 0.7088 0.0054
vn 0.6874 0.7218 0.0804
vn 0.7609 0.4784 0.4384
vn 0.6887 0.7214 0.0723
vn 0.7634 0.4656 0.4477
vn 0.7514 0.4764 0.4566
vn 0.7501 0.4662 0.4691
vn 0.6778 0.2809 0.6794
vn 0.6815 0.2637 0.6826
vn 0.7723 0.4246 -0.4726
vn 0.6873 0.7222 -0.0782
vn 0.6887 0.7216 -0.0697
vn 0.7737 0.4379 -0.4579
vn 0.7605 0.4392 -0.4783
vn 0.7650 0.4245 -0.4843
vn 0.6809 0.2218 -0.6980
vn 0.6819 0.2271 -0.6953
vn 0.6881 -0.6493 0.3239
vn 0.6997 -0.7145 0.0025
vn 0.6836 -0.6354 0.3591
vn 0.6997 -0.7145 0.0024
vn 0.6996 -0.7144 -0.0131
vn 0.6822 -0.6337 -0.3646
vn 0.6996 -0.7144 -0.0140
vn 0.6869 -0.6478 -0.3295
vn 0.6884 0.7217 -0.0726
vn 0.7053 0.7089 -0.0006
vn 0.6892 0.7212 -0.0692
vn 0.7058 0.7084 0.0021
vn 0.5817 0.1067 -0.8064
vn 0.5816 0.1383 -0.8016
vn 0.5361 0.4378 -0.7217
vn 0.5717 0.1466 0.8073
vn 0.5309 0.4542 0.7154
vn 0.5722 0.1656 0.8032
vn 0.6845 0.2143 -0.6968
vn 0.6327 0.4559 -0.6260
vn 0.6830 0.2157 -0.6979
vn 0.6095 0.2552 -0.7506
vn 0.5345 0.3916 -0.7490
vn 0.6044 0.2649 -0.7513
vn 0.6094 0.2586 0.7495
vn 0.6042 0.2682 0.7504
vn 0.5345 0.3916 0.7490
vn 0.6851 0.2547 0.6825
vn 0.6801 0.2759 0.6793
vn 0.6266 0.4703 0.6215
vn 0.7129 0.6817 -0.1646
vn 0.7054 0.7088 -0.0007
vn 0.7126 0.6784 -0.1787
vn 0.7058 0.7084 0.0006
vn 0.7054 0.7088 0.0027
vn 0.7125 0.6783 0.1796
vn 0.7058 0.7084 0.0012
vn 0.7129 0.6815 0.1654
vn 0.7314 0.3467 -0.5873
vn 0.7077 0.6825 -0.1829
vn 0.7069 0.6780 -0.2017
vn 0.7360 0.4149 -0.5350
vn 0.7229 0.4190 -0.5494
vn 0.7241 0.3542 -0.5918
vn 0.6643 0.2494 -0.7046
vn 0.6656 0.2462 -0.7045
vn 0.7077 0.6823 0.1834
vn 0.7196 0.3979 0.5690
vn 0.7069 0.6777 0.2026
vn 0.7215 0.4479 0.5281
vn 0.6610 0.3037 0.6861
vn 0.6653 0.2839 0.6905
vn 0.6688 0.2766 0.6901
vn 0.6632 0.2992 0.6861
vn 0.6164 0.4621 0.6376
vn 0.6688 0.2351 -0.7053
vn 0.6221 0.4480 -0.6421
vn 0.6664 0.2439 -0.7046
vn -0.5613 0.1409 0.8156
vn -0.5278 0.4391 0.7271
vn -0.5603 0.1272 0.8185
vn -0.5701 0.1128 -0.8138
vn -0.5692 0.0868 -0.8176
vn -0.5326 0.4223 -0.7335
vn -0.5587 0.1564 0.8145
vn -0.5936 -0.3127 0.7415
vn -0.6016 -0.3671 0.7094
vn -0.5581 0.1404 0.8178
vn -0.6441 -0.6608 0.3853
vn -0.6486 -0.6780 0.3460
vn -0.5950 -0.3374 -0.7295
vn -0.5677 0.1293 -0.8130
vn -0.6013 -0.3817 -0.7019
vn -0.6428 -0.6592 -0.3902
vn -0.5676 0.1016 -0.8170
vn -0.6473 -0.6766 -0.3510
vn -0.6491 -0.6678 0.3643
vn -0.6631 -0.7485 0.0026
vn -0.6535 -0.6829 0.3266
vn -0.6631 -0.7486 0.0025
vn -0.6630 -0.7485 -0.0132
vn -0.6477 -0.6661 -0.3698
vn -0.6522 -0.6814 -0.3322
vn -0.6630 -0.7485 -0.0141
vn -0.5718 0.1631 0.8040
vn -0.5395 0.4485 0.7126
vn -0.5707 0.1594 0.8055
vn -0.5815 0.1332 -0.8026
vn -0.5805 0.1173 -0.8058
vn -0.5447 0.4314 -0.7192
vn -0.6627 -0.7485 -0.0245
vn -0.6417 -0.7162 -0.2744
vn -0.6426 -0.7177 -0.2684
vn -0.6628 -0.7483 -0.0273
vn -0.6441 -0.7193 0.2603
vn -0.6629 -0.7487 -0.0006
vn -0.6450 -0.7210 0.2532
vn -0.6630 -0.7486 -0.0018
vn -0.5692 0.1770 0.8029
vn -0.6565 -0.3946 0.6429
vn -0.6620 -0.4309 0.6132
vn -0.5683 0.1707 0.8049
vn -0.6437 -0.7199 0.2595
vn -0.6432 -0.7180 0.2659
vn -0.6556 -0.4204 -0.6272
vn -0.5789 0.1482 -0.8018
vn -0.6593 -0.4460 -0.6054
vn -0.6415 -0.7168 -0.2732
vn -0.6411 -0.7152 -0.2784
vn -0.5785 0.1303 -0.8052
vn -0.5724 0.1578 0.8047
vn -0.5439 0.4339 0.7183
vn -0.5713 0.1510 0.8067
vn -0.5741 0.1533 -0.8043
vn -0.5730 0.1455 -0.8065
vn -0.5439 0.4338 -0.7183
vn -0.5648 0.1490 0.8117
vn -0.5075 0.5025 0.7000
vn -0.5641 0.1440 0.8130
vn -0.7433 0.6452 -0.1764
vn -0.7373 0.6755 -0.0007
vn -0.7438 0.6485 -0.1622
vn -0.7377 0.6751 0.0007
vn -0.7373 0.6755 0.0027
vn -0.7433 0.6450 0.1774
vn -0.7437 0.6484 0.1629
vn -0.7377 0.6751 0.0013
vn -0.5608 0.1459 -0.8150
vn -0.5598 0.1348 -0.8176
vn -0.5237 0.4527 -0.7216
vn -0.6012 -0.2772 -0.7495
vn -0.5715 0.1671 -0.8034
vn -0.6086 -0.3320 -0.7207
vn -0.6559 -0.6514 -0.3813
vn -0.5708 0.1570 -0.8059
vn -0.6594 -0.6668 -0.3474
vn -0.5699 0.1714 0.8036
vn -0.6130 -0.2943 0.7332
vn -0.6213 -0.3512 0.7005
vn -0.5692 0.1621 0.8061
vn -0.6576 -0.6670 0.3504
vn -0.6594 -0.6782 0.3244
vn -0.6847 0.2689 0.6775
vn -0.6901 0.2435 0.6816
vn -0.6437 0.4316 0.6320
vn -0.7384 0.6449 -0.1972
vn -0.7388 0.6494 -0.1801
vn -0.7550 0.3141 -0.5756
vn -0.7602 0.3810 -0.5262
vn -0.6845 0.2201 -0.6950
vn -0.7467 0.3218 -0.5822
vn -0.7474 0.3855 -0.5411
vn -0.6861 0.2137 -0.6954
vn -0.6863 0.2149 -0.6949
vn -0.6490 0.4172 -0.6362
vn -0.6887 0.2027 -0.6961
vn -0.7439 0.3650 0.5599
vn -0.7468 0.4143 0.5202
vn -0.7387 0.6494 0.1807
vn -0.7382 0.6448 0.1982
vn -0.6828 0.2733 0.6775
vn -0.6869 0.2508 0.6821
vn -0.6619 -0.6741 0.3279
vn -0.6630 -0.7486 0.0069
vn -0.6639 -0.6834 0.3035
vn -0.6629 -0.7487 0.0072
vn -0.6630 -0.7486 -0.0031
vn -0.6617 -0.6595 -0.3568
vn -0.6645 -0.6727 -0.3253
vn -0.6629 -0.7487 -0.0032
vn -0.7216 0.6889 -0.0692
vn -0.7372 0.6756 -0.0007
vn -0.7205 0.6896 -0.0730
vn -0.7377 0.6751 0.0020
vn -0.7372 0.6756 0.0053
vn -0.7215 0.6887 0.0720
vn -0.7207 0.6891 0.0757
vn -0.7377 0.6751 0.0029
vn -0.5614 0.1664 0.8106
vn -0.6543 -0.4583 0.6015
vn -0.6564 -0.4734 0.5874
vn -0.5610 0.1596 0.8123
vn -0.6495 -0.7415 0.1686
vn -0.6502 -0.7413 0.1663
vn -0.6595 -0.4504 -0.6018
vn -0.5581 0.1615 -0.8139
vn -0.6623 -0.4696 -0.5838
vn -0.6481 -0.7446 -0.1599
vn -0.6490 -0.7444 -0.1569
vn -0.5574 0.1483 -0.8169
vn -0.7883 0.4272 0.4428
vn -0.7197 0.6896 0.0807
vn -0.7860 0.4455 0.4287
vn -0.7764 0.4441 0.4472
vn -0.6988 0.2502 0.6701
vn -0.7751 0.4285 0.4643
vn -0.7023 0.2299 0.6737
vn -0.7008 0.2453 0.6699
vn -0.7055 0.2210 0.6734
vn -0.6542 0.4391 0.6158
vn -0.7210 0.6891 0.0723
vn -0.6508 -0.7428 0.1572
vn -0.6608 -0.7506 -0.0008
vn -0.6510 -0.7426 0.1572
vn -0.6608 -0.7506 -0.0004
vn -0.6608 -0.7505 -0.0086
vn -0.6494 -0.7455 -0.1500
vn -0.6495 -0.7453 -0.1504
vn -0.6608 -0.7505 -0.0089
vn -0.7195 0.6900 -0.0784
vn -0.7955 0.3924 -0.4617
vn -0.7211 0.6893 -0.0696
vn -0.7973 0.3997 -0.4523
vn -0.7001 0.1924 -0.6876
vn -0.7886 0.3926 -0.4733
vn -0.7844 0.4013 -0.4729
vn -0.7016 0.1940 -0.6856
vn -0.7019 0.1866 -0.6874
vn -0.6598 0.4244 -0.6201
vn -0.7037 0.1816 -0.6869
vn -0.6277 0.2370 -0.7415
vn -0.5642 0.3643 -0.7409
vn -0.6336 0.2246 -0.7403
vn -0.6277 0.2398 0.7406
vn -0.6335 0.2277 0.7394
vn -0.5642 0.3643 0.7409
vn -0.7443 0.6573 -0.1182
vn -0.7373 0.6755 -0.0013
vn -0.7446 0.6526 -0.1401
vn -0.7376 0.6752 -0.0005
vn -0.7373 0.6755 0.0006
vn -0.7452 0.6595 0.0984
vn -0.7470 0.6490 0.1445
vn -0.7376 0.6752 -0.0002
vn -0.7310 0.6822 -0.0144
vn -0.6927 0.7090 -0.1323
vn -0.6812 0.7212 -0.1258
vn -0.7310 0.6821 -0.0183
vn -0.6928 0.7095 0.1287
vn -0.7310 0.6823 -0.0033
vn -0.6782 0.7234 0.1291
vn -0.7312 0.6822 0.0010
vn -0.7405 0.4176 0.5265
vn -0.7442 0.4411 0.5016
vn -0.7421 0.6501 0.1633
vn -0.6315 0.2296 0.7406
vn -0.6258 0.2474 0.7397
vn -0.7435 0.6574 -0.1222
vn -0.7406 0.6534 -0.1569
vn -0.7496 0.4346 -0.4993
vn -0.7456 0.4426 -0.4982
vn -0.6259 0.2447 -0.7405
vn -0.6320 0.2259 -0.7413
vn -0.6926 0.2131 -0.6892
vn -0.6695 0.3561 -0.6519
vn -0.6942 0.2058 -0.6897
vn -0.8020 0.4771 0.3594
vn -0.6805 0.7228 -0.1202
vn -0.7966 0.5139 0.3184
vn -0.7910 0.5019 0.3499
vn -0.6858 0.2130 0.6959
vn -0.7896 0.4764 0.3867
vn -0.6870 0.2094 0.6958
vn -0.6874 0.2080 0.6959
vn -0.6895 0.1986 0.6965
vn -0.6534 0.4050 0.6396
vn -0.6895 0.7100 -0.1434
vn -0.6778 0.7247 0.1241
vn -0.7855 0.5567 -0.2703
vn -0.6880 0.7107 0.1469
vn -0.7949 0.5049 -0.3366
vn -0.6914 0.2166 -0.6892
vn -0.7798 0.5421 -0.3131
vn -0.7824 0.5047 -0.3649
vn -0.6919 0.2132 -0.6898
vn -0.1977 -0.5482 -0.8126
vn 0.1403 -0.6288 -0.7648
vn 0.1438 -0.6311 -0.7623
vn -0.3073 -0.5165 -0.7993
vn -0.7958 -0.6055 0.0050
vn -0.6972 -0.6172 -0.3647
vn -0.7968 -0.6043 0.0019
vn -0.7228 -0.6213 -0.3026
vn -0.7228 -0.6213 0.3026
vn -0.7958 -0.6055 -0.0050
vn -0.6972 -0.6172 0.3647
vn -0.7968 -0.6043 -0.0019
vn -0.8501 -0.5266 0.0073
vn -0.6933 -0.5102 -0.5089
vn -0.8509 -0.5253 0.0044
vn -0.7607 -0.5282 -0.3774
vn -0.7607 -0.5282 0.3774
vn -0.8501 -0.5266 -0.0073
vn -0.6933 -0.5102 0.5089
vn -0.8509 -0.5252 -0.0044
vn -0.8747 -0.4696 -0.1202
vn -0.8832 -0.4615 -0.0835
vn -0.9075 -0.4200 -0.0115
vn -0.9069 -0.4212 -0.0057
vn -0.9073 -0.4204 0.0001
vn -0.8914 -0.4490 0.0621
vn -0.8876 -0.4516 0.0905
vn -0.9068 -0.4214 -0.0110
vn -0.8866 -0.4593 0.0546
vn -0.5604 -0.5773 0.5939
vn -0.7087 -0.5527 0.4385
vn -0.8914 -0.4487 0.0642
vn -0.8258 -0.5069 -0.2471
vn -0.8741 -0.4788 -0.0812
vn -0.8317 -0.5108 -0.2179
vn -0.8832 -0.4614 -0.0841
vn -0.4449 -0.4449 -0.7772
vn -0.6212 -0.3724 -0.6895
vn -0.4566 -0.4386 -0.7740
vn -0.4449 -0.4449 0.7773
vn -0.4566 -0.4386 0.7740
vn -0.6212 -0.3724 0.6895
vn -0.3284 -0.5140 -0.7924
vn -0.2170 -0.5456 -0.8095
vn -0.7108 -0.5299 -0.4625
vn -0.7734 -0.5392 -0.3333
vn -0.7735 -0.5391 0.3333
vn -0.7109 -0.5299 0.4625
vn -0.3283 -0.5140 0.7925
vn -0.2170 -0.5456 0.8095
vn -0.8614 -0.5079 0.0026
vn -0.8619 -0.5058 -0.0354
vn -0.8613 -0.5065 -0.0396
vn -0.8620 -0.5069 0.0068
vn -0.8613 -0.5065 0.0396
vn -0.8620 -0.5057 0.0353
vn -0.8614 -0.5079 -0.0026
vn -0.8620 -0.5069 -0.0068
vn -0.7303 -0.6304 -0.2634
vn -0.2998 -0.6787 -0.6705
vn -0.7097 -0.6302 -0.3148
vn -0.3496 -0.6623 -0.6627
vn -0.2745 -0.6839 -0.6759
vn -0.3422 -0.6696 -0.6592
vn 0.1981 -0.7255 -0.6591
vn 0.2789 -0.7233 -0.6317
vn 0.2916 -0.7158 -0.6345
vn 0.2207 -0.7180 -0.6601
vn 0.6005 -0.6468 -0.4703
vn -0.4413 -0.5664 -0.6960
vn -0.3294 -0.6159 -0.7157
vn -0.7199 -0.3930 -0.5721
vn -0.4412 -0.5664 0.6961
vn -0.7199 -0.3930 0.5721
vn -0.3294 -0.6159 0.7156
vn -0.3952 -0.5103 -0.7638
vn -0.5819 -0.4683 -0.6649
vn -0.4027 -0.5066 -0.7624
vn -0.3952 -0.5103 0.7638
vn -0.4027 -0.5066 0.7624
vn -0.5819 -0.4683 0.6649
vn -0.0847 -0.7848 0.6139
vn 0.0545 -0.7968 0.6018
vn -0.1281 -0.7619 0.6349
vn 0.1378 -0.8203 0.5550
vn -0.3231 -0.6050 -0.7277
vn -0.1960 -0.6370 -0.7455
vn -0.6359 -0.4783 -0.6057
vn -0.3232 -0.6049 0.7277
vn -0.6359 -0.4783 0.6057
vn -0.1960 -0.6369 0.7456
vn -0.3858 -0.5139 -0.7662
vn -0.0974 -0.5608 -0.8222
vn -0.3869 -0.5148 -0.7650
vn 0.0099 -0.5739 -0.8188
vn -0.1520 -0.4309 0.8895
vn -0.2500 -0.4338 0.8657
vn 0.0864 -0.5216 0.8488
vn 0.2515 -0.6243 0.7396
vn -0.2429 -0.4595 0.8543
vn -0.4407 -0.4485 0.7776
vn -0.4360 -0.4514 0.7786
vn -0.1709 -0.4276 0.8877
vn 0.4387 -0.8253 0.3557
vn 0.4386 -0.8694 0.2274
vn 0.2523 -0.6183 0.7444
vn 0.1229 -0.5417 0.8315
vn 0.0099 -0.5739 0.8188
vn -0.3858 -0.5139 0.7662
vn -0.0974 -0.5608 0.8222
vn -0.3869 -0.5148 0.7650
vn -0.0787 -0.5536 -0.8291
vn 0.1811 -0.6720 -0.7180
vn -0.1935 -0.5191 -0.8326
vn 0.2822 -0.7184 -0.6358
vn 0.4324 -0.8741 -0.2212
vn 0.4337 -0.8497 -0.3000
vn 0.2794 -0.7105 -0.6459
vn 0.2012 -0.6723 -0.7124
vn -0.4407 -0.4485 -0.7776
vn -0.0981 -0.5450 -0.8327
vn -0.1968 -0.5221 -0.8299
vn -0.4360 -0.4514 -0.7786
vn -0.0296 -0.6734 -0.7386
vn -0.3123 -0.5673 -0.7621
vn -0.1321 -0.6546 -0.7443
vn -0.0077 -0.6779 -0.7351
vn -0.1321 -0.6546 0.7443
vn -0.0077 -0.6780 0.7351
vn -0.3123 -0.5671 0.7622
vn -0.0295 -0.6734 0.7387
vn 0.1403 -0.6288 0.7648
vn -0.1977 -0.5483 0.8126
vn 0.1438 -0.6311 0.7623
vn -0.3073 -0.5165 0.7993
vn -0.6092 0.7930 0.0087
vn -0.5235 0.7660 -0.3730
vn -0.6090 0.7931 0.0084
vn -0.4811 0.7388 -0.4720
vn -0.6092 0.7930 -0.0087
vn -0.5235 0.7660 0.3730
vn -0.4811 0.7388 0.4720
vn -0.6090 0.7931 -0.0083
vn -0.0268 -0.6548 0.7553
vn -0.1348 -0.6186 0.7741
vn -0.5592 -0.5969 0.5753
vn -0.3116 -0.6268 0.7141
vn -0.4115 -0.5784 0.7044
vn -0.7088 -0.5714 0.4136
vn 0.4431 -0.8570 0.2631
vn 0.4262 -0.9044 -0.0189
vn 0.4275 -0.9037 -0.0228
vn 0.4373 -0.8006 0.4095
vn 0.4264 -0.9045 -0.0096
vn 0.4359 -0.8649 -0.2488
vn 0.4276 -0.9040 -0.0017
vn 0.4303 -0.8330 -0.3477
vn -0.6818 0.7315 0.0069
vn -0.6110 0.7319 -0.3018
vn -0.6817 0.7316 0.0065
vn -0.5896 0.7254 -0.3553
vn -0.6818 0.7315 -0.0069
vn -0.6109 0.7319 0.3018
vn -0.5895 0.7254 0.3553
vn -0.6817 0.7316 -0.0065
vn 0.0289 -0.5801 -0.8140
vn 0.3544 -0.7839 -0.5098
vn -0.0820 -0.5647 -0.8212
vn 0.4260 -0.8295 -0.3612
vn 0.3544 -0.7839 0.5098
vn 0.0289 -0.5801 0.8140
vn -0.0820 -0.5647 0.8212
vn 0.4259 -0.8295 0.3612
vn 0.1056 -0.5886 -0.8015
vn 0.1605 -0.5298 -0.8328
vn 0.1384 -0.5401 -0.8302
vn 0.0818 -0.6434 -0.7612
vn -0.3116 -0.6268 -0.7141
vn -0.4115 -0.5784 -0.7043
vn -0.4915 0.7588 -0.4275
vn -0.1459 0.6096 -0.7791
vn -0.5321 0.7801 -0.3291
vn -0.0513 0.5916 -0.8046
vn -0.4915 0.7588 0.4275
vn -0.1458 0.6096 0.7792
vn -0.0513 0.5915 0.8047
vn -0.5321 0.7802 0.3290
vn 0.0753 -0.8014 0.5934
vn -0.0774 -0.7839 0.6160
vn 0.2997 -0.7988 0.5216
vn -0.0459 -0.5115 -0.8580
vn -0.0609 -0.4232 -0.9040
vn -0.1284 -0.4462 -0.8857
vn 0.1224 -0.5911 -0.7973
vn -0.0459 -0.5115 0.8581
vn -0.0609 -0.4230 0.9041
vn 0.1224 -0.5911 0.7973
vn -0.1285 -0.4462 0.8857
vn 0.4167 -0.8133 0.4060
vn 0.3470 -0.7601 0.5494
vn 0.5251 -0.8510 -0.0074
vn 0.5250 -0.8511 -0.0078
vn 0.5251 -0.8510 0.0074
vn 0.3470 -0.7601 -0.5494
vn 0.4167 -0.8133 -0.4060
vn 0.5250 -0.8511 0.0078
vn 0.1540 -0.6300 -0.7611
vn 0.1595 -0.6288 -0.7610
vn 0.3522 -0.6677 -0.6559
vn 0.1539 -0.6301 0.7611
vn 0.3522 -0.6677 0.6559
vn 0.1596 -0.6288 0.7610
vn 0.1513 -0.8050 0.5736
vn 0.4994 -0.8246 0.2657
vn 0.5307 -0.8314 0.1651
vn -0.1156 -0.7849 0.6088
vn -0.1711 -0.6449 -0.7448
vn 0.1031 -0.5890 -0.8016
vn -0.0240 -0.5261 -0.8501
vn -0.2893 -0.6126 -0.7355
vn -0.2892 -0.6127 0.7355
vn -0.1711 -0.6449 0.7448
vn 0.1033 -0.5889 0.8016
vn -0.0240 -0.5261 0.8501
vn -0.0052 -0.6700 0.7423
vn -0.2863 -0.5990 0.7478
vn 0.4263 -0.8734 0.2354
vn -0.2715 0.8199 -0.5040
vn -0.4720 0.8816 0.0075
vn -0.4727 0.8812 0.0054
vn -0.3854 0.8766 -0.2881
vn -0.4720 0.8816 -0.0075
vn -0.2715 0.8199 0.5040
vn -0.4727 0.8812 -0.0054
vn -0.3854 0.8766 0.2881
vn -0.0889 0.6021 -0.7935
vn 0.1718 0.4900 -0.8547
vn 0.2351 0.4547 -0.8590
vn -0.0922 0.6023 -0.7929
vn -0.2809 0.6556 -0.7009
vn -0.0888 0.6021 0.7935
vn -0.0922 0.6023 0.7929
vn -0.2809 0.6557 0.7009
vn 0.1717 0.4900 0.8547
vn 0.2351 0.4547 0.8590
vn 0.4262 -0.8741 -0.2331
vn 0.3555 -0.8353 -0.4194
vn -0.0033 -0.6697 -0.7426
vn 0.6021 -0.7984 0.0028
vn 0.4929 -0.8163 0.3012
vn 0.6005 -0.7996 -0.0036
vn 0.5337 -0.8187 0.2119
vn 0.0257 -0.6857 -0.7274
vn 0.3514 -0.7085 -0.6120
vn -0.1070 -0.6584 -0.7450
vn 0.0257 -0.6857 0.7274
vn -0.1070 -0.6584 0.7450
vn 0.3514 -0.7085 0.6120
vn 0.1377 0.6909 -0.7098
vn 0.0300 0.7200 -0.6934
vn -0.2898 0.7637 -0.5769
vn 0.1377 0.6909 0.7097
vn -0.2898 0.7637 0.5769
vn 0.0299 0.7200 0.6934
vn 0.5220 -0.8529 0.0004
vn 0.3412 -0.8182 0.4628
vn 0.5202 -0.8540 -0.0056
vn 0.4287 -0.8560 0.2888
vn 0.4288 -0.8560 -0.2888
vn 0.5220 -0.8529 -0.0004
vn 0.3412 -0.8182 -0.4628
vn 0.5202 -0.8540 0.0056
vn 0.2535 0.4496 -0.8565
vn 0.6954 0.4933 -0.5225
vn 0.7833 0.4987 -0.3712
vn 0.1797 0.4866 -0.8550
vn 0.2534 0.4496 0.8565
vn 0.6954 0.4933 0.5226
vn 0.1796 0.4866 0.8550
vn 0.7833 0.4986 0.3712
vn -0.1876 0.7102 -0.6785
vn 0.3164 0.6496 -0.6913
vn -0.2425 0.7106 -0.6605
vn 0.3913 0.6348 -0.6662
vn 0.3394 0.6384 -0.6908
vn 0.4057 0.6235 -0.6684
vn 0.7099 0.4976 -0.4984
vn -0.2534 0.7089 -0.6582
vn -0.6010 0.7360 -0.3117
vn -0.2057 0.7087 -0.6749
vn -0.6186 0.7409 -0.2615
vn 0.0185 0.6556 -0.7549
vn 0.3011 0.4868 -0.8200
vn 0.3407 0.4635 -0.8180
vn 0.0423 0.6337 -0.7724
vn -0.1014 0.7403 -0.6646
vn 0.2353 0.4927 0.8378
vn 0.0185 0.6556 0.7549
vn 0.2685 0.4669 0.8426
vn 0.0424 0.6337 0.7724
vn -0.1014 0.7403 0.6646
vn 0.4011 0.5529 -0.7303
vn 0.0449 0.6700 -0.7410
vn -0.2439 0.8165 -0.5233
vn -0.3859 0.8897 -0.2441
vn 0.0449 0.6700 0.7410
vn -0.2437 0.8166 0.5232
vn -0.3859 0.8897 0.2441
vn 0.4011 0.5530 0.7303
vn -0.0293 0.5859 -0.8098
vn 0.3452 0.5038 -0.7919
vn -0.1250 0.6040 -0.7871
vn 0.3520 0.5019 -0.7900
vn 0.5556 0.4623 -0.6911
vn -0.0293 0.5859 0.8099
vn 0.3452 0.5038 0.7919
vn 0.3520 0.5019 0.7901
vn -0.1251 0.6040 0.7871
vn 0.5556 0.4623 0.6911
vn -0.2682 0.9576 -0.1049
vn -0.2683 0.9629 0.0297
vn -0.2691 0.9627 0.0293
vn -0.2678 0.9579 -0.1038
vn -0.2686 0.9631 0.0140
vn -0.2718 0.9558 0.1125
vn -0.2716 0.9554 0.1158
vn -0.2684 0.9633 0.0095
vn 0.2906 0.6415 -0.7099
vn 0.1290 0.7395 -0.6607
vn -0.1437 0.8461 -0.5133
vn 0.2906 0.6415 0.7099
vn -0.1437 0.8461 0.5133
vn 0.1290 0.7396 0.6606
vn 0.2865 0.4596 0.8407
vn 0.6511 0.3393 0.6789
vn 0.2417 0.4876 0.8389
vn 0.6646 0.3276 0.6715
vn 0.9410 0.2481 0.2302
vn 0.9358 0.2485 0.2500
vn 0.0674 0.8140 0.5770
vn -0.1780 0.9354 0.3054
vn -0.2154 0.9504 0.2244
vn 0.4299 0.5556 0.7117
vn 0.4386 0.5174 0.7348
vn 0.3051 0.6372 0.7078
vn 0.1571 0.7238 0.6719
vn 0.0843 0.8210 0.5647
vn -0.1742 0.9247 0.3384
vn -0.2709 0.9563 0.1100
vn -0.2220 0.9425 0.2500
vn -0.2712 0.9554 0.1169
vn 0.1451 0.6926 -0.7066
vn -0.0146 0.6832 -0.7300
vn 0.3547 0.6759 -0.6460
vn 0.2727 0.6805 -0.6801
vn 0.5692 0.5806 -0.5822
vn 0.1567 0.6882 -0.7084
vn 0.3798 0.5540 -0.7409
vn 0.0585 0.7096 -0.7022
vn 0.0677 0.6721 -0.7373
vn 0.1451 0.6925 0.7066
vn 0.2727 0.6805 0.6801
vn 0.5692 0.5806 0.5822
vn -0.0146 0.6834 0.7299
vn 0.3547 0.6759 0.6460
vn 0.3623 0.4553 -0.8133
vn 0.7287 0.3156 -0.6077
vn 0.7274 0.3102 -0.6121
vn 0.3180 0.4789 -0.8183
vn 0.9380 0.2408 -0.2495
vn 0.9434 0.2407 -0.2280
vn 0.1567 0.6882 0.7084
vn 0.3798 0.5539 0.7409
vn 0.0676 0.6721 0.7373
vn 0.0585 0.7096 0.7022
vn 0.4803 0.4840 -0.7315
vn 0.1401 0.7469 -0.6500
vn -0.0942 0.8952 -0.4355
vn 0.4724 0.4691 -0.7462
vn 0.3051 0.6372 -0.7077
vn 0.1562 0.7483 -0.6447
vn 0.1571 0.7239 -0.6718
vn -0.1871 0.9461 -0.2642
vn -0.2660 0.9593 -0.0944
vn -0.1063 0.8943 -0.4347
vn -0.1949 0.9353 -0.2953
vn -0.2678 0.9583 -0.0997
vn 0.6757 0.4726 0.5658
vn 0.7647 0.4874 0.4215
vn 0.8896 0.4568 0.0011
vn 0.8896 0.4568 0.0012
vn 0.8896 0.4568 -0.0011
vn 0.7647 0.4874 -0.4215
vn 0.6757 0.4725 -0.5658
vn 0.8896 0.4568 -0.0012
vn 0.9727 0.2318 -0.0106
vn 0.9365 0.2385 -0.2569
vn 0.9300 0.2388 -0.2793
vn 0.9727 0.2320 -0.0094
vn 0.9253 0.2465 0.2883
vn 0.9322 0.2457 0.2658
vn 0.9724 0.2317 -0.0291
vn 0.9724 0.2319 -0.0263
vn 0.3442 0.7760 -0.5286
vn 0.6806 0.6950 -0.2319
vn 0.6981 0.6950 -0.1724
vn 0.0875 0.8186 -0.5677
vn 0.3369 0.7973 -0.5007
vn 0.0750 0.8139 -0.5761
vn 0.0746 0.7984 -0.5975
vn 0.2204 0.8109 -0.5421
vn 0.4161 0.7685 -0.4861
vn 0.6804 0.6953 0.2317
vn 0.3442 0.7759 0.5286
vn 0.6981 0.6949 0.1724
vn 0.0875 0.8186 0.5677
vn 0.3369 0.7973 0.5008
vn 0.0747 0.7986 0.5973
vn 0.0750 0.8139 0.5761
vn 0.2204 0.8108 0.5422
vn 0.4160 0.7685 0.4861
vn 0.0159 0.6990 0.7150
vn 0.3705 0.6531 0.6605
vn 0.7492 0.6235 0.2235
vn 0.7100 0.6187 -0.3363
vn 0.7491 0.6248 -0.2203
vn 0.3721 0.6522 -0.6605
vn 0.8023 0.5968 -0.0077
vn 0.6981 0.6118 0.3721
vn 0.7477 0.6130 0.2553
vn 0.8029 0.5961 -0.0058
vn 0.6981 0.6118 -0.3721
vn 0.8023 0.5968 0.0077
vn 0.7477 0.6130 -0.2553
vn 0.8029 0.5961 0.0058
vn 0.7430 0.6693 -0.0055
vn 0.6763 0.6889 0.2609
vn 0.6988 0.6870 0.1996
vn 0.7436 0.6686 -0.0030
vn 0.6763 0.6889 -0.2609
vn 0.7430 0.6693 0.0055
vn 0.6988 0.6870 -0.1996
vn 0.7436 0.6686 0.0030
vn -0.0000 -0.0000 -1.0000
vn -0.0000 -0.0000 1.0000
vn -0.5014 0.8652 -0.0000
vn 0.4554 0.8903 -0.0000
vn -0.8543 0.5197 -0.0000
vn 0.8260 0.5637 -0.0000
vn 0.5014 -0.8652 -0.0000
vn -0.4554 -0.8903 -0.0000
vn 0.8543 -0.5197 -0.0000
vn -0.8260 -0.5637 -0.0000
vn -0.7254 0.6883 -0.0000
vn -0.7254 0.6884 -0.0000
vn -0.6883 -0.7254 -0.0000
vn 0.6884 0.7254 -0.0000
vn 0.6883 0.7254 -0.0000
vn 0.7254 -0.6883 -0.0000
vn 0.7254 -0.6884 -0.0000
vn -0.6884 -0.7254 -0.0000
vn -0.0262 0.9997 -0.0000
vn -0.0182 0.6959 0.7179
vn -0.0182 0.6959 -0.7179
vn 0.0182 -0.6959 -0.7179
vn 0.0262 -0.9997 -0.0000
vn 0.0182 -0.6959 0.7179
vn 0.6563 -0.7545 -0.0000
vn 0.6250 -0.5350 0.5684
vn 0.5835 0.0153 0.8120
vn 0.6251 -0.5350 -0.5684
vn 0.5962 0.5670 0.5684
vn 0.5962 0.5670 -0.5684
vn 0.5834 0.0153 -0.8120
vn 0.6159 0.7878 -0.0000
vn -0.0214 0.8156 0.5782
vn -0.0157 0.5978 0.8015
vn -0.0214 0.8156 -0.5782
vn -0.0157 0.5978 -0.8015
vn 0.0091 -0.3485 0.9373
vn -0.0091 0.3485 0.9373
vn 0.0091 -0.3485 -0.9373
vn -0.0091 0.3485 -0.9373
vn 0.0157 -0.5978 -0.8015
vn 0.0157 -0.5978 0.8015
vn -0.9997 -0.0262 -0.0000
vn 0.9997 0.0262 -0.0000
vn -0.5199 -0.8542 -0.0000
vn 0.5639 -0.8259 -0.0000
vn -0.8999 -0.4360 -0.0000
vn 0.9215 -0.3883 -0.0000
vn -0.5639 0.8258 -0.0000
vn -0.5639 0.8259 -0.0000
vn -0.9215 0.3883 -0.0000
vn 0.5199 0.8542 -0.0000
vn 0.8999 0.4360 -0.0000
vn -0.3281 0.3629 0.8721
vn -0.1703 -0.0000 0.9854
vn 0.0003 0.0003 1.0000
vn -0.5994 0.1759 0.7808
vn -0.7496 0.6135 0.2484
vn -0.3777 0.8402 0.3890
vn -0.0008 0.3555 0.9347
vn -0.0004 0.9113 0.4117
vn -0.3775 0.8406 -0.3885
vn -0.0003 0.9113 -0.4117
vn -0.0008 0.3555 -0.9347
vn -0.3281 0.3629 -0.8721
vn 0.0003 0.0003 -1.0000
vn -0.1703 -0.0000 -0.9854
vn -0.5994 0.1759 -0.7808
vn -0.4749 -0.0000 -0.8800
vn -0.7499 0.6133 -0.2480
vn -0.4753 0.0005 0.8798
vn -1.0000 0.0005 0.0005
vn -1.0000 0.0004 0.0005
vn -0.7081 -0.7061 -0.0000
vn -0.3268 -0.9451 -0.0000
vn -0.3267 -0.9451 -0.0000
vn 0.0005 -1.0000 0.0005
vn -0.0000 -1.0000 -0.0000
vn 1.0000 0.0005 0.0005
vn 1.0000 0.0003 0.0003
vn -0.5688 -0.3917 -0.7232
vn -0.6537 -0.2146 -0.7257
vn -0.5204 -0.4592 -0.7199
vn -0.6663 -0.1721 -0.7255
vn -0.6969 -0.0297 -0.7165
vn -0.6959 -0.0334 -0.7174
vn -0.6960 -0.0298 -0.7174
vn -0.6031 -0.3628 -0.7103
vn -0.6049 -0.3611 -0.7098
vn -0.6962 -0.0263 -0.7173
vn -0.6960 -0.0298 0.7174
vn -0.6031 -0.3629 0.7103
vn -0.6963 -0.0263 0.7173
vn -0.6048 -0.3610 0.7098
vn -0.6782 0.2106 -0.7040
vn -0.6784 0.2111 -0.7037
vn -0.6784 0.2111 -0.7038
vn -0.6783 0.2107 -0.7040
vn -0.6782 0.2106 0.7040
vn -0.6784 0.2111 0.7037
vn -0.6783 0.2107 0.7039
vn -0.6783 0.2109 0.7038
vn -0.5147 -0.4659 0.7197
vn -0.5653 -0.3997 0.7216
vn -0.4165 -0.5800 0.7001
vn -0.5204 -0.4592 0.7199
vn -0.6534 -0.2147 0.7259
vn -0.5688 -0.3916 0.7232
vn -0.6664 -0.1722 0.7254
vn -0.6969 -0.0297 0.7165
vn -0.6959 -0.0334 0.7174
vn -0.5653 -0.3997 -0.7216
vn -0.5147 -0.4660 -0.7197
vn -0.4165 -0.5800 -0.7001
vn 0.2209 0.7873 -0.5756
vn 0.1628 0.8126 -0.5597
vn 0.0151 0.8618 -0.5070
vn -0.5927 -0.3776 -0.7114
vn -0.2361 -0.8555 -0.4609
vn -0.5945 -0.3767 -0.7104
vn -0.2404 -0.8544 -0.4606
vn -0.5928 -0.3776 0.7114
vn -0.2361 -0.8555 0.4609
vn -0.2403 -0.8544 0.4606
vn -0.5945 -0.3767 0.7104
vn 0.1628 0.8126 0.5597
vn 0.2209 0.7873 0.5756
vn 0.0151 0.8618 0.5070
vn 0.2260 0.7859 0.5756
vn 0.1661 0.8127 0.5585
vn 0.4470 0.6018 0.6618
vn 0.4834 0.5579 0.6745
vn 0.4470 0.6018 -0.6618
vn 0.2260 0.7859 -0.5756
vn 0.4834 0.5579 -0.6745
vn 0.1662 0.8126 -0.5586
vn 0.5775 0.4055 -0.7086
vn 0.4877 0.5532 -0.6754
vn 0.5785 0.4032 -0.7091
vn 0.4540 0.5967 -0.6616
vn 0.4540 0.5968 0.6616
vn 0.5775 0.4055 0.7086
vn 0.4878 0.5532 0.6753
vn 0.5785 0.4032 0.7091
vn 0.6453 0.0107 -0.7639
vn 0.5791 0.4021 -0.7092
vn 0.6469 -0.0646 -0.7599
vn 0.5788 0.4036 -0.7085
vn 0.5791 0.4021 0.7092
vn 0.5788 0.4037 0.7085
vn 0.6453 0.0107 0.7638
vn 0.6469 -0.0646 0.7598
vn 0.6496 0.3118 -0.6934
vn 0.6495 0.3119 -0.6934
vn 0.6579 -0.2263 -0.7183
vn 0.6506 -0.2382 -0.7211
vn 0.6496 0.3119 0.6934
vn 0.6579 -0.2263 0.7183
vn 0.6503 -0.2382 0.7214
vn 0.6496 0.3118 0.6934
vn 0.6448 -0.0880 -0.7592
vn 0.6497 -0.2589 -0.7148
vn 0.6439 -0.0124 -0.7650
vn 0.6523 -0.2454 -0.7171
vn 0.6448 -0.0880 0.7593
vn 0.6495 -0.2587 0.7150
vn 0.6519 -0.2454 0.7175
vn 0.6440 -0.0124 0.7649
vn -0.0696 0.6253 -0.7773
vn -0.0992 0.6262 -0.7733
vn -0.4090 0.6010 -0.6866
vn -0.7921 -0.5898 0.1571
vn -0.8090 -0.5298 0.2545
vn -0.8017 -0.3422 0.4901
vn -0.8016 -0.3420 0.4904
vn -0.8015 -0.3424 -0.4902
vn -0.8016 -0.3420 -0.4904
vn -0.8091 -0.5305 -0.2527
vn -0.7922 -0.5900 -0.1559
vn -0.7921 -0.5899 0.1571
vn -0.7369 -0.6760 0.0009
vn -0.8088 -0.5302 0.2544
vn -0.7921 -0.5901 -0.1559
vn -0.8089 -0.5309 -0.2526
vn -0.7559 0.4966 0.4266
vn -0.7289 0.6476 0.2221
vn -0.6956 0.7100 0.1099
vn -0.7560 0.4967 0.4263
vn -0.7288 0.6483 -0.2205
vn -0.7557 0.4969 -0.4267
vn -0.6956 0.7102 -0.1086
vn -0.7560 0.4967 -0.4263
vn -0.2069 -0.5794 0.7884
vn -0.5081 -0.5124 0.6923
vn -0.1962 -0.5806 0.7902
vn -0.1790 -0.5911 -0.7865
vn -0.1553 -0.5938 -0.7895
vn -0.4914 -0.5195 -0.6990
vn -0.7287 0.6479 0.2220
vn -0.6441 0.7649 0.0009
vn -0.6956 0.7101 0.1096
vn -0.6956 0.7103 -0.1083
vn -0.7286 0.6485 -0.2204
vn -0.3434 -0.6862 0.6412
vn -0.3153 -0.6941 0.6472
vn -0.5045 -0.6265 0.5941
vn -0.1117 0.6183 0.7780
vn -0.4262 0.5965 0.6801
vn -0.1280 0.6188 0.7750
vn -0.2893 -0.6942 -0.6591
vn -0.4903 -0.6336 -0.5984
vn -0.2745 -0.6972 -0.6623
vn -0.1232 -0.7185 -0.6846
vn -0.2885 -0.6943 -0.6593
vn -0.2738 -0.6974 -0.6623
vn -0.1235 -0.7183 -0.6846
vn -0.1864 0.7174 -0.6713
vn -0.4074 0.6846 -0.6044
vn -0.1979 0.7167 -0.6687
vn -0.3427 -0.6864 0.6414
vn -0.2012 -0.7193 0.6649
vn -0.3146 -0.6943 0.6473
vn -0.2532 0.7166 0.6499
vn -0.2273 0.7201 0.6555
vn -0.1091 0.7297 0.6751
vn -0.2280 0.7201 0.6553
vn -0.2539 0.7165 0.6498
vn -0.4224 0.6795 0.5999
vn -0.0300 0.7174 -0.6960
vn -0.0297 0.7174 -0.6960
vn -0.1971 0.7167 -0.6689
vn -0.1856 0.7175 -0.6714
vn -0.2061 -0.5794 0.7885
vn 0.3682 -0.6997 0.6122
vn 0.3696 -0.7000 0.6111
vn -0.1955 -0.5807 0.7903
vn 0.6613 -0.7152 0.2263
vn 0.6622 -0.7155 0.2228
vn 0.7550 0.6254 0.1972
vn 0.4688 0.6624 0.5843
vn 0.4748 0.6626 0.5793
vn 0.7551 0.6255 0.1964
vn -0.1110 0.6183 0.7781
vn -0.1272 0.6188 0.7752
vn 0.7541 0.6250 -0.2020
vn 0.4926 0.6587 -0.5687
vn 0.7541 0.6250 -0.2019
vn 0.4898 0.6586 -0.5712
vn -0.0984 0.6262 -0.7734
vn -0.0689 0.6252 -0.7774
vn 0.6878 -0.7258 -0.0056
vn 0.6605 -0.7145 -0.2305
vn 0.6879 -0.7258 -0.0051
vn 0.6613 -0.7147 -0.2278
vn 0.3855 -0.6989 -0.6024
vn 0.6604 -0.7144 -0.2313
vn 0.3920 -0.7000 -0.5970
vn 0.6612 -0.7147 -0.2282
vn -0.1782 -0.5911 -0.7866
vn -0.1545 -0.5938 -0.7896
vn 0.6878 -0.7258 -0.0049
vn 0.6615 -0.7152 0.2255
vn 0.6623 -0.7155 0.2221
vn 0.6879 -0.7258 -0.0044
vn 0.7727 0.6348 -0.0052
vn 0.7727 0.6348 -0.0056
vn 0.7550 0.6254 0.1969
vn 0.7727 0.6348 -0.0044
vn 0.7727 0.6348 -0.0048
vn -0.6062 -0.1921 -0.7717
vn -0.7469 0.3783 -0.5469
vn -0.7571 0.4029 -0.5143
vn -0.6077 -0.1922 -0.7705
vn -0.7943 0.5955 -0.1204
vn -0.7897 0.5967 -0.1426
vn 0.7692 0.6387 0.0192
vn 0.7542 0.6382 -0.1544
vn 0.7699 0.6379 0.0176
vn 0.7534 0.6379 -0.1598
vn 0.7534 0.6409 0.1470
vn 0.7693 0.6388 -0.0109
vn 0.7700 0.6380 -0.0089
vn 0.7528 0.6410 0.1497
vn 0.7356 0.4092 0.5399
vn 0.7586 0.6414 0.1145
vn 0.7439 0.4366 0.5059
vn 0.6372 -0.0674 0.7677
vn 0.6372 -0.0355 0.7699
vn 0.7538 0.6429 0.1357
vn 0.6361 -0.0655 0.7688
vn 0.6344 -0.1065 0.7656
vn 0.6298 -0.3012 0.7159
vn 0.7599 0.6396 -0.1161
vn 0.7306 0.4242 -0.5351
vn 0.7383 0.4438 -0.5079
vn 0.7551 0.6407 -0.1393
vn 0.6423 -0.0725 -0.7630
vn 0.6432 -0.0317 -0.7650
vn 0.6412 -0.0726 -0.7639
vn 0.6160 -0.3643 -0.6984
vn 0.6375 -0.1191 -0.7612
vn 0.7542 0.6382 -0.1545
vn 0.7699 0.6379 0.0177
vn 0.7534 0.6379 -0.1596
vn 0.7528 0.6411 0.1497
vn 0.7586 0.6414 0.1146
vn 0.6340 -0.1128 0.7650
vn 0.6360 -0.0866 0.7668
vn 0.6395 -0.1136 -0.7603
vn 0.6417 -0.0833 -0.7624
vn 0.6294 -0.1579 0.7609
vn 0.6320 -0.1493 0.7604
vn 0.6355 -0.1544 -0.7565
vn 0.6375 -0.1451 -0.7567
vn 0.8003 -0.5989 0.0280
vn 0.7632 -0.6313 -0.1377
vn 0.7449 -0.6454 -0.1690
vn 0.8001 -0.5985 0.0400
vn 0.7500 -0.6426 0.1568
vn 0.7645 -0.6306 0.1337
vn 0.8005 -0.5992 -0.0086
vn 0.8007 -0.5984 -0.0270
vn 0.7460 -0.6420 -0.1770
vn 0.7742 -0.6250 0.0999
vn 0.7779 -0.6014 0.1821
vn 0.7779 -0.6236 -0.0777
vn 0.7981 -0.5977 0.0766
vn 0.7387 -0.6707 -0.0662
vn 0.7112 -0.4190 0.5644
vn 0.7975 -0.5809 -0.1633
vn 0.7514 -0.6381 0.1677
vn 0.8026 -0.5450 -0.2424
vn 0.7744 -0.6252 0.0972
vn 0.7125 -0.3652 -0.5991
vn 0.7144 -0.3530 -0.6041
vn 0.8255 -0.5471 -0.1390
vn 0.6312 -0.1253 0.7654
vn 0.6273 -0.1601 0.7622
vn 0.6018 -0.4176 0.6808
vn 0.6353 -0.1311 -0.7611
vn 0.5850 -0.4714 -0.6600
vn 0.6309 -0.1668 -0.7577
vn 0.7114 -0.4282 0.5573
vn 0.6532 -0.4899 0.5774
vn 0.7060 -0.4339 0.5597
vn 0.8005 -0.5992 -0.0085
vn 0.8008 -0.5984 -0.0270
vn 0.7062 -0.3714 -0.6028
vn 0.7021 -0.3838 -0.5998
vn 0.6336 -0.5313 -0.5624
vn 0.7743 -0.6249 0.0998
vn 0.7779 -0.6014 0.1820
vn 0.7778 -0.6236 -0.0778
vn 0.7980 -0.5978 0.0766
vn 0.7387 -0.6708 -0.0663
vn 0.7266 -0.3785 0.5734
vn 0.7975 -0.5809 -0.1632
vn 0.7514 -0.6381 0.1678
vn 0.8026 -0.5451 -0.2424
vn 0.7744 -0.6252 0.0971
vn 0.7254 -0.3217 -0.6085
vn 0.7238 -0.3208 -0.6110
vn 0.8255 -0.5471 -0.1389
vn -0.6178 -0.1232 -0.7766
vn -0.6217 -0.0919 -0.7778
vn -0.7896 0.5968 -0.1426
vn 0.7534 0.6379 -0.1597
vn 0.6363 -0.0818 0.7671
vn 0.6371 -0.0505 0.7691
vn 0.6350 -0.0835 0.7680
vn 0.6324 -0.1237 0.7647
vn 0.6222 -0.3377 0.7063
vn 0.6416 -0.0855 -0.7623
vn 0.6429 -0.0471 -0.7645
vn 0.6398 -0.0903 -0.7632
vn 0.6073 -0.3981 -0.6875
vn 0.6356 -0.1344 -0.7602
vn -0.8032 0.5954 0.0201
vn -0.7885 0.5941 -0.1589
vn -0.7875 0.5939 -0.1647
vn -0.8039 0.5945 0.0182
vn -0.7872 0.5971 0.1544
vn -0.7879 0.5969 0.1514
vn -0.8033 0.5955 -0.0113
vn -0.8040 0.5946 -0.0090
vn -0.6127 -0.1194 0.7812
vn -0.7507 0.3631 0.5519
vn -0.6159 -0.0938 0.7822
vn -0.7622 0.3958 0.5122
vn -0.7932 0.5973 0.1188
vn -0.7885 0.5991 0.1390
vn -0.6055 -0.1633 0.7789
vn -0.6107 -0.1292 0.7812
vn -0.5775 -0.3826 0.7212
vn -0.6078 -0.1745 -0.7747
vn -0.5572 -0.4432 -0.7021
vn -0.6146 -0.1379 -0.7767
vn 0.7449 -0.6454 -0.1691
vn 0.7742 -0.6249 0.0999
vn 0.7981 -0.5977 0.0764
vn 0.7159 -0.4069 0.5673
vn 0.7515 -0.6381 0.1677
vn 0.7165 -0.3524 -0.6020
vn 0.7172 -0.3440 -0.6061
vn 0.8255 -0.5470 -0.1389
vn 0.7154 -0.4175 0.5603
vn 0.6640 -0.4648 0.5857
vn 0.7115 -0.4210 0.5626
vn 0.7097 -0.3616 -0.6047
vn 0.7072 -0.3702 -0.6023
vn 0.6448 -0.5081 -0.5710
vn -0.7639 -0.6453 -0.0081
vn -0.7254 -0.6755 0.1324
vn -0.7098 -0.6868 0.1562
vn -0.7641 -0.6445 -0.0273
vn -0.7637 -0.6450 0.0275
vn -0.7240 -0.6762 -0.1364
vn -0.7635 -0.6446 0.0402
vn -0.7046 -0.6894 -0.1678
vn -0.7410 -0.6465 0.1814
vn -0.7358 -0.6693 0.1033
vn -0.7059 -0.6861 -0.1757
vn -0.6987 -0.7127 -0.0625
vn -0.7615 -0.6436 0.0771
vn -0.6947 -0.4490 0.5620
vn -0.7393 -0.6691 -0.0761
vn -0.7606 -0.6284 -0.1631
vn -0.7116 -0.6825 0.1668
vn -0.7359 -0.6704 0.0953
vn -0.7683 -0.5941 -0.2382
vn -0.6986 -0.4012 -0.5924
vn -0.6934 -0.4135 -0.5901
vn -0.7908 -0.5970 -0.1352
vn -0.6168 -0.5448 -0.5681
vn -0.6896 -0.4627 0.5571
vn -0.6396 -0.5023 0.5819
vn -0.6942 -0.4590 0.5544
vn 0.7250 -0.3900 0.5677
vn 0.6885 -0.4014 0.6040
vn 0.7240 -0.3901 0.5689
vn 0.6212 -0.1943 0.7592
vn 0.6181 -0.2112 0.7572
vn 0.5612 -0.5358 0.6309
vn 0.7180 -0.3359 -0.6096
vn 0.7186 -0.3374 -0.6081
vn 0.6705 -0.4492 -0.5905
vn 0.6248 -0.1973 -0.7554
vn 0.5429 -0.5784 -0.6088
vn 0.6229 -0.2120 -0.7530
vn 0.7450 -0.6453 -0.1690
vn -0.7875 0.5939 -0.1646
vn -0.8038 0.5946 0.0182
vn -0.8033 0.5955 -0.0112
vn 0.7387 -0.6707 -0.0663
vn 0.7431 -0.3301 0.5821
vn -0.5996 -0.1956 0.7760
vn -0.7506 0.3632 0.5519
vn -0.6023 -0.1950 0.7741
vn -0.7932 0.5973 0.1187
vn 0.7514 -0.6382 0.1677
vn 0.7390 -0.2686 -0.6178
vn 0.7358 -0.2731 -0.6197
vn 0.7446 -0.3297 0.5804
vn 0.7252 -0.2771 0.6303
vn 0.7426 -0.3358 0.5795
vn 0.7335 -0.2820 -0.6185
vn 0.7360 -0.2780 -0.6173
vn 0.7107 -0.3323 -0.6201
vn -0.6135 -0.1513 -0.7750
vn -0.6173 -0.1292 -0.7760
vn -0.6079 -0.1505 0.7796
vn -0.7506 0.3632 0.5520
vn -0.6117 -0.1309 0.7802
vn -0.7932 0.5973 0.1189
vn -0.7886 0.5941 -0.1588
vn -0.8033 0.5955 -0.0114
vn -0.8040 0.5946 -0.0091
vn -0.5839 -0.2513 0.7720
vn -0.5868 -0.2426 0.7726
vn -0.4988 -0.5802 0.6439
vn -0.5886 -0.2522 -0.7681
vn -0.4767 -0.6222 -0.6210
vn -0.5898 -0.2470 -0.7689
vn -0.5972 -0.2000 0.7767
vn -0.6031 -0.1722 0.7789
vn -0.5500 -0.4628 0.6952
vn -0.6003 -0.2071 -0.7725
vn -0.5284 -0.5164 -0.6739
vn -0.6063 -0.1797 -0.7747
vn -0.6195 -0.1101 -0.7772
vn -0.6234 -0.0760 -0.7782
vn -0.6147 -0.1050 0.7817
vn -0.7506 0.3631 0.5520
vn -0.6174 -0.0783 0.7828
vn -0.7623 0.3958 0.5122
vn -0.7875 0.5939 -0.1648
vn -0.7272 -0.3787 0.5725
vn -0.7150 -0.3182 0.6225
vn -0.7299 -0.3729 0.5728
vn -0.7250 -0.3266 -0.6064
vn -0.7225 -0.3295 -0.6078
vn -0.6964 -0.3723 -0.6135
vn -0.6089 -0.1460 0.7797
vn -0.6135 -0.1106 0.7819
vn -0.5882 -0.3459 0.7310
vn -0.7410 -0.6465 0.1815
vn -0.7358 -0.6692 0.1033
vn -0.7615 -0.6436 0.0770
vn -0.7279 -0.3732 0.5752
vn -0.6109 -0.1590 -0.7756
vn -0.5689 -0.4094 -0.7133
vn -0.6177 -0.1196 -0.7773
vn -0.7252 -0.3211 -0.6091
vn -0.7286 -0.3177 -0.6068
vn -0.7046 -0.4321 0.5629
vn -0.6691 -0.4401 0.5989
vn -0.7059 -0.4321 0.5613
vn -0.7028 -0.3850 -0.5982
vn -0.7028 -0.3827 -0.5997
vn -0.6472 -0.4870 -0.5864
vn -0.7639 -0.6453 -0.0082
vn -0.7635 -0.6446 0.0401
vn -0.7614 -0.6436 0.0770
vn -0.7076 -0.4209 0.5675
vn -0.7093 -0.3683 -0.6011
vn -0.7105 -0.3703 -0.5985
vn -0.7908 -0.5970 -0.1351
vn -0.6952 -0.4102 -0.5903
vn -0.6876 -0.4275 -0.5869
vn -0.6037 -0.5674 -0.5600
vn -0.6987 -0.7126 -0.0626
vn -0.6889 -0.4609 0.5594
vn -0.6830 -0.4754 0.5544
vn -0.6267 -0.5269 0.5742
vn -0.6894 -0.4695 0.5517
vn 0.7543 0.6382 -0.1544
vn 0.6298 -0.1552 0.7611
vn 0.6323 -0.1449 0.7610
vn 0.6358 -0.1518 -0.7568
vn 0.6379 -0.1409 -0.7571
vn 0.7743 -0.6250 0.0998
vn 0.7420 -0.3334 0.5816
vn 0.7382 -0.2721 -0.6172
vn 0.7350 -0.2765 -0.6191
vn 0.7431 -0.3342 0.5797
vn 0.7230 -0.2863 0.6288
vn 0.7414 -0.3396 0.5788
vn 0.6220 -0.1896 0.7597
vn 0.6188 -0.2082 0.7575
vn 0.5641 -0.5284 0.6345
vn 0.7324 -0.2861 -0.6178
vn 0.7349 -0.2822 -0.6167
vn 0.7081 -0.3410 -0.6183
vn 0.6256 -0.1928 -0.7559
vn 0.5459 -0.5718 -0.6124
vn 0.6234 -0.2091 -0.7534
vn -0.6067 -0.1896 -0.7720
vn -0.6084 -0.1879 -0.7710
vn -0.7944 0.5954 -0.1204
vn -0.6002 -0.1928 0.7762
vn -0.6029 -0.1906 0.7747
vn -0.5892 -0.2496 -0.7685
vn -0.4803 -0.6156 -0.6247
vn -0.5909 -0.2425 -0.7695
vn -0.7885 0.5941 -0.1590
vn -0.5848 -0.2482 0.7723
vn -0.5880 -0.2379 0.7731
vn -0.5024 -0.5729 0.6476
vn -0.7236 -0.3307 -0.6059
vn -0.7211 -0.3336 -0.6073
vn -0.6932 -0.3809 -0.6119
vn -0.7258 -0.3824 0.5718
vn -0.7121 -0.3272 0.6211
vn -0.7282 -0.3773 0.5722
vn -0.7266 -0.3764 0.5747
vn -0.7240 -0.3248 -0.6085
vn -0.7274 -0.3212 -0.6064
vn -0.1511 0.7055 -0.6924
vn 0.2854 0.6173 -0.7331
vn 0.3448 0.5970 -0.7244
vn -0.2219 0.7093 -0.6691
vn 0.6258 -0.7800 -0.0000
vn 0.5398 -0.7718 -0.3361
vn 0.5095 -0.7592 -0.4049
vn 0.5398 -0.7718 0.3361
vn 0.5095 -0.7592 0.4049
vn -0.3592 -0.5896 -0.7234
vn 0.1105 -0.6664 -0.7374
vn -0.4244 -0.5715 -0.7023
vn 0.1615 -0.6700 -0.7246
vn 0.1622 -0.6700 -0.7244
vn 0.5091 -0.7591 -0.4057
vn 0.1109 -0.6665 -0.7372
vn 0.5396 -0.7716 -0.3368
vn -0.3596 -0.5896 -0.7232
vn -0.4250 -0.5711 -0.7022
vn -0.7239 -0.4315 -0.5383
vn -0.3592 -0.5896 0.7234
vn 0.1105 -0.6664 0.7374
vn 0.1616 -0.6699 0.7247
vn -0.4245 -0.5715 0.7023
vn -0.3596 -0.5896 0.7232
vn -0.7239 -0.4315 0.5384
vn -0.4251 -0.5712 0.7022
vn 0.1622 -0.6700 0.7244
vn 0.5091 -0.7591 0.4057
vn 0.5396 -0.7717 0.3368
vn 0.1109 -0.6665 0.7372
vn 0.7493 0.5686 -0.3395
vn 0.3455 0.5968 -0.7242
vn 0.7124 0.5659 -0.4150
vn 0.2858 0.6172 -0.7331
vn 0.2858 0.6172 0.7331
vn 0.3455 0.5968 0.7242
vn 0.7124 0.5659 0.4150
vn 0.7494 0.5685 0.3395
vn 0.8392 0.5438 -0.0000
vn 0.7129 0.5659 -0.4143
vn 0.7496 0.5687 -0.3387
vn 0.7496 0.5686 0.3388
vn 0.7129 0.5659 0.4142
vn -0.7181 -0.6478 -0.2545
vn -0.3227 -0.7244 -0.6092
vn -0.6774 -0.6531 -0.3386
vn -0.0557 -0.7687 -0.6372
vn -0.3220 -0.7244 -0.6096
vn -0.1261 -0.7778 -0.6158
vn -0.0559 -0.7683 -0.6376
vn -0.2578 -0.7654 -0.5897
vn -0.4591 -0.7161 -0.5257
vn -0.6773 -0.6532 0.3386
vn -0.3226 -0.7244 0.6093
vn -0.7181 -0.6478 0.2545
vn -0.0557 -0.7686 0.6373
vn -0.3220 -0.7244 0.6095
vn -0.0561 -0.7689 0.6369
vn -0.1261 -0.7778 0.6158
vn -0.2578 -0.7654 0.5897
vn -0.4591 -0.7161 0.5257
vn -0.7910 -0.6118 -0.0000
vn -0.6775 -0.6530 0.3383
vn -0.7184 -0.6477 0.2537
vn -0.6775 -0.6530 -0.3384
vn -0.7183 -0.6478 -0.2537
vn -0.2219 0.7093 0.6691
vn -0.1511 0.7055 0.6925
vn 0.2854 0.6174 0.7331
vn 0.3448 0.5970 0.7244
vn -0.2226 0.7092 -0.6689
vn -0.1515 0.7055 -0.6923
vn -0.5373 0.6721 -0.5095
vn -0.2226 0.7091 0.6690
vn -0.5373 0.6722 0.5095
vn -0.1515 0.7055 0.6923
vn -0.0110 0.7449 -0.6671
vn 0.2417 0.6986 -0.6734
vn 0.1407 0.7434 -0.6539
vn -0.0077 0.7777 -0.6286
vn 0.1407 0.7434 0.6539
vn -0.0077 0.7777 0.6286
vn 0.2417 0.6981 0.6740
vn -0.0110 0.7449 0.6671
vn -0.5399 0.8417 -0.0001
vn -0.3766 0.8429 0.3843
vn -0.5398 0.8418 -0.0000
vn -0.4400 0.8598 0.2593
vn -0.4399 0.8598 -0.2593
vn -0.5399 0.8417 0.0001
vn -0.3765 0.8430 -0.3841
vn -0.0085 0.7777 -0.6286
vn -0.2326 0.7938 -0.5620
vn 0.1401 0.7437 -0.6537
vn -0.0085 0.7777 0.6286
vn 0.1401 0.7437 0.6537
vn -0.2326 0.7938 0.5619
vn -0.0116 0.7452 0.6667
vn 0.2422 0.6982 0.6737
vn -0.4396 0.8597 0.2600
vn -0.4397 0.8597 -0.2601
vn -0.3763 0.8428 -0.3849
vn -0.0122 0.7443 -0.6678
vn 0.2006 0.5556 -0.8069
vn 0.1758 0.5716 -0.8015
vn -0.0482 0.6758 -0.7355
vn -0.9649 -0.2369 0.1135
vn -0.9594 -0.2821 -0.0033
vn -0.9690 -0.2218 0.1088
vn -0.9593 -0.2823 0.0010
vn -0.9593 -0.2821 -0.0141
vn -0.9635 -0.2361 -0.1258
vn -0.9681 -0.2212 -0.1180
vn -0.9592 -0.2822 -0.0180
vn -0.8120 -0.4534 0.3676
vn -0.9690 -0.2197 -0.1127
vn -0.8430 -0.4287 0.3248
vn -0.8314 -0.4286 0.3535
vn -0.5698 -0.4560 0.6837
vn -0.8049 -0.4430 0.3947
vn -0.5516 -0.4720 0.6877
vn -0.9630 -0.2336 -0.1342
vn -0.9698 -0.2204 0.1041
vn -0.8430 -0.4287 -0.3248
vn -0.9643 -0.2341 0.1235
vn -0.8120 -0.4534 -0.3676
vn -0.5510 -0.4731 -0.6875
vn -0.8314 -0.4286 -0.3536
vn -0.8049 -0.4430 -0.3947
vn -0.5417 -0.4813 -0.6891
vn -0.5473 -0.4776 -0.6873
vn -0.7069 -0.3323 -0.6243
vn -0.5336 -0.4894 -0.6898
vn -0.4038 -0.4213 0.8121
vn -0.6357 -0.2502 0.7303
vn -0.3886 -0.4290 0.8155
vn -0.5659 -0.4613 0.6833
vn -0.5432 -0.4807 0.6884
vn -0.7328 -0.2983 0.6116
vn -0.3883 -0.4324 -0.8138
vn -0.3658 -0.4436 -0.8182
vn -0.5982 -0.2880 -0.7478
vn 0.0541 -0.8049 0.5909
vn -0.4155 -0.4117 0.8111
vn -0.3985 -0.4209 0.8149
vn 0.0661 -0.8145 0.5764
vn 0.3134 -0.9383 0.1461
vn 0.3128 -0.9390 0.1428
vn -0.3993 -0.4239 -0.8129
vn 0.0541 -0.8050 -0.5908
vn -0.3752 -0.4367 -0.8176
vn 0.0661 -0.8144 -0.5765
vn 0.3132 -0.9377 -0.1506
vn 0.3125 -0.9384 -0.1473
vn -0.3165 0.9428 0.1047
vn -0.0726 0.9396 -0.3346
vn -0.0403 0.9273 -0.3721
vn -0.3021 0.9452 0.1238
vn -0.3166 0.9418 -0.1133
vn -0.0726 0.9396 0.3346
vn -0.3020 0.9438 -0.1346
vn -0.0403 0.9273 0.3721
vn -0.2596 0.9656 -0.0144
vn -0.3001 0.9455 -0.1264
vn -0.2595 0.9656 -0.0181
vn -0.3148 0.9417 -0.1188
vn -0.3148 0.9428 0.1095
vn -0.2596 0.9657 -0.0033
vn -0.3001 0.9471 0.1140
vn -0.2594 0.9658 0.0008
vn 0.1773 0.5674 0.8041
vn -0.0989 0.6887 0.7183
vn 0.1586 0.5792 0.7996
vn 0.3135 -0.9398 0.1362
vn 0.3098 -0.9508 -0.0007
vn 0.3132 -0.9397 0.1371
vn 0.3097 -0.9508 -0.0004
vn 0.3098 -0.9508 -0.0085
vn 0.3131 -0.9392 -0.1413
vn 0.3130 -0.9391 -0.1419
vn 0.3097 -0.9508 -0.0088
vn 0.1206 0.7066 0.6973
vn 0.0960 0.7148 0.6927
vn -0.1320 0.7763 0.6164
vn 0.1333 0.7026 -0.6990
vn -0.0899 0.7715 -0.6299
vn 0.1192 0.7071 -0.6969
vn 0.0893 0.7154 0.6930
vn 0.1085 0.7093 0.6965
vn -0.0666 0.9293 0.3632
vn -0.0453 0.9158 0.3990
vn 0.1219 0.7054 -0.6982
vn 0.1132 0.7079 -0.6971
vn -0.0666 0.9293 -0.3633
vn -0.0454 0.9158 -0.3990
vn 0.7258 0.3824 0.5718
vn 0.9641 0.2241 0.1423
vn 0.9645 0.2252 0.1381
vn 0.7243 0.3821 0.5739
vn 0.7200 0.3788 0.5815
vn 0.7212 0.3772 0.5810
vn 0.1453 0.5839 0.7987
vn 0.1662 0.5715 0.8036
vn 0.9635 0.2242 -0.1466
vn 0.7258 0.3824 -0.5718
vn 0.9638 0.2253 -0.1425
vn 0.7243 0.3821 -0.5739
vn 0.1637 0.5763 -0.8007
vn 0.7212 0.3772 -0.5810
vn 0.7199 0.3789 -0.5815
vn 0.1908 0.5598 -0.8063
vn 0.9652 0.2251 0.1333
vn 0.9720 0.2351 -0.0007
vn 0.9654 0.2251 0.1318
vn 0.9719 0.2352 -0.0004
vn 0.9719 0.2351 -0.0082
vn 0.9647 0.2251 -0.1368
vn 0.9719 0.2352 -0.0084
vn 0.9645 0.2251 -0.1381
vn 0.3721 0.6309 -0.6808
vn 0.4108 0.5956 -0.6903
vn 0.3449 0.6530 -0.6742
vn 0.4164 0.5907 -0.6911
vn -0.7287 0.0812 -0.6800
vn -0.7287 0.0812 0.6800
vn -0.6127 -0.3448 -0.7111
vn -0.6186 -0.3306 -0.7128
vn -0.6121 -0.3476 -0.7103
vn -0.6178 -0.3319 -0.7128
vn -0.6121 -0.3476 0.7103
vn -0.6186 -0.3306 0.7128
vn -0.6127 -0.3447 0.7111
vn -0.6178 -0.3319 0.7128
vn -0.5872 -0.3943 -0.7069
vn -0.6108 -0.3500 -0.7103
vn -0.5742 -0.4151 -0.7057
vn -0.6126 -0.3460 -0.7106
vn -0.5741 -0.4151 0.7058
vn -0.6108 -0.3500 0.7103
vn -0.5872 -0.3943 0.7069
vn -0.6126 -0.3460 0.7106
vn -0.4796 -0.5210 -0.7061
vn -0.5708 -0.4196 -0.7058
vn -0.4173 -0.5767 -0.7023
vn -0.5855 -0.3995 -0.7054
vn 0.0371 0.8305 -0.5557
vn -0.0258 0.8410 -0.5405
vn -0.1813 0.8539 -0.4879
vn -0.4042 -0.5863 0.7021
vn -0.4697 -0.5345 0.7026
vn -0.2823 -0.6751 0.6816
vn -0.5708 -0.4196 0.7058
vn -0.4796 -0.5210 0.7061
vn -0.4173 -0.5767 0.7023
vn -0.5855 -0.3995 0.7054
vn -0.4697 -0.5345 -0.7026
vn -0.4042 -0.5863 -0.7021
vn -0.2823 -0.6751 -0.6816
vn -0.0258 0.8409 0.5405
vn 0.0371 0.8305 0.5557
vn -0.1813 0.8539 0.4879
vn 0.0467 0.8303 0.5554
vn -0.0203 0.8428 0.5379
vn 0.2093 0.7567 0.6194
vn 0.2374 0.7368 0.6330
vn 0.2093 0.7567 -0.6194
vn 0.0466 0.8303 -0.5554
vn 0.2374 0.7368 -0.6331
vn -0.0203 0.8428 -0.5378
vn 0.3451 0.6526 -0.6746
vn 0.2375 0.7373 -0.6325
vn 0.3619 0.6384 -0.6793
vn 0.2187 0.7546 -0.6186
vn 0.2375 0.7373 0.6325
vn 0.2188 0.7546 0.6186
vn 0.3452 0.6526 0.6745
vn 0.3619 0.6384 0.6793
vn 0.3450 0.6530 0.6742
vn 0.4108 0.5956 0.6903
vn 0.3721 0.6309 0.6808
vn 0.4164 0.5907 0.6911
vn 0.2351 -0.9516 -0.1978
vn 0.2345 -0.9507 -0.2027
vn 0.2321 -0.9516 -0.2017
vn 0.2314 -0.9522 -0.1994
vn 0.2345 -0.9507 0.2027
vn 0.2351 -0.9516 0.1978
vn 0.2321 -0.9516 0.2017
vn 0.2314 -0.9522 0.1994
vn 0.5812 0.4471 -0.6800
vn 0.5811 0.4471 -0.6800
vn 0.5812 0.4471 0.6800
vn 0.6365 -0.6203 -0.4583
vn 0.6365 -0.6202 -0.4586
vn 0.6362 -0.6197 -0.4596
vn 0.6367 -0.6203 -0.4580
vn 0.6365 -0.6202 0.4586
vn 0.6365 -0.6203 0.4583
vn 0.6362 -0.6197 0.4596
vn 0.6367 -0.6203 0.4580
vn -0.3592 -0.5897 -0.7234
vn -0.4245 -0.5715 -0.7023
vn -0.4250 -0.5712 -0.7022
vn -0.7239 -0.4315 -0.5384
vn 0.7124 0.5659 -0.4149
vn 0.7129 0.5659 0.4143
vn -0.6774 -0.6531 0.3386
vn -0.0558 -0.7686 0.6373
vn -0.0561 -0.7688 0.6370
vn -0.1262 -0.7777 0.6159
vn -0.0110 0.7449 -0.6670
vn 0.2417 0.6987 -0.6734
vn -0.0110 0.7449 0.6670
vn 0.5947 0.4378 -0.6743
vn 0.5352 0.5063 -0.6762
vn 0.5981 0.4321 -0.6749
vn 0.5324 0.5101 -0.6756
vn -0.7117 -0.1304 -0.6903
vn -0.7223 -0.1027 -0.6839
vn -0.7226 -0.0996 -0.6841
vn -0.7110 -0.1337 -0.6904
vn -0.7117 -0.1304 0.6903
vn -0.7223 -0.1027 0.6839
vn -0.7110 -0.1337 0.6904
vn -0.7226 -0.0996 0.6841
vn -0.6661 0.3537 -0.6566
vn -0.6661 0.3537 0.6566
vn -0.6440 -0.2966 -0.7052
vn -0.7113 -0.1366 -0.6895
vn -0.7107 -0.1368 -0.6901
vn -0.6665 -0.2472 -0.7033
vn -0.5272 -0.4728 -0.7061
vn -0.4705 -0.5341 -0.7024
vn -0.6440 -0.2966 0.7052
vn -0.7113 -0.1366 0.6895
vn -0.6665 -0.2472 0.7033
vn -0.5273 -0.4727 0.7061
vn -0.4705 -0.5341 0.7024
vn -0.7107 -0.1368 0.6901
vn -0.4584 -0.5449 0.7021
vn -0.5188 -0.4870 0.7026
vn -0.3456 -0.6450 0.6815
vn -0.5188 -0.4870 -0.7026
vn -0.4584 -0.5449 -0.7021
vn -0.3456 -0.6450 -0.6816
vn 0.1163 0.8232 -0.5558
vn 0.0548 0.8395 -0.5405
vn -0.0987 0.8673 -0.4878
vn -0.1424 -0.9553 -0.2591
vn -0.1425 -0.9547 -0.2612
vn -0.1440 -0.9546 -0.2607
vn -0.1448 -0.9547 -0.2598
vn -0.1425 -0.9547 0.2612
vn -0.1424 -0.9553 0.2591
vn -0.1440 -0.9546 0.2607
vn -0.1448 -0.9547 0.2598
vn 0.1261 0.8219 0.5555
vn 0.0605 0.8409 0.5378
vn 0.3304 0.7014 0.6315
vn 0.3661 0.6722 0.6435
vn 0.0548 0.8395 0.5405
vn 0.1164 0.8231 0.5558
vn -0.0987 0.8674 0.4878
vn 0.3304 0.7014 -0.6315
vn 0.1259 0.8220 -0.5554
vn 0.3661 0.6722 -0.6435
vn 0.0605 0.8409 -0.5378
vn 0.5292 0.5128 -0.6760
vn 0.3711 0.6691 -0.6439
vn 0.5257 0.5173 -0.6753
vn 0.3424 0.6965 -0.6306
vn 0.3424 0.6965 0.6306
vn 0.5292 0.5128 0.6760
vn 0.3711 0.6691 0.6439
vn 0.5257 0.5173 0.6753
vn 0.4367 -0.8064 -0.3987
vn 0.4364 -0.8064 -0.3991
vn 0.4365 -0.8062 -0.3995
vn 0.4365 -0.8072 -0.3973
vn 0.4367 -0.8064 0.3987
vn 0.4364 -0.8064 0.3991
vn 0.4365 -0.8072 0.3973
vn 0.4365 -0.8062 0.3994
vn 0.5352 0.5063 0.6762
vn 0.5324 0.5101 0.6755
vn 0.5947 0.4378 0.6743
vn 0.5981 0.4321 0.6749
vn 0.6467 0.3880 -0.6566
vn 0.6467 0.3880 -0.6567
vn 0.6467 0.3880 0.6566
vn 0.6467 0.3880 0.6567
vn -0.6284 -0.0441 -0.7766
vn -0.6285 -0.0455 -0.7765
vn -0.5440 -0.3414 -0.7665
vn -0.6287 -0.0412 -0.7766
vn -0.6284 -0.0426 -0.7767
vn -0.5474 -0.3329 -0.7678
vn 0.5547 0.2708 0.7868
vn 0.5870 -0.1331 0.7986
vn 0.5552 0.2661 0.7880
vn 0.5868 -0.1306 0.7991
vn 0.5510 0.2791 -0.7865
vn 0.5527 0.2737 -0.7871
vn 0.4117 0.5560 0.7220
vn 0.5510 0.2791 0.7865
vn 0.5527 0.2737 0.7871
vn 0.5847 -0.3010 -0.7534
vn 0.6163 0.1334 -0.7761
vn 0.6168 0.1331 -0.7757
vn 0.5836 -0.2977 -0.7555
vn 0.6168 0.1331 0.7757
vn 0.5847 -0.3010 0.7534
vn 0.5834 -0.2977 0.7557
vn 0.6163 0.1334 0.7761
vn 0.5869 -0.1331 -0.7986
vn 0.5552 0.2661 -0.7880
vn 0.5868 -0.1306 -0.7991
vn 0.5547 0.2708 -0.7868
vn 0.4046 0.5621 -0.7214
vn 0.4447 0.5098 -0.7364
vn 0.1434 0.7688 0.6233
vn 0.2103 0.7362 0.6433
vn 0.0143 0.8190 0.5737
vn 0.4046 0.5621 0.7214
vn 0.4446 0.5099 0.7365
vn 0.2103 0.7362 -0.6433
vn 0.1434 0.7688 -0.6232
vn 0.0143 0.8190 -0.5737
vn 0.5830 -0.1531 -0.7979
vn 0.5783 -0.3199 -0.7505
vn 0.5792 -0.3150 -0.7519
vn 0.5837 -0.1521 -0.7976
vn 0.5783 -0.3199 0.7505
vn 0.5830 -0.1531 0.7979
vn 0.5793 -0.3149 0.7518
vn 0.5838 -0.1521 0.7976
vn -0.6287 -0.0412 0.7766
vn -0.5440 -0.3414 0.7665
vn -0.6284 -0.0426 0.7767
vn -0.5474 -0.3329 0.7678
vn -0.6284 -0.0441 0.7766
vn -0.6285 -0.0454 0.7765
vn -0.5324 -0.3579 -0.7671
vn -0.4453 -0.5195 -0.7293
vn -0.5364 -0.3507 -0.7676
vn -0.4688 -0.4703 -0.7477
vn -0.4453 -0.5196 0.7292
vn -0.5324 -0.3579 0.7671
vn -0.5364 -0.3507 0.7676
vn -0.4688 -0.4703 0.7477
vn -0.6248 0.0721 -0.7774
vn -0.4584 -0.5014 -0.7338
vn -0.4798 -0.4523 -0.7518
vn -0.4584 -0.5014 0.7338
vn -0.6248 0.0721 0.7774
vn -0.4798 -0.4523 0.7518
vn -0.5100 -0.3651 -0.7789
vn -0.4658 -0.4240 -0.7767
vn -0.4658 -0.4239 0.7768
vn -0.5100 -0.3651 0.7788
vn -0.6019 -0.1631 0.7817
vn -0.5903 -0.1977 -0.7826
vn -0.4717 -0.4166 -0.7771
vt 0.000000 0.000000
vt 0.625000 0.750000
vt 0.625000 1.000000
vt 0.375000 1.000000
vt 0.375000 0.750000
vt 0.375000 0.500000
vt 0.625000 0.500000
vt 0.625000 0.250000
vt 0.625000 0.000000
vt 0.375000 0.250000
vt 0.375000 0.000000
vt 0.500000 0.500000
vt 0.500000 0.250000
vt 0.500000 0.750000
vt 0.500000 1.000000
vt 0.500000 0.000000
s 1
f 1/1/1 3/1/2 2/1/3
f 1/1/1 2/1/3 4/1/4
f 5/1/5 2/1/3 3/1/2
f 2/1/3 5/1/5 6/1/6
f 10/1/7 7/1/8 8/1/9
f 7/1/8 9/1/10 8/1/9
f 11/1/7 12/1/11 10/1/7
f 11/1/7 10/1/7 8/1/9
f 12/1/11 11/1/7 13/1/12
f 14/1/13 12/1/11 13/1/12
f 15/1/14 14/1/13 13/1/12
f 16/1/15 14/1/13 15/1/14
f 17/1/15 14/1/13 16/1/15
f 8/1/9 9/1/10 18/1/10
f 19/1/16 21/1/17 20/1/18
f 21/1/17 19/1/16 22/1/19
f 22/1/19 23/1/20 21/1/17
f 20/1/18 21/1/17 24/1/18
f 25/1/21 27/1/22 26/1/22
f 27/1/22 25/1/21 28/1/21
f 29/2/23 31/3/24 30/3/25
f 31/3/24 29/2/23 32/2/26
f 33/3/27 34/2/28 30/3/29
f 33/3/27 35/2/30 34/2/28
f 36/4/31 38/2/32 37/3/33
f 38/2/32 36/4/31 39/5/34
f 40/2/35 42/6/36 41/7/37
f 42/6/36 40/2/35 43/5/35
f 44/2/38 46/7/39 45/7/40
f 46/7/39 44/2/38 47/2/41
f 48/2/42 45/7/43 49/7/44
f 50/2/45 48/2/42 49/7/44
f 51/3/46 53/2/47 52/2/48
f 53/2/47 51/3/46 54/3/49
f 55/2/50 57/7/51 56/2/52
f 55/2/53 59/2/54 58/7/55
f 59/2/54 60/7/56 58/7/55
f 61/8/57 63/9/58 62/8/59
f 64/3/60 66/2/61 65/3/62
f 67/7/63 69/8/64 68/7/65
f 70/8/66 67/7/67 71/7/68
f 71/7/68 72/8/69 70/8/66
f 73/9/70 75/8/71 74/8/72
f 75/8/71 73/9/70 76/9/73
f 77/3/74 79/2/75 78/2/76
f 79/2/75 77/3/74 80/3/77
f 81/2/78 83/7/79 82/2/80
f 81/2/78 84/7/81 83/7/79
f 85/9/82 87/8/83 86/8/84
f 87/8/83 85/9/82 88/9/85
f 89/7/86 91/7/87 90/8/88
f 91/7/87 92/8/89 90/8/88
f 93/9/90 95/8/91 94/8/92
f 95/8/91 93/9/90 96/9/93
f 97/8/94 100/7/95 98/7/96
f 98/7/96 99/8/97 97/8/94
f 101/10/98 103/11/99 102/8/100
f 103/11/99 104/9/101 102/8/100
f 105/6/102 107/8/103 106/7/104
f 107/8/103 105/6/102 108/10/105
f 109/9/106 111/8/107 110/9/108
f 109/9/106 112/8/109 111/8/107
f 113/8/110 115/7/111 114/7/112
f 115/7/111 113/8/110 116/8/113
f 117/12/114 119/10/115 118/13/116
f 119/10/115 117/12/114 120/6/117
f 121/5/118 123/6/119 122/6/120
f 123/6/119 121/5/118 124/5/121
f 122/6/122 126/6/123 125/5/124
f 127/5/125 125/5/124 126/6/123
f 128/4/126 130/14/127 129/5/128
f 130/14/127 128/4/126 131/15/129
f 132/14/130 134/4/131 133/5/132
f 134/4/131 132/14/130 135/15/133
f 136/5/134 138/5/135 137/4/136
f 138/5/135 139/4/137 137/4/136
f 140/5/138 142/4/139 141/4/140
f 140/5/138 143/5/141 142/4/139
f 144/5/142 146/5/143 145/4/144
f 147/5/145 149/4/146 148/5/147
f 149/4/146 147/5/145 150/4/148
f 151/6/149 153/5/150 152/6/151
f 154/5/152 156/4/153 155/5/154
f 157/6/155 159/6/156 158/5/157
f 160/5/158 162/4/159 161/4/160
f 162/4/159 160/5/158 163/5/161
f 164/5/162 166/6/163 165/5/164
f 166/6/163 164/5/162 167/6/165
f 168/5/166 169/6/167 167/6/168
f 169/6/167 168/5/166 170/5/169
f 171/5/170 173/12/171 172/6/172
f 173/12/171 171/5/170 174/14/173
f 175/12/174 177/5/175 176/6/176
f 177/5/175 175/12/174 178/14/177
f 179/10/178 181/10/179 180/6/180
f 182/10/181 184/6/182 183/10/183
f 185/13/184 187/11/185 186/16/186
f 187/11/185 185/13/184 188/10/187
f 189/10/188 191/13/189 190/11/190
f 190/11/190 191/13/189 192/16/191
f 193/11/192 195/10/193 194/11/194
f 196/10/195 198/11/196 197/10/197
f 198/11/196 196/10/195 199/11/198
f 197/10/199 201/11/200 200/10/201
f 200/10/201 201/11/200 202/11/202
f 202/11/202 203/11/203 200/10/201
f 204/10/204 206/11/205 205/11/206
f 206/11/205 204/10/204 207/10/207
f 208/11/208 207/10/209 209/10/210
f 209/10/210 210/11/211 208/11/208
f 211/10/212 213/6/213 212/10/214
f 213/6/213 211/10/212 214/6/215
f 215/6/216 214/6/215 211/10/212
f 215/6/216 211/10/212 216/10/217
f 217/6/218 219/10/219 218/10/220
f 219/10/219 217/6/218 220/6/221
f 219/10/219 220/6/221 221/6/222
f 222/10/223 219/10/219 221/6/222
f 223/6/224 225/12/225 224/10/226
f 224/10/226 225/12/225 226/13/227
f 227/6/228 229/10/229 228/6/230
f 229/10/229 230/10/231 228/6/230
f 230/10/232 232/10/233 231/6/234
f 238/5/235 233/5/236 234/4/237
f 234/4/237 233/5/236 235/4/238
f 233/5/236 236/4/239 235/4/238
f 236/4/239 233/5/236 237/5/240
f 239/5/241 241/4/242 240/5/243
f 241/4/242 239/5/241 242/4/244
f 239/5/241 243/4/245 242/4/244
f 243/4/245 239/5/241 244/5/246
f 245/15/247 247/5/248 246/4/249
f 245/15/247 248/14/247 247/5/248
f 249/4/250 251/5/251 250/15/252
f 251/5/251 252/14/252 250/15/252
f 253/12/253 255/5/254 254/14/253
f 255/5/254 253/12/253 256/6/255
f 257/5/256 259/12/257 258/14/257
f 259/12/257 257/5/256 260/6/258
f 266/5/259 261/5/260 262/4/261
f 262/4/261 261/5/260 263/4/262
f 261/5/260 264/4/263 263/4/262
f 264/4/263 261/5/260 265/5/264
f 267/5/265 269/4/266 268/5/267
f 269/4/266 267/5/265 270/4/268
f 267/5/265 271/4/269 270/4/268
f 271/4/269 267/5/265 272/5/270
f 273/12/271 275/5/272 274/14/273
f 275/5/272 273/12/271 276/6/274
f 277/5/275 279/12/276 278/14/276
f 279/12/276 277/5/275 280/6/277
f 281/15/278 283/5/279 282/4/280
f 281/15/278 284/14/278 283/5/279
f 285/4/281 287/5/282 286/15/283
f 287/5/282 288/14/284 286/15/283
f 289/5/235 291/4/237 290/5/285
f 292/5/286 294/5/287 293/4/245
f 295/5/288 297/6/289 296/5/290
f 297/6/289 295/5/288 298/6/291
f 299/5/292 298/6/291 295/5/288
f 298/6/291 299/5/292 300/6/293
f 301/6/294 303/5/295 302/5/296
f 303/5/295 301/6/294 304/6/297
f 304/6/297 305/5/298 303/5/295
f 305/5/298 304/6/297 306/6/299
f 307/15/300 309/5/301 308/4/302
f 307/15/300 310/14/300 309/5/301
f 311/4/303 313/5/304 312/15/305
f 313/5/304 314/14/305 312/15/305
f 315/5/306 317/6/307 316/5/308
f 317/6/307 315/5/306 318/6/309
f 319/5/310 318/6/309 315/5/306
f 318/6/309 319/5/310 320/6/311
f 321/6/312 323/5/313 322/5/314
f 323/5/313 321/6/312 324/6/315
f 324/6/315 325/5/316 323/5/313
f 325/5/316 324/6/315 326/6/317
f 327/12/318 329/5/319 328/14/318
f 329/5/319 327/12/318 330/6/320
f 331/5/321 333/12/322 332/14/322
f 333/12/322 331/5/321 334/6/323
f 335/4/324 337/5/325 336/4/326
f 338/5/327 336/4/326 337/5/325
f 340/5/328 339/5/329 341/4/330
f 339/5/329 342/4/331 341/4/330
f 343/5/332 345/4/333 344/5/334
f 346/5/335 348/5/336 347/4/337
f 349/6/338 351/6/339 350/5/340
f 352/6/341 354/5/342 353/6/343
f 355/12/344 357/5/345 356/14/344
f 357/5/345 355/12/344 358/6/346
f 359/5/347 361/12/348 360/14/349
f 361/12/348 359/5/347 362/6/350
f 363/15/351 365/5/352 364/4/353
f 363/15/351 366/14/351 365/5/352
f 367/4/354 369/5/355 368/15/356
f 369/5/355 370/14/357 368/15/356
f 371/5/358 373/4/359 372/4/360
f 373/4/359 371/5/358 374/5/361
f 375/5/362 377/4/363 376/5/364
f 377/4/363 375/5/362 378/4/365
f 379/5/366 381/4/367 380/4/368
f 381/4/367 379/5/366 382/5/369
f 383/5/370 385/4/371 384/5/372
f 385/4/371 383/5/370 386/4/373
f 387/4/374 389/5/375 388/5/376
f 389/5/375 387/4/374 390/4/377
f 391/4/378 393/5/379 392/4/380
f 393/5/379 391/4/378 394/5/381
f 395/5/382 397/6/383 396/5/384
f 397/6/383 395/5/382 398/6/385
f 399/6/386 401/5/387 400/5/388
f 401/5/387 399/6/386 402/6/389
f 403/6/390 405/6/391 404/5/392
f 406/6/393 408/5/394 407/6/395
f 409/5/396 411/6/397 410/5/398
f 411/6/397 409/5/396 412/6/399
f 418/5/400 413/5/401 414/4/402
f 414/4/402 413/5/401 415/4/403
f 413/5/401 416/4/404 415/4/403
f 416/4/404 413/5/401 417/5/405
f 419/6/406 421/5/407 420/5/408
f 421/5/407 419/6/406 422/6/409
f 423/5/410 425/4/411 424/5/412
f 425/4/411 423/5/410 426/4/413
f 423/5/410 427/4/414 426/4/413
f 427/4/414 423/5/410 428/5/415
f 429/4/416 431/5/417 430/15/418
f 431/5/417 432/14/418 430/15/418
f 433/6/419 435/5/420 434/6/421
f 435/5/420 433/6/419 436/5/422
f 437/5/423 439/6/424 438/5/425
f 439/6/424 437/5/423 440/6/426
f 441/6/427 443/5/428 442/5/429
f 443/5/428 441/6/427 444/6/430
f 445/6/431 447/5/432 446/5/433
f 447/5/432 445/6/431 448/6/434
f 449/5/375 451/4/435 450/5/436
f 452/5/379 454/5/437 453/4/438
f 455/12/439 457/5/440 456/14/441
f 457/5/440 455/12/439 458/6/442
f 459/5/443 461/12/444 460/14/444
f 461/12/444 459/5/443 462/6/445
f 463/5/446 465/4/447 464/5/448
f 466/5/449 468/5/450 467/4/451
f 469/6/452 471/10/453 470/10/454
f 471/10/453 469/6/452 472/6/455
f 471/10/453 472/6/455 473/6/456
f 474/10/457 471/10/453 473/6/456
f 475/6/458 477/12/459 476/10/460
f 476/10/460 477/12/459 478/13/461
f 479/12/462 481/10/463 480/13/461
f 481/10/463 479/12/462 482/6/452
f 483/10/464 485/6/458 484/10/465
f 485/6/458 483/10/464 486/6/466
f 487/6/467 486/6/466 483/10/464
f 483/10/464 488/10/468 487/6/467
f 489/10/469 491/6/470 490/10/471
f 492/10/472 494/10/473 493/6/474
f 495/10/475 497/11/476 496/11/477
f 497/11/476 495/10/475 498/10/478
f 499/11/479 498/10/478 500/10/480
f 499/11/479 500/10/480 501/11/481
f 502/10/482 504/11/483 503/10/484
f 504/11/483 502/10/482 505/11/485
f 506/10/486 503/10/484 507/11/487
f 506/10/486 507/11/487 508/11/488
f 509/11/489 511/11/490 510/10/491
f 512/11/492 514/10/493 513/11/494
f 515/10/482 517/13/495 516/11/496
f 516/11/496 517/13/495 518/16/497
f 519/13/498 521/11/499 520/16/500
f 521/11/499 519/13/498 522/10/501
f 523/5/502 525/12/503 524/6/504
f 525/12/503 523/5/502 526/14/503
f 527/12/505 529/5/506 528/6/507
f 529/5/506 527/12/505 530/14/505
f 531/5/508 533/6/509 532/5/510
f 533/6/509 531/5/508 534/6/511
f 535/5/508 536/6/512 534/6/513
f 536/6/512 535/5/508 537/5/514
f 538/6/515 540/5/516 539/5/517
f 540/5/516 538/6/515 541/6/518
f 541/6/519 543/6/507 542/5/520
f 544/5/506 542/5/520 543/6/507
f 545/6/521 547/5/522 546/6/523
f 548/6/524 550/6/525 549/5/526
f 551/5/527 553/5/528 552/4/529
f 554/4/530 555/5/531 552/4/532
f 555/5/531 554/4/530 556/5/533
f 557/5/534 559/4/535 558/5/536
f 560/5/537 561/4/538 559/4/539
f 561/4/538 560/5/537 562/5/540
f 563/5/541 565/4/542 564/4/543
f 563/5/541 566/5/533 565/4/542
f 567/5/540 569/5/544 568/4/545
f 569/5/544 570/4/546 568/4/545
f 571/14/547 572/4/548 569/5/549
f 572/4/548 571/14/547 573/15/550
f 574/4/551 576/14/552 575/5/541
f 576/14/552 574/4/551 577/15/553
f 578/6/554 580/6/555 579/5/556
f 581/6/557 583/5/558 582/6/559
f 584/5/560 586/6/561 585/5/562
f 586/6/561 584/5/560 587/6/563
f 588/6/564 590/5/565 589/5/566
f 590/5/565 588/6/564 591/6/567
f 592/6/568 594/5/569 593/6/570
f 594/5/569 592/6/568 595/5/571
f 596/6/572 598/5/573 597/5/574
f 598/5/573 596/6/572 599/6/575
f 600/5/576 602/4/577 601/5/578
f 603/5/579 605/5/580 604/4/414
f 606/6/581 608/6/582 607/5/583
f 609/6/584 611/5/585 610/6/586
f 612/6/587 614/6/588 613/5/589
f 615/6/590 617/5/591 616/6/592
f 618/10/593 620/10/594 619/6/595
f 621/10/596 623/6/597 622/10/598
f 624/10/599 626/10/600 625/6/601
f 627/10/602 629/6/603 628/10/604
f 630/6/605 631/10/606 634/6/607
f 630/6/605 632/10/608 631/10/606
f 630/6/605 633/6/609 632/10/608
f 631/10/606 635/10/610 634/6/607
f 636/6/611 638/6/612 637/10/613
f 637/10/613 638/6/612 639/10/614
f 640/6/615 639/10/614 638/6/612
f 640/6/615 641/10/616 639/10/614
f 642/6/617 644/10/618 643/6/619
f 642/6/617 645/10/620 644/10/618
f 645/10/621 647/6/622 646/10/623
f 648/6/624 650/10/625 649/10/626
f 648/6/624 651/6/627 650/10/625
f 652/6/628 654/10/629 653/6/630
f 654/10/629 655/10/631 653/6/630
f 656/6/632 658/6/633 657/10/634
f 657/10/634 658/6/633 659/10/635
f 660/6/636 662/10/637 661/6/638
f 660/6/636 663/10/639 662/10/637
f 664/10/640 666/6/641 665/10/642
f 667/6/643 665/10/642 666/6/641
f 668/6/644 670/10/645 669/6/646
f 670/10/645 668/6/644 671/10/647
f 672/12/648 674/10/649 673/6/650
f 672/12/648 675/13/648 674/10/649
f 676/6/651 678/10/652 677/12/653
f 678/10/652 679/13/653 677/12/653
f 680/10/654 682/10/655 681/6/656
f 683/10/657 685/6/658 684/10/659
f 686/12/660 688/10/661 687/6/662
f 686/12/660 689/13/660 688/10/661
f 690/6/663 692/10/664 691/12/665
f 692/10/664 693/13/665 691/12/665
f 694/10/666 696/10/667 695/6/668
f 697/16/669 699/10/670 698/11/671
f 699/10/670 697/16/669 700/13/672
f 701/10/673 703/6/674 702/10/675
f 704/16/676 706/10/677 705/13/678
f 706/10/677 704/16/676 707/11/679
f 708/10/680 711/11/681 709/11/682
f 709/11/682 710/10/683 708/10/680
f 708/10/680 712/11/684 711/11/681
f 712/11/684 708/10/680 713/10/685
f 712/11/684 713/10/685 714/11/686
f 715/11/687 717/10/688 716/11/689
f 718/10/690 720/11/691 719/10/692
f 719/10/692 720/11/691 721/11/693
f 722/11/694 719/10/692 721/11/693
f 719/10/692 722/11/694 723/10/695
f 722/11/694 724/11/696 723/10/695
f 725/11/697 727/11/698 726/10/699
f 728/6/700 730/10/701 729/10/702
f 728/6/700 731/6/703 730/10/701
f 732/6/704 734/6/705 733/10/706
f 733/10/706 734/6/705 735/10/707
f 736/6/708 738/10/709 737/10/710
f 736/6/708 739/6/711 738/10/709
f 740/6/712 742/10/713 741/6/714
f 742/10/713 743/10/715 741/6/714
f 744/6/716 746/6/717 745/10/718
f 745/10/718 746/6/717 747/10/719
f 748/11/720 750/10/721 749/11/722
f 748/11/720 751/10/723 750/10/721
f 752/6/724 754/10/725 753/6/726
f 752/6/724 755/10/727 754/10/725
f 756/10/728 758/11/729 757/10/730
f 757/10/730 758/11/729 759/11/731
f 760/10/732 762/10/733 761/11/734
f 761/11/734 762/10/733 763/11/735
f 763/11/735 765/10/733 764/11/736
f 766/10/737 768/11/738 767/11/739
f 768/11/738 766/10/737 769/10/740
f 767/11/739 771/11/741 770/10/742
f 772/12/743 774/10/744 773/6/745
f 772/12/743 775/13/743 774/10/744
f 776/6/746 778/10/747 777/12/748
f 778/10/747 779/13/748 777/12/748
f 780/16/749 782/10/750 781/13/749
f 782/10/750 780/16/749 783/11/751
f 784/16/752 786/10/753 785/11/754
f 786/10/753 784/16/752 787/13/752
f 788/6/755 790/10/756 789/6/757
f 790/10/756 791/10/758 789/6/757
f 792/6/759 794/10/760 793/6/761
f 792/6/759 795/10/762 794/10/760
f 796/11/763 798/10/764 797/11/765
f 796/11/763 799/10/766 798/10/764
f 800/10/767 802/11/768 801/11/769
f 800/10/767 803/10/770 802/11/768
f 804/12/771 806/10/772 805/6/773
f 804/12/771 807/13/771 806/10/772
f 808/6/774 810/10/775 809/12/776
f 810/10/775 811/13/776 809/12/776
f 812/16/777 814/10/778 813/11/779
f 814/10/778 812/16/777 815/13/777
f 816/16/780 818/10/781 817/13/780
f 818/10/781 816/16/780 819/11/782
f 820/10/783 823/11/784 821/11/785
f 821/11/785 822/10/786 820/10/783
f 824/10/787 826/11/788 825/10/789
f 827/11/790 825/10/789 826/11/788
f 828/11/791 830/10/792 829/11/793
f 831/11/794 833/11/795 832/10/796
f 834/12/797 836/10/798 835/6/799
f 834/12/797 837/13/800 836/10/798
f 838/6/801 840/10/802 839/12/803
f 840/10/802 841/13/803 839/12/803
f 842/11/804 844/10/805 843/11/806
f 845/11/807 847/11/808 846/10/809
f 848/16/810 850/10/811 849/13/810
f 850/10/811 848/16/810 851/11/812
f 852/16/813 854/10/814 853/11/815
f 854/10/814 852/16/813 855/13/813
f 856/10/816 859/11/817 857/11/818
f 857/11/818 858/10/819 856/10/816
f 856/10/816 860/11/820 859/11/817
f 860/11/820 856/10/816 861/10/821
f 862/10/822 864/11/823 863/10/824
f 863/10/824 864/11/823 865/11/825
f 866/11/826 863/10/824 865/11/825
f 863/10/824 866/11/826 867/10/827
f 868/16/828 870/10/829 869/11/830
f 870/10/829 868/16/828 871/13/828
f 872/16/831 874/10/832 873/13/833
f 874/10/832 872/16/831 875/11/834
f 876/11/835 878/10/836 877/11/837
f 876/11/835 879/10/838 878/10/836
f 878/10/836 880/11/839 877/11/837
f 880/11/839 878/10/836 881/10/840
f 882/10/841 884/11/842 883/10/843
f 883/10/843 884/11/842 885/11/844
f 886/11/807 883/10/843 885/11/844
f 883/10/843 886/11/807 887/10/845
f 888/6/846 890/5/847 889/6/848
f 891/5/849 893/12/850 892/6/851
f 893/12/850 891/5/849 894/14/852
f 895/14/853 897/6/854 896/12/850
f 897/6/854 895/14/853 898/5/855
f 899/6/856 901/5/857 900/6/858
f 901/5/857 899/6/856 902/5/859
f 903/6/860 901/5/857 904/5/849
f 901/5/857 903/6/860 900/6/858
f 905/6/861 907/5/862 906/5/863
f 907/5/862 905/6/861 908/6/864
f 908/6/864 909/6/854 907/5/862
f 910/5/865 907/5/862 909/6/854
f 911/5/866 913/4/867 912/4/868
f 911/5/866 914/5/869 913/4/867
f 915/5/870 916/4/871 914/5/869
f 916/4/871 915/5/870 917/4/872
f 918/5/873 919/5/874 917/4/875
f 920/5/876 922/5/877 921/4/878
f 923/4/879 924/5/880 920/5/876
f 924/5/880 923/4/879 925/4/881
f 926/5/882 925/4/883 927/5/884
f 922/5/877 928/4/885 921/4/878
f 929/4/886 931/14/887 930/5/866
f 931/14/887 929/4/886 932/15/888
f 933/14/889 935/4/890 934/5/891
f 935/4/890 933/14/889 936/15/892
f 937/6/893 939/6/894 938/5/895
f 940/6/896 942/12/897 941/10/898
f 941/10/898 942/12/897 943/13/899
f 944/12/900 946/10/901 945/13/899
f 946/10/901 944/12/900 947/6/902
f 948/10/903 950/6/896 949/10/898
f 950/6/896 948/10/903 951/6/904
f 952/6/905 951/6/906 953/10/903
f 952/6/905 953/10/903 954/10/907
f 955/6/908 957/10/909 956/10/901
f 957/10/909 955/6/908 958/6/910
f 958/6/911 960/6/912 959/10/913
f 959/10/913 960/6/912 961/10/914
f 962/10/915 964/10/916 963/6/917
f 965/10/918 967/6/919 966/10/920
f 968/11/921 970/10/922 969/11/923
f 970/10/922 968/11/921 971/10/924
f 972/10/925 974/11/926 973/11/927
f 974/11/926 972/10/925 975/10/928
f 976/10/929 979/11/930 977/11/931
f 977/11/931 978/10/932 976/10/929
f 980/10/933 982/11/934 981/10/935
f 981/10/935 982/11/934 983/11/936
f 984/11/937 986/10/938 985/11/939
f 987/11/940 989/11/941 988/10/942
f 990/13/943 992/11/944 991/16/945
f 992/11/944 990/13/943 993/10/946
f 994/10/947 996/13/948 995/11/949
f 995/11/949 996/13/948 997/16/950
f 998/6/951 1000/5/952 999/6/953
f 1000/5/952 998/6/951 1001/5/954
f 999/6/953 1000/5/952 1002/6/955
f 1003/5/956 1002/6/955 1000/5/952
f 1004/14/957 1006/6/958 1005/5/959
f 1004/14/957 1007/12/960 1006/6/958
f 1008/5/961 1010/6/962 1009/14/963
f 1010/6/962 1011/12/964 1009/14/963
f 1012/6/965 1014/5/966 1013/5/967
f 1014/5/966 1012/6/965 1015/6/968
f 1016/6/969 1014/5/966 1015/6/968
f 1014/5/966 1016/6/969 1017/5/970
f 1018/6/971 1020/5/972 1019/6/953
f 1020/5/972 1018/6/971 1021/5/973
f 1019/6/953 1020/5/972 1022/6/974
f 1023/5/956 1022/6/974 1020/5/972
f 1024/14/957 1026/6/975 1025/5/976
f 1024/14/957 1027/12/960 1026/6/975
f 1028/5/977 1030/6/962 1029/14/978
f 1030/6/962 1031/12/979 1029/14/978
f 1032/6/980 1034/5/966 1033/5/981
f 1034/5/966 1032/6/980 1035/6/982
f 1036/6/969 1034/5/966 1035/6/982
f 1034/5/966 1036/6/969 1037/5/983
f 1038/14/957 1040/6/958 1039/5/959
f 1038/14/957 1041/12/960 1040/6/958
f 1042/5/961 1044/6/962 1043/14/963
f 1044/6/962 1045/12/979 1043/14/963
f 1046/6/984 1048/5/966 1047/5/985
f 1048/5/966 1046/6/984 1049/6/986
f 1050/6/987 1048/5/966 1049/6/986
f 1048/5/966 1050/6/987 1051/5/970
f 1052/6/988 1054/5/972 1053/6/953
f 1054/5/972 1052/6/988 1055/5/989
f 1053/6/953 1054/5/972 1056/6/955
f 1057/5/956 1056/6/955 1054/5/972
f 1058/14/990 1060/4/991 1059/15/992
f 1060/4/991 1058/14/990 1061/5/993
f 1062/14/994 1064/4/995 1063/5/996
f 1064/4/995 1062/14/994 1065/15/997
f 1066/5/998 1068/4/999 1067/5/1000
f 1069/4/1001 1066/5/1002 1070/5/1003
f 1071/4/1004 1067/5/1000 1068/4/999
f 1072/4/1005 1074/5/1006 1073/4/1007
f 1072/4/1005 1075/5/1008 1074/5/1006
f 1076/4/1009 1077/5/1010 1075/5/1011
f 1078/6/1012 1080/5/1013 1079/6/1014
f 1081/6/1015 1083/6/1016 1082/5/1017
f 1084/14/1018 1086/6/1019 1085/5/959
f 1084/14/1018 1087/12/960 1086/6/1019
f 1088/5/961 1090/6/962 1089/14/963
f 1090/6/962 1091/12/964 1089/14/963
f 1092/6/1020 1094/5/1021 1093/6/1022
f 1095/5/1023 1097/5/1024 1096/4/1025
f 1098/6/1026 1100/5/966 1099/5/1027
f 1100/5/966 1098/6/1026 1101/6/986
f 1102/6/969 1100/5/966 1101/6/986
f 1100/5/966 1102/6/969 1103/5/970
f 1104/6/1028 1106/5/972 1105/6/1029
f 1106/5/972 1104/6/1028 1107/5/1030
f 1105/6/1029 1106/5/972 1108/6/955
f 1109/5/956 1108/6/955 1106/5/972
f 1110/6/1031 1112/6/1032 1111/5/1033
f 1113/5/1034 1115/4/1035 1114/5/1036
f 1116/14/1037 1118/4/991 1117/15/1038
f 1118/4/991 1116/14/1037 1119/5/1039
f 1120/14/1040 1122/4/995 1121/5/996
f 1122/4/995 1120/14/1040 1123/15/997
f 1124/5/1041 1126/4/999 1125/5/1042
f 1127/4/1043 1124/5/1044 1128/5/1045
f 1128/5/1046 1130/5/1047 1129/4/1048
f 1131/4/1004 1125/5/1042 1126/4/999
f 1132/4/1049 1134/5/1050 1133/4/1007
f 1132/4/1049 1135/5/1051 1134/5/1050
f 1136/4/1052 1137/5/1053 1135/5/1011
f 1137/5/1053 1136/4/1052 1138/5/1054
f 1139/6/1055 1141/5/1056 1140/6/1057
f 1142/6/1058 1144/6/1059 1143/5/1060
f 1145/14/1037 1147/4/991 1146/15/1038
f 1147/4/991 1145/14/1037 1148/5/1061
f 1149/14/1040 1151/4/995 1150/5/996
f 1151/4/995 1149/14/1040 1152/15/997
f 1153/5/998 1155/4/999 1154/5/1042
f 1156/4/1043 1153/5/1062 1157/5/1063
f 1158/4/1064 1154/5/1042 1155/4/999
f 1159/4/1005 1161/5/1050 1160/4/1007
f 1159/4/1005 1162/5/1065 1161/5/1050
f 1163/4/1066 1164/5/1067 1162/5/1068
f 1165/5/1069 1167/5/1070 1166/4/1071
f 1168/6/1072 1170/5/1073 1169/6/1074
f 1171/13/1075 1173/6/1076 1172/12/1077
f 1173/6/1076 1171/13/1075 1174/10/1078
f 1175/6/1079 1177/13/1080 1176/12/1081
f 1177/13/1080 1175/6/1079 1178/10/1082
f 1179/6/1083 1181/10/1084 1180/6/1085
f 1181/10/1084 1179/6/1083 1182/10/1086
f 1183/6/1087 1181/10/1084 1184/10/1088
f 1183/6/1087 1180/6/1085 1181/10/1084
f 1185/5/1089 1187/4/1090 1186/5/1091
f 1188/6/1092 1190/6/1093 1189/5/1094
f 1191/10/1095 1194/6/1096 1192/6/1097
f 1192/6/1097 1193/6/1098 1191/10/1095
f 1191/10/1095 1193/6/1098 1196/10/1099
f 1194/6/1096 1191/10/1095 1195/10/1100
f 1196/10/1101 1198/6/1102 1197/10/1103
f 1199/14/990 1201/4/991 1200/15/992
f 1201/4/991 1199/14/990 1202/5/1061
f 1203/14/1040 1205/4/995 1204/5/996
f 1205/4/995 1203/14/1040 1206/15/997
f 1207/5/1041 1209/4/999 1208/5/1000
f 1210/4/1104 1207/5/1002 1211/5/1105
f 1212/4/1004 1208/5/1000 1209/4/999
f 1213/4/1106 1215/5/1107 1214/4/1108
f 1213/4/1106 1216/5/1051 1215/5/1107
f 1217/4/1109 1218/5/1110 1216/5/1011
f 1219/6/1111 1221/10/1112 1220/6/1085
f 1221/10/1112 1219/6/1111 1222/10/1086
f 1223/6/1113 1221/10/1112 1224/10/1114
f 1223/6/1113 1220/6/1085 1221/10/1112
f 1225/10/1095 1228/6/1096 1226/6/1097
f 1226/6/1097 1227/6/1115 1225/10/1095
f 1225/10/1095 1227/6/1115 1230/10/1116
f 1228/6/1096 1225/10/1095 1229/10/1100
f 1231/13/1075 1233/6/1117 1232/12/1077
f 1233/6/1117 1231/13/1075 1234/10/1078
f 1235/6/1079 1237/13/1080 1236/12/1081
f 1237/13/1080 1235/6/1079 1238/10/1082
f 1239/5/1118 1241/5/1119 1240/4/1120
f 1242/5/1121 1244/4/1122 1243/5/1123
f 1245/10/1124 1247/10/1125 1246/6/1126
f 1248/10/1127 1250/6/1128 1249/10/1129
f 1251/10/1130 1253/10/1131 1252/6/1132
f 1254/13/1075 1256/6/1076 1255/12/1077
f 1256/6/1076 1254/13/1075 1257/10/1133
f 1258/6/1079 1260/13/1080 1259/12/1081
f 1260/13/1080 1258/6/1079 1261/10/1082
f 1262/10/1134 1264/11/1135 1263/13/1136
f 1264/11/1135 1265/16/1137 1263/13/1136
f 1266/13/1138 1268/11/1139 1267/10/1140
f 1266/13/1138 1269/16/1141 1268/11/1139
f 1270/10/1095 1273/6/1142 1271/6/1097
f 1271/6/1097 1272/6/1143 1270/10/1095
f 1270/10/1095 1272/6/1143 1275/10/1144
f 1273/6/1142 1270/10/1095 1274/10/1100
f 1275/10/1145 1277/6/1146 1276/10/1147
f 1278/6/1111 1280/10/1148 1279/6/1085
f 1280/10/1148 1278/6/1111 1281/10/1086
f 1282/6/1149 1279/6/1085 1280/10/1148
f 1282/6/1149 1280/10/1148 1283/10/1150
f 1283/10/1151 1285/10/1152 1284/6/1153
f 1286/11/1154 1288/11/1155 1287/10/1156
f 1289/10/1157 1291/11/1158 1290/10/1159
f 1291/11/1158 1289/10/1157 1292/11/1160
f 1290/10/1161 1294/11/1162 1293/10/1163
f 1295/11/1164 1297/10/1165 1296/11/1166
f 1298/11/1167 1300/10/1168 1299/10/1169
f 1300/10/1168 1298/11/1167 1301/11/1170
f 1302/10/1171 1303/11/1172 1299/10/1173
f 1304/6/1111 1306/10/1084 1305/6/1085
f 1306/10/1084 1304/6/1111 1307/10/1086
f 1308/6/1174 1305/6/1085 1306/10/1084
f 1308/6/1174 1306/10/1084 1309/10/1175
f 1310/13/1176 1312/6/1076 1311/12/1077
f 1312/6/1076 1310/13/1176 1313/10/1133
f 1314/6/1177 1316/13/1080 1315/12/1081
f 1316/13/1080 1314/6/1177 1317/10/1082
f 1318/11/1178 1320/11/1179 1319/10/1180
f 1321/11/1181 1323/10/1182 1322/11/1183
f 1324/10/1134 1326/11/1135 1325/13/1136
f 1326/11/1135 1327/16/1137 1325/13/1136
f 1328/13/1138 1330/11/1139 1329/10/1140
f 1328/13/1138 1331/16/1141 1330/11/1139
f 1332/10/1095 1335/6/1096 1333/6/1097
f 1333/6/1097 1334/6/1184 1332/10/1095
f 1332/10/1095 1334/6/1184 1337/10/1185
f 1335/6/1096 1332/10/1095 1336/10/1100
f 1337/10/1186 1339/6/1187 1338/10/1188
f 1340/10/1189 1342/10/1190 1341/6/1191
f 1343/10/1192 1345/11/1158 1344/10/1193
f 1345/11/1158 1343/10/1192 1346/11/1194
f 1344/10/1161 1348/11/1195 1347/10/1196
f 1349/11/1167 1351/10/1168 1350/10/1169
f 1351/10/1168 1349/11/1167 1352/11/1197
f 1353/10/1198 1354/11/1199 1350/10/1200
f 1355/11/1201 1357/10/1202 1356/11/1203
f 1358/11/1204 1360/11/1205 1359/10/1206
f 1361/10/1134 1363/11/1135 1362/13/1136
f 1363/11/1135 1364/16/1137 1362/13/1136
f 1365/13/1138 1367/11/1139 1366/10/1140
f 1365/13/1138 1368/16/1141 1367/11/1139
f 1369/10/1192 1371/11/1158 1370/10/1193
f 1371/11/1158 1369/10/1192 1372/11/1160
f 1370/10/1207 1374/11/1208 1373/10/1209
f 1375/11/1167 1377/10/1210 1376/10/1211
f 1377/10/1210 1375/11/1167 1378/11/1170
f 1379/10/1212 1380/11/1213 1376/10/1200
f 1381/11/1214 1383/10/1215 1382/11/1216
f 1384/11/1217 1386/11/1218 1385/10/1219
f 1387/10/1134 1389/11/1135 1388/13/1136
f 1389/11/1135 1390/16/1137 1388/13/1136
f 1391/13/1138 1393/11/1220 1392/10/1140
f 1391/13/1138 1394/16/1141 1393/11/1220
f 1395/10/1157 1397/11/1158 1396/10/1221
f 1397/11/1158 1395/10/1157 1398/11/1160
f 1396/10/1161 1400/11/1195 1399/10/1222
f 1401/11/1167 1403/10/1168 1402/10/1169
f 1403/10/1168 1401/11/1167 1404/11/1197
f 1405/10/1223 1406/11/1224 1402/10/1225
f 1407/6/1226 1409/6/1227 1408/10/1228
f 1408/10/1228 1409/6/1227 1410/10/1229
f 1411/6/1230 1413/10/1231 1412/10/1232
f 1413/10/1231 1411/6/1230 1414/6/1233
f 1414/6/1233 1415/6/1234 1413/10/1231
f 1413/10/1231 1415/6/1234 1416/10/1235
f 1417/6/1236 1419/10/1237 1418/6/1238
f 1419/10/1237 1417/6/1236 1420/10/1239
f 1421/6/1240 1418/6/1238 1419/10/1237
f 1421/6/1240 1419/10/1237 1422/10/1241
f 1423/6/1242 1425/12/1243 1424/10/1244
f 1424/10/1244 1425/12/1243 1426/13/1245
f 1427/12/1246 1429/10/1247 1428/13/1248
f 1429/10/1247 1427/12/1246 1430/6/1249
f 1431/10/1250 1433/11/1251 1432/11/1252
f 1433/11/1251 1431/10/1250 1434/10/1253
f 1435/11/1254 1434/10/1255 1436/10/1256
f 1436/10/1256 1437/11/1257 1435/11/1254
f 1438/10/1258 1440/6/1259 1439/10/1260
f 1441/10/1261 1443/10/1262 1442/6/1263
f 1444/10/1264 1446/13/1265 1445/11/1266
f 1445/11/1266 1446/13/1265 1447/16/1267
f 1448/11/1268 1450/10/1269 1449/11/1270
f 1450/10/1269 1448/11/1268 1451/10/1271
f 1451/10/1272 1453/11/1273 1452/10/1274
f 1452/10/1274 1453/11/1273 1454/11/1275
f 1454/11/1276 1456/11/1277 1455/10/1278
f 1457/13/1279 1459/11/1280 1458/16/1281
f 1459/11/1280 1457/13/1279 1460/10/1282
f 1461/6/1283 1463/10/1284 1462/6/1285
f 1463/10/1284 1461/6/1283 1464/10/1286
f 1465/10/1287 1467/6/1288 1466/10/1289
f 1466/10/1289 1467/6/1288 1468/6/1290
f 1469/6/1291 1471/6/1292 1470/10/1293
f 1470/10/1293 1471/6/1292 1472/10/1294
f 1473/6/1295 1475/10/1296 1474/10/1297
f 1473/6/1295 1476/6/1298 1475/10/1296
f 1477/6/1299 1479/12/1300 1478/10/1301
f 1478/10/1301 1479/12/1300 1480/13/1302
f 1481/12/1303 1483/10/1304 1482/13/1305
f 1483/10/1304 1481/12/1303 1484/6/1306
f 1485/10/1307 1487/10/1308 1486/6/1309
f 1488/10/1310 1490/6/1311 1489/10/1312
f 1491/6/1313 1493/10/1314 1492/6/1315
f 1493/10/1314 1491/6/1313 1494/10/1316
f 1495/6/1317 1493/10/1314 1496/10/1318
f 1495/6/1317 1492/6/1315 1493/10/1314
f 1497/6/1319 1499/10/1320 1498/10/1321
f 1499/10/1320 1497/6/1319 1500/6/1322
f 1500/6/1322 1501/6/1323 1499/10/1320
f 1499/10/1320 1501/6/1323 1502/10/1324
f 1503/11/1325 1505/10/1326 1504/11/1327
f 1506/6/1328 1508/12/1329 1507/10/1330
f 1507/10/1330 1508/12/1329 1509/13/1331
f 1510/12/1332 1512/10/1333 1511/13/1334
f 1512/10/1333 1510/12/1332 1513/6/1335
f 1514/10/1336 1516/13/1337 1515/11/1338
f 1515/11/1338 1516/13/1337 1517/16/1339
f 1518/13/1340 1520/11/1341 1519/16/1342
f 1518/13/1340 1521/10/1343 1520/11/1341
f 1522/10/1344 1524/6/1345 1523/10/1346
f 1525/10/1347 1527/10/1348 1526/6/1349
f 1528/11/1350 1530/10/1351 1529/11/1352
f 1530/10/1351 1528/11/1350 1531/10/1353
f 1532/10/1354 1534/11/1355 1533/10/1356
f 1535/10/1357 1537/6/1358 1536/10/1359
f 1536/10/1359 1537/6/1358 1538/6/1360
f 1539/6/1361 1541/10/1362 1540/10/1363
f 1539/6/1361 1542/6/1364 1541/10/1362
f 1543/6/1365 1545/10/1366 1544/6/1367
f 1545/10/1366 1543/6/1365 1546/10/1368
f 1547/10/1369 1549/11/1370 1548/10/1371
f 1549/11/1370 1547/10/1369 1550/11/1372
f 1551/11/1373 1553/10/1374 1552/10/1375
f 1553/10/1374 1551/11/1373 1554/11/1376
f 1555/16/1377 1557/10/1378 1556/11/1379
f 1557/10/1378 1555/16/1377 1558/13/1380
f 1559/10/1381 1560/11/1382 1556/11/1383
f 1560/11/1382 1559/10/1381 1561/10/1384
f 1562/11/1385 1561/10/1386 1563/10/1387
f 1563/10/1387 1564/11/1388 1562/11/1385
f 1565/11/1389 1567/10/1390 1566/11/1391
f 1567/10/1390 1565/11/1389 1568/10/1392
f 1568/10/1393 1570/11/1394 1569/10/1395
f 1569/10/1395 1570/11/1394 1571/11/1396
f 1572/6/1397 1574/12/1398 1573/10/1399
f 1573/10/1399 1574/12/1398 1575/13/1400
f 1576/12/1401 1578/10/1402 1577/13/1403
f 1578/10/1402 1576/12/1401 1579/6/1404
f 1580/10/1405 1582/13/1406 1581/11/1407
f 1581/11/1407 1582/13/1406 1583/16/1408
f 1584/10/1409 1586/6/1410 1585/10/1411
f 1587/10/1412 1589/10/1413 1588/6/1414
f 1590/11/1415 1592/11/1416 1591/10/1417
f 1593/11/1418 1595/11/1419 1594/10/1420
f 1596/11/1421 1598/10/1422 1597/11/1423
f 1599/11/1424 1601/10/1425 1600/11/1426
f 1602/10/1427 1604/13/1428 1603/11/1429
f 1603/11/1429 1604/13/1428 1605/16/1430
f 1606/13/1431 1608/11/1432 1607/16/1433
f 1608/11/1432 1606/13/1431 1609/10/1434
f 1610/11/1435 1612/10/1436 1611/11/1437
f 1612/10/1436 1610/11/1435 1613/10/1438
f 1613/10/1439 1615/11/1440 1614/10/1441
f 1614/10/1441 1615/11/1440 1616/11/1442
f 1617/10/1443 1619/11/1444 1618/11/1445
f 1619/11/1444 1617/10/1443 1620/10/1446
f 1619/11/1444 1620/10/1446 1621/10/1447
f 1621/10/1447 1622/11/1448 1619/11/1444
f 1622/11/1449 1624/10/1450 1623/11/1451
f 1625/11/1452 1627/11/1453 1626/10/1454
f 1628/6/1455 1630/6/1456 1629/5/1457
f 1631/6/1458 1633/5/1459 1632/6/1460
f 1634/6/1461 1636/5/1462 1635/6/1463
f 1636/5/1462 1634/6/1461 1637/5/1464
f 1638/5/1465 1635/6/1463 1636/5/1462
f 1635/6/1463 1638/5/1465 1639/6/1466
f 1640/5/1467 1643/6/1468 1641/6/1469
f 1641/6/1469 1642/5/1470 1640/5/1467
f 1643/6/1468 1640/5/1467 1644/5/1471
f 1642/5/1470 1641/6/1469 1645/6/1472
f 1646/5/1473 1648/12/1474 1647/6/1475
f 1648/12/1474 1646/5/1473 1649/14/1476
f 1650/12/1477 1652/5/1478 1651/6/1479
f 1652/5/1478 1650/12/1477 1653/14/1480
f 1654/6/1481 1656/6/1482 1655/5/1483
f 1657/6/1484 1659/5/1485 1658/6/1486
f 1660/12/1487 1662/5/1488 1661/6/1489
f 1662/5/1488 1660/12/1487 1663/14/1490
f 1664/5/1491 1666/12/1492 1665/6/1493
f 1666/12/1492 1664/5/1491 1667/14/1494
f 1668/6/1495 1670/5/1496 1669/6/1497
f 1670/5/1496 1668/6/1495 1671/5/1498
f 1670/5/1496 1672/6/1499 1669/6/1497
f 1672/6/1499 1670/5/1496 1673/5/1500
f 1674/5/1501 1677/6/1502 1675/6/1503
f 1675/6/1503 1676/6/1504 1674/5/1501
f 1679/5/1505 1674/5/1501 1676/6/1504
f 1677/6/1502 1674/5/1501 1678/5/1506
f 1680/6/1507 1682/6/1508 1681/5/1509
f 1683/6/1510 1685/5/1511 1684/6/1512
f 1686/6/1513 1688/6/1514 1687/5/1515
f 1689/4/1516 1691/14/1517 1690/5/1518
f 1691/14/1517 1689/4/1516 1692/15/1519
f 1693/14/1520 1695/4/1521 1694/5/1522
f 1695/4/1521 1693/14/1520 1696/15/1523
f 1697/6/1524 1699/5/1525 1698/6/1526
f 1700/5/1527 1703/6/1528 1701/6/1529
f 1701/6/1529 1702/5/1530 1700/5/1527
f 1703/6/1528 1700/5/1527 1704/5/1531
f 1702/5/1530 1701/6/1529 1705/6/1532
f 1706/6/1533 1708/5/1534 1707/6/1535
f 1708/5/1534 1706/6/1533 1709/5/1536
f 1710/5/1537 1707/6/1535 1708/5/1534
f 1707/6/1535 1710/5/1537 1711/6/1538
f 1712/5/1539 1714/4/1540 1713/5/1541
f 1715/4/1542 1717/5/1543 1716/4/1544
f 1717/5/1543 1718/5/1545 1716/4/1544
f 1719/5/1546 1720/4/1547 1718/5/1548
f 1720/4/1547 1719/5/1546 1721/4/1549
f 1722/5/1550 1723/5/1551 1721/4/1552
f 1724/4/1553 1727/5/1554 1725/5/1555
f 1725/5/1555 1726/4/1556 1724/4/1553
f 1724/4/1553 1728/5/1557 1727/5/1554
f 1728/5/1557 1724/4/1553 1729/4/1558
f 1730/5/1559 1732/12/1560 1731/6/1561
f 1732/12/1560 1730/5/1559 1733/14/1562
f 1734/12/1563 1736/5/1564 1735/6/1565
f 1736/5/1564 1734/12/1563 1737/14/1566
f 1738/4/1567 1740/14/1568 1739/5/1569
f 1740/14/1568 1738/4/1567 1741/15/1570
f 1742/14/1571 1744/4/1572 1743/5/1573
f 1744/4/1572 1742/14/1571 1745/15/1574
f 1746/6/1575 1748/5/1576 1747/6/1577
f 1748/5/1576 1746/6/1575 1749/5/1578
f 1748/5/1576 1750/6/1579 1747/6/1577
f 1750/6/1579 1748/5/1576 1751/5/1580
f 1752/5/1581 1755/6/1582 1753/6/1583
f 1753/6/1583 1754/6/1584 1752/5/1581
f 1757/5/1585 1752/5/1581 1754/6/1584
f 1755/6/1582 1752/5/1581 1756/5/1586
f 1758/5/1587 1760/5/1588 1759/4/1589
f 1761/4/1590 1762/5/1591 1758/5/1592
f 1762/5/1591 1761/4/1590 1763/4/1593
f 1764/5/1594 1763/4/1595 1765/5/1596
f 1760/5/1588 1766/4/1597 1759/4/1589
f 1767/5/1598 1769/12/1599 1768/6/1600
f 1769/12/1599 1767/5/1598 1770/14/1601
f 1771/12/1602 1773/5/1603 1772/6/1604
f 1773/5/1603 1771/12/1602 1774/14/1605
f 1775/5/1606 1777/4/1607 1776/4/1608
f 1775/5/1606 1778/5/1609 1777/4/1607
f 1779/5/1610 1780/4/1611 1778/5/1612
f 1780/4/1611 1779/5/1610 1781/4/1613
f 1782/5/1614 1783/5/1615 1781/4/1616
f 1784/5/1617 1786/5/1618 1785/4/1619
f 1787/5/1620 1789/4/1621 1788/5/1622
f 1790/4/1623 1792/14/1624 1791/5/1625
f 1792/14/1624 1790/4/1623 1793/15/1626
f 1794/14/1627 1796/4/1628 1795/5/1629
f 1796/4/1628 1794/14/1627 1797/15/1630
f 1798/14/1631 1800/4/1632 1799/5/1633
f 1800/4/1632 1798/14/1631 1801/15/1634
f 1802/4/1635 1804/14/1636 1803/5/1637
f 1804/14/1636 1802/4/1635 1805/15/1638
f 1806/4/1639 1808/5/1640 1807/5/1641
f 1809/4/1642 1808/5/1640 1806/4/1639
f 1808/5/1640 1809/4/1642 1810/5/1643
f 1811/4/1644 1813/5/1645 1812/4/1646
f 1813/5/1645 1814/5/1647 1812/4/1646
f 1816/5/1648 1815/4/1649 1814/5/1647
f 1812/4/1646 1814/5/1647 1815/4/1649
f 1817/5/1650 1819/5/1651 1818/4/1652
f 1820/5/1653 1822/5/1654 1821/4/1655
f 1823/4/1656 1824/5/1657 1820/5/1658
f 1824/5/1657 1823/4/1656 1825/4/1659
f 1826/5/1660 1825/4/1661 1827/5/1662
f 1822/5/1654 1828/4/1663 1821/4/1655
f 1829/5/1664 1831/4/1665 1830/4/1666
f 1829/5/1664 1832/5/1667 1831/4/1665
f 1833/5/1668 1834/4/1669 1832/5/1670
f 1834/4/1669 1833/5/1668 1835/4/1671
f 1836/10/1672 1838/6/1673 1837/10/1674
f 1836/10/1672 1839/6/1675 1838/6/1673
f 1840/12/1676 1842/10/1677 1841/13/1678
f 1842/10/1677 1840/12/1676 1843/6/1679
f 1844/6/1680 1846/12/1681 1845/10/1682
f 1845/10/1682 1846/12/1681 1847/13/1683
f 1848/12/1684 1850/10/1685 1849/13/1686
f 1850/10/1685 1848/12/1684 1851/6/1687
f 1852/6/1688 1854/12/1689 1853/10/1690
f 1853/10/1690 1854/12/1689 1855/13/1691
f 1856/10/1692 1858/11/1693 1857/13/1694
f 1858/11/1693 1859/16/1695 1857/13/1694
f 1860/13/1696 1862/11/1697 1861/10/1698
f 1860/13/1696 1863/16/1699 1862/11/1697
f 1864/10/1700 1866/11/1701 1865/10/1702
f 1866/11/1701 1864/10/1700 1867/11/1703
f 1868/11/1704 1870/10/1705 1869/10/1706
f 1870/10/1705 1868/11/1704 1871/11/1707
f 1872/10/1708 1874/10/1709 1873/6/1710
f 1875/10/1711 1877/6/1712 1876/10/1713
f 1878/6/1714 1881/10/1715 1879/10/1716
f 1879/10/1716 1880/6/1717 1878/6/1714
f 1882/6/1718 1884/10/1719 1883/6/1720
f 1884/10/1719 1885/10/1721 1883/6/1720
f 1886/13/1722 1888/11/1723 1887/10/1724
f 1886/13/1722 1889/16/1725 1888/11/1723
f 1890/10/1726 1892/11/1727 1891/13/1728
f 1892/11/1727 1893/16/1729 1891/13/1728
f 1894/6/1730 1896/10/1731 1895/10/1732
f 1896/10/1731 1894/6/1730 1897/6/1733
f 1898/10/1734 1897/6/1735 1899/6/1736
f 1900/10/1737 1898/10/1734 1899/6/1736
f 1900/10/1738 1902/6/1739 1901/10/1740
f 1903/11/1741 1905/10/1742 1904/11/1743
f 1906/11/1744 1908/11/1745 1907/10/1746
f 1909/10/1747 1911/10/1748 1910/6/1749
f 1912/10/1750 1914/6/1751 1913/10/1752
f 1915/10/1753 1918/11/1754 1916/11/1755
f 1916/11/1755 1917/10/1756 1915/10/1753
f 1919/11/1757 1921/10/1758 1920/11/1759
f 1922/11/1760 1924/11/1761 1923/10/1762
f 1925/6/1763 1927/10/1764 1926/10/1765
f 1927/10/1764 1925/6/1763 1928/6/1766
f 1929/6/1767 1932/10/1768 1930/10/1769
f 1930/10/1769 1931/6/1770 1929/6/1767
f 1932/10/1771 1934/6/1772 1933/10/1773
f 1935/6/1774 1934/6/1772 1932/10/1771
f 1936/10/1775 1938/6/1776 1931/6/1777
f 1931/6/1777 1937/10/1778 1936/10/1775
f 1939/6/1779 1941/6/1780 1940/10/1781
f 1940/10/1781 1941/6/1780 1942/10/1782
f 1943/6/1783 1945/10/1784 1944/10/1785
f 1946/6/1786 1945/10/1784 1943/6/1783
f 1947/6/1787 1948/10/1788 1946/6/1789
f 1948/10/1788 1949/10/1790 1946/6/1789
f 1950/6/1791 1952/6/1792 1944/10/1793
f 1950/6/1791 1944/10/1793 1951/10/1794
f 1953/10/1795 1955/11/1796 1954/10/1797
f 1954/10/1797 1955/11/1796 1956/11/1798
f 1957/10/1799 1960/11/1800 1958/11/1801
f 1958/11/1801 1959/10/1802 1957/10/1799
f 1961/6/1803 1963/10/1804 1962/10/1805
f 1961/6/1803 1964/6/1806 1963/10/1804
f 1965/14/1807 1967/6/1808 1966/12/1809
f 1967/6/1808 1965/14/1807 1968/5/1810
f 1969/14/1811 1971/6/1812 1970/5/1813
f 1971/6/1812 1969/14/1811 1972/12/1814
f 1973/11/1815 1975/10/1816 1974/11/1817
f 1975/10/1816 1973/11/1815 1976/10/1818
f 1977/11/1819 1976/10/1818 1973/11/1815
f 1978/10/1820 1974/11/1817 1975/10/1816
f 1979/6/1821 1981/13/1822 1980/12/1823
f 1981/13/1822 1979/6/1821 1982/10/1824
f 1983/13/1825 1985/6/1826 1984/12/1827
f 1985/6/1826 1983/13/1825 1986/10/1828
f 1987/14/1829 1989/6/1830 1988/12/1831
f 1989/6/1830 1987/14/1829 1990/5/1832
f 1991/14/1833 1993/6/1834 1992/5/1835
f 1993/6/1834 1991/14/1833 1994/12/1836
f 1995/6/1837 1997/10/1838 1996/10/1839
f 1995/6/1837 1998/6/1840 1997/10/1838
f 1999/10/1841 2001/6/1842 2000/10/1843
f 1999/10/1841 2002/6/1844 2001/6/1842
f 2003/10/1845 2005/11/1846 2004/10/1847
f 2005/11/1846 2003/10/1845 2006/11/1848
f 2007/10/1849 2006/11/1848 2003/10/1845
f 2007/10/1849 2008/11/1850 2006/11/1848
f 2009/5/1851 2011/6/1852 2010/6/1853
f 2011/6/1852 2009/5/1851 2012/5/1854
f 2013/5/1855 2015/6/1856 2014/5/1857
f 2015/6/1856 2013/5/1855 2016/6/1858
f 2017/11/1859 2019/10/1860 2018/11/1861
f 2020/10/1862 2022/11/1863 2021/10/1864
f 2022/11/1863 2020/10/1862 2023/11/1865
f 2024/10/1866 2026/11/1867 2025/11/1868
f 2027/10/1869 2026/11/1867 2024/10/1866
f 2028/6/1870 2030/10/1871 2029/12/1872
f 2030/10/1871 2031/13/1873 2029/12/1872
f 2032/12/1874 2034/10/1875 2033/6/1876
f 2032/12/1874 2035/13/1877 2034/10/1875
f 2036/10/1878 2038/6/1879 2037/10/1880
f 2039/10/1881 2041/10/1882 2040/6/1883
f 2042/10/1884 2044/11/1885 2043/10/1886
f 2042/10/1884 2045/11/1887 2044/11/1885
f 2046/10/1888 2048/11/1889 2047/10/1890
f 2046/10/1888 2049/11/1891 2048/11/1889
f 2050/11/1892 2052/10/1893 2051/11/1894
f 2053/10/1895 2051/11/1894 2052/10/1893
f 2054/10/1896 2056/11/1897 2055/10/1898
f 2057/4/1899 2059/14/1900 2058/15/1901
f 2059/14/1900 2057/4/1899 2060/5/1902
f 2061/14/1903 2063/4/1904 2062/15/1905
f 2063/4/1904 2061/14/1903 2064/5/1906
f 2065/6/1907 2067/5/1908 2066/6/1909
f 2067/5/1908 2065/6/1907 2068/5/1910
f 2065/6/1907 2069/6/1911 2068/5/1910
f 2070/6/1912 2072/5/1913 2071/6/1914
f 2070/6/1912 2073/5/1915 2072/5/1913
f 2073/5/1915 2070/6/1912 2074/6/1916
f 2075/10/1917 2077/11/1918 2076/10/1919
f 2078/13/1920 2080/11/1921 2079/16/1922
f 2080/11/1921 2078/13/1920 2081/10/1923
f 2082/11/1924 2084/11/1925 2083/10/1926
f 2085/11/1927 2087/10/1928 2086/11/1929
f 2088/5/1930 2090/4/1931 2089/5/1932
f 2091/5/1933 2093/5/1934 2092/4/1935
f 2094/13/1936 2096/11/1937 2095/16/1938
f 2096/11/1937 2094/13/1936 2097/10/1939
f 2098/10/1940 2100/13/1941 2099/11/1942
f 2099/11/1942 2100/13/1941 2101/16/1943
f 2102/6/1944 2104/5/1945 2103/6/1946
f 2104/5/1945 2102/6/1944 2105/5/1947
f 2106/6/1948 2108/5/1949 2107/5/1950
f 2108/5/1949 2106/6/1948 2109/6/1951
f 2110/5/1952 2112/6/1953 2111/6/1954
f 2112/6/1953 2110/5/1952 2113/5/1955
f 2114/6/1956 2113/5/1957 2115/6/1958
f 2111/6/1959 2117/5/1960 2116/5/1961
f 2117/5/1960 2111/6/1959 2118/6/1962
f 2119/6/1963 2121/5/1964 2120/6/1965
f 2121/5/1964 2119/6/1963 2122/5/1966
f 2119/6/1963 2123/6/1967 2122/5/1966
f 2124/5/1968 2126/6/1969 2125/6/1970
f 2126/6/1969 2124/5/1968 2127/5/1971
f 2126/6/1969 2127/5/1971 2128/6/1972
f 2129/4/1973 2131/5/1974 2130/4/1975
f 2132/5/1976 2130/4/1975 2131/5/1974
f 2133/5/1977 2135/4/1978 2134/5/1979
f 2135/4/1978 2133/5/1977 2136/4/1980
f 2137/5/1981 2139/6/1982 2138/6/1983
f 2139/6/1982 2137/5/1981 2140/5/1984
f 2139/6/1982 2140/5/1984 2141/6/1985
f 2142/5/1986 2144/6/1987 2143/5/1988
f 2144/6/1987 2142/5/1986 2145/6/1989
f 2144/6/1987 2146/6/1990 2143/5/1988
f 2147/4/1991 2149/14/1992 2148/15/1993
f 2149/14/1992 2147/4/1991 2150/5/1994
f 2151/15/1995 2153/5/1996 2152/4/1997
f 2151/15/1995 2154/14/1998 2153/5/1996
f 2155/5/1999 2157/4/2000 2156/5/2001
f 2158/5/2002 2160/5/2003 2159/4/2004
f 2161/6/2005 2163/5/2006 2162/5/2007
f 2163/5/2006 2161/6/2005 2164/6/2008
f 2165/6/2009 2163/5/2006 2164/6/2008
f 2163/5/2006 2165/6/2009 2166/5/2010
f 2167/5/2011 2169/4/2012 2168/5/2013
f 2169/4/2012 2167/5/2011 2170/4/2014
f 2170/4/2015 2172/5/2016 2171/4/2017
f 2172/5/2016 2170/4/2015 2173/5/2018
f 2174/4/2019 2175/5/2020 2168/5/2021
f 2176/4/2022 2175/5/2020 2174/4/2019
f 2177/5/2023 2178/4/2024 2181/5/2025
f 2178/4/2024 2177/5/2023 2179/4/2026
f 2177/5/2023 2180/5/2027 2179/4/2026
f 2182/5/2028 2184/4/2029 2183/4/2030
f 2184/4/2029 2182/5/2028 2185/5/2031
f 2186/5/2032 2188/4/2033 2187/5/2034
f 2186/5/2032 2189/4/2035 2188/4/2033
f 2189/4/2035 2186/5/2032 2190/5/2036
f 2191/6/2037 2193/5/2038 2192/6/2039
f 2193/5/2038 2191/6/2037 2194/5/2040
f 2196/5/2041 2195/6/2042 2193/5/2038
f 2192/6/2039 2193/5/2038 2195/6/2042
f 2197/5/2043 2199/4/2044 2198/5/2045
f 2199/4/2044 2197/5/2043 2200/4/2046
f 2201/4/2047 2203/5/2048 2202/4/2049
f 2201/4/2050 2205/5/2051 2204/5/2052
f 2205/5/2051 2201/4/2050 2206/4/2053
f 2207/5/2054 2202/4/2049 2203/5/2048
f 2208/5/2055 2209/4/2056 2207/5/2057
f 2209/4/2056 2208/5/2055 2210/4/2058
f 2211/5/2059 2213/6/2060 2212/14/2061
f 2213/6/2060 2214/12/2062 2212/14/2061
f 2215/14/2063 2217/6/2064 2216/5/2065
f 2215/14/2063 2218/12/2066 2217/6/2064
f 2219/14/2067 2221/6/2068 2220/5/2069
f 2219/14/2067 2222/12/2070 2221/6/2068
f 2223/5/2071 2225/6/2072 2224/14/2073
f 2225/6/2072 2226/12/2074 2224/14/2073
f 2227/5/2075 2229/4/2076 2228/5/2077
f 2229/4/2076 2227/5/2075 2230/4/2078
f 2231/5/2079 2232/5/2080 2230/4/2081
f 2232/5/2080 2233/4/2082 2230/4/2081
f 2232/5/2080 2234/5/2083 2233/4/2082
f 2235/4/2084 2237/5/2085 2236/5/2086
f 2238/4/2087 2237/5/2085 2235/4/2084
f 2239/5/2088 2238/4/2089 2240/5/2090
f 2241/4/2091 2240/5/2090 2238/4/2089
f 2240/5/2090 2241/4/2091 2242/5/2092
f 2243/4/2093 2245/5/2094 2244/5/2095
f 2246/4/2096 2248/5/2097 2247/5/2098
f 2249/14/2099 2251/4/2100 2250/5/2101
f 2251/4/2100 2249/14/2099 2252/15/2102
f 2253/4/2103 2255/14/2104 2254/5/2105
f 2255/14/2104 2253/4/2103 2256/15/2106
f 2257/14/2107 2259/4/2108 2258/5/2109
f 2259/4/2108 2257/14/2107 2260/15/2110
f 2261/4/2111 2263/14/2112 2262/5/2113
f 2263/14/2112 2261/4/2111 2264/15/2114
f 2265/1/2115 2266/1/2115 2268/1/2115
f 2265/1/2115 2267/1/2115 2266/1/2115
f 2269/1/2115 2267/1/2115 2265/1/2115
f 2267/1/2115 2269/1/2115 2270/1/2115
f 2271/1/2116 2273/1/2116 2272/1/2116
f 2273/1/2116 2271/1/2116 2274/1/2116
f 2271/1/2116 2275/1/2116 2274/1/2116
f 2274/1/2116 2275/1/2116 2276/1/2116
f 2278/1/2117 2280/1/2118 2277/1/2117
f 2277/1/2117 2279/1/2119 2278/1/2117
f 2279/1/2119 2277/1/2117 2281/1/2119
f 2282/1/2118 2283/1/2120 2280/1/2118
f 2278/1/2117 2282/1/2118 2280/1/2118
f 2284/1/2120 2283/1/2120 2282/1/2118
f 2285/1/2121 2286/1/2122 2288/1/2121
f 2285/1/2121 2287/1/2122 2286/1/2122
f 2285/1/2121 2288/1/2121 2289/1/2123
f 2289/1/2123 2288/1/2121 2290/1/2123
f 2287/1/2122 2291/1/2124 2286/1/2122
f 2291/1/2124 2287/1/2122 2292/1/2124
f 2293/1/2115 2295/1/2115 2294/1/2115
f 2296/1/2115 2294/1/2115 2295/1/2115
f 2297/1/2116 2299/1/2116 2298/1/2116
f 2299/1/2116 2297/1/2116 2300/1/2116
f 2301/1/2125 2303/1/2126 2302/1/2127
f 2301/1/2125 2304/1/2128 2303/1/2126
f 2301/1/2125 2305/1/2129 2304/1/2128
f 2307/1/2130 2306/1/2131 2305/1/2129
f 2305/1/2129 2306/1/2131 2304/1/2128
f 2307/1/2130 2308/1/2132 2306/1/2131
f 2307/1/2130 2302/1/2127 2308/1/2132
f 2302/1/2127 2303/1/2126 2308/1/2132
f 2310/1/2133 2312/1/2134 2309/1/2133
f 2309/1/2133 2311/1/2135 2310/1/2133
f 2311/1/2135 2309/1/2133 2313/1/2135
f 2311/1/2135 2313/1/2135 2315/1/2115
f 2314/1/2115 2315/1/2115 2313/1/2135
f 2315/1/2115 2314/1/2115 2316/1/2136
f 2316/1/2136 2318/1/2136 2317/1/2137
f 2318/1/2136 2316/1/2136 2314/1/2115
f 2319/1/2137 2317/1/2137 2318/1/2136
f 2320/1/2138 2321/1/2138 2319/1/2137
f 2317/1/2137 2319/1/2137 2321/1/2138
f 2321/1/2138 2320/1/2138 2322/1/2116
f 2322/1/2116 2324/1/2116 2323/1/2134
f 2324/1/2116 2322/1/2116 2320/1/2138
f 2312/1/2134 2323/1/2134 2324/1/2116
f 2312/1/2134 2310/1/2133 2323/1/2134
f 2326/1/2138 2328/1/2139 2325/1/2140
f 2325/1/2140 2327/1/2116 2326/1/2138
f 2327/1/2116 2325/1/2140 2329/1/2141
f 2331/1/2142 2325/1/2140 2328/1/2139
f 2325/1/2140 2330/1/2143 2329/1/2141
f 2331/1/2142 2330/1/2143 2325/1/2140
f 2332/1/2137 2331/1/2142 2328/1/2139
f 2331/1/2142 2334/1/2144 2330/1/2143
f 2331/1/2142 2332/1/2137 2333/1/2136
f 2333/1/2136 2335/1/2145 2331/1/2142
f 2334/1/2144 2331/1/2142 2335/1/2145
f 2335/1/2145 2333/1/2136 2336/1/2115
f 2336/1/2115 2334/1/2144 2335/1/2145
f 2334/1/2144 2336/1/2115 2337/1/2135
f 2339/1/2133 2338/1/2146 2337/1/2135
f 2334/1/2144 2337/1/2135 2338/1/2146
f 2338/1/2146 2339/1/2133 2330/1/2143
f 2340/1/2134 2330/1/2143 2339/1/2133
f 2340/1/2134 2329/1/2141 2330/1/2143
f 2329/1/2141 2340/1/2134 2327/1/2116
f 2330/1/2143 2334/1/2144 2338/1/2146
f 2328/1/2139 2326/1/2138 2332/1/2137
f 2341/1/2147 2342/1/2133 2344/1/2133
f 2341/1/2147 2343/1/2147 2342/1/2133
f 2343/1/2147 2341/1/2147 2345/1/2148
f 2343/1/2147 2345/1/2148 2346/1/2148
f 2344/1/2133 2347/1/2149 2348/1/2149
f 2344/1/2133 2342/1/2133 2347/1/2149
f 2349/1/2150 2348/1/2149 2347/1/2149
f 2349/1/2150 2350/1/2150 2348/1/2149
f 2351/1/2151 2353/1/2116 2352/1/2151
f 2353/1/2116 2351/1/2151 2354/1/2116
f 2354/1/2116 2355/1/2152 2353/1/2116
f 2355/1/2152 2354/1/2116 2356/1/2152
f 2357/1/2153 2359/1/2153 2358/1/2115
f 2360/1/2115 2358/1/2115 2359/1/2153
f 2358/1/2115 2360/1/2115 2361/1/2154
f 2362/1/2154 2361/1/2154 2360/1/2115
f 2363/1/2155 2364/1/2155 2366/1/2155
f 2363/1/2155 2365/1/2155 2364/1/2155
f 2367/1/2156 2368/1/2156 2370/1/2156
f 2367/1/2156 2369/1/2156 2368/1/2156
f 2371/1/2134 2372/1/2134 2374/1/2116
f 2371/1/2134 2373/1/2133 2372/1/2134
f 2373/1/2133 2371/1/2134 2375/1/2133
f 2375/1/2133 2376/1/2135 2373/1/2133
f 2376/1/2135 2375/1/2133 2377/1/2135
f 2376/1/2135 2377/1/2135 2379/1/2115
f 2378/1/2115 2379/1/2115 2377/1/2135
f 2379/1/2115 2378/1/2115 2380/1/2136
f 2380/1/2136 2381/1/2136 2382/1/2137
f 2381/1/2136 2380/1/2136 2378/1/2115
f 2382/1/2137 2384/1/2137 2383/1/2138
f 2384/1/2137 2382/1/2137 2381/1/2136
f 2385/1/2138 2383/1/2138 2384/1/2137
f 2383/1/2138 2385/1/2138 2386/1/2116
f 2374/1/2116 2386/1/2116 2385/1/2138
f 2386/1/2116 2374/1/2116 2372/1/2134
f 2387/1/2136 2388/1/2115 2390/1/2115
f 2387/1/2136 2389/1/2136 2388/1/2115
f 2391/1/2137 2389/1/2136 2387/1/2136
f 2391/1/2137 2392/1/2137 2389/1/2136
f 2393/1/2138 2392/1/2137 2391/1/2137
f 2393/1/2138 2395/1/2138 2392/1/2137
f 2394/1/2116 2395/1/2138 2393/1/2138
f 2394/1/2116 2396/1/2116 2395/1/2138
f 2397/1/2134 2398/1/2134 2396/1/2116
f 2397/1/2134 2396/1/2116 2394/1/2116
f 2398/1/2134 2400/1/2133 2399/1/2133
f 2400/1/2133 2398/1/2134 2397/1/2134
f 2401/1/2135 2399/1/2133 2400/1/2133
f 2399/1/2133 2401/1/2135 2402/1/2135
f 2390/1/2115 2402/1/2135 2401/1/2135
f 2390/1/2115 2388/1/2115 2402/1/2135
f 2403/1/2157 2405/1/2157 2404/1/2157
f 2405/1/2157 2403/1/2157 2406/1/2157
f 2406/1/2157 2403/1/2157 2407/1/2157
f 2406/1/2157 2408/1/2157 2405/1/2157
f 2408/1/2157 2406/1/2157 2409/1/2157
f 2405/1/2157 2408/1/2157 2410/1/2157
f 2414/1/2158 2411/1/2158 2412/1/2158
f 2411/1/2158 2413/1/2158 2412/1/2158
f 2413/1/2158 2411/1/2158 2415/1/2158
f 2411/1/2158 2414/1/2158 2416/1/2158
f 2417/1/2158 2416/1/2158 2414/1/2158
f 2419/1/2158 2417/1/2158 2418/1/2158
f 2414/1/2158 2418/1/2158 2417/1/2158
f 2417/1/2158 2419/1/2158 2420/1/2158
f 2419/1/2158 2421/1/2158 2420/1/2158
f 2421/1/2158 2423/1/2158 2422/1/2158
f 2423/1/2158 2421/1/2158 2424/1/2158
f 2419/1/2158 2424/1/2158 2421/1/2158
f 2423/1/2158 2425/1/2158 2422/1/2158
f 2425/1/2158 2423/1/2158 2426/1/2158
f 2413/1/2158 2425/1/2158 2426/1/2158
f 2425/1/2158 2413/1/2158 2415/1/2158
f 2427/1/2158 2429/1/2158 2428/1/2158
f 2430/1/2158 2429/1/2158 2431/1/2158
f 2430/1/2158 2428/1/2158 2429/1/2158
f 2431/1/2158 2429/1/2158 2432/1/2158
f 2430/1/2158 2431/1/2158 2433/1/2158
f 2428/1/2158 2430/1/2158 2434/1/2158
f 2435/1/2158 2437/1/2158 2436/1/2158
f 2437/1/2158 2435/1/2158 2438/1/2158
f 2440/1/2158 2439/1/2158 2437/1/2158
f 2439/1/2158 2436/1/2158 2437/1/2158
f 2440/1/2158 2437/1/2158 2441/1/2158
f 2441/1/2158 2437/1/2158 2442/1/2158
f 2439/1/2158 2440/1/2158 2443/1/2158
f 2439/1/2158 2443/1/2158 2444/1/2158
f 2436/1/2158 2439/1/2158 2445/1/2158
f 2446/1/2157 2448/1/2157 2447/1/2157
f 2448/1/2157 2446/1/2157 2449/1/2157
f 2450/1/2157 2449/1/2157 2446/1/2157
f 2453/1/2157 2450/1/2157 2446/1/2157
f 2453/1/2157 2446/1/2157 2451/1/2157
f 2451/1/2157 2446/1/2157 2452/1/2157
f 2450/1/2157 2453/1/2157 2454/1/2157
f 2450/1/2157 2454/1/2157 2455/1/2157
f 2449/1/2157 2450/1/2157 2456/1/2157
f 2457/1/2115 2458/1/2115 2460/1/2115
f 2457/1/2115 2459/1/2115 2458/1/2115
f 2461/1/2115 2459/1/2115 2457/1/2115
f 2459/1/2115 2461/1/2115 2462/1/2115
f 2463/1/2159 2465/1/2159 2464/1/2160
f 2463/1/2159 2466/1/2161 2465/1/2159
f 2467/1/2161 2466/1/2161 2463/1/2159
f 2464/1/2160 2465/1/2159 2468/1/2160
f 2464/1/2160 2468/1/2160 2469/1/2162
f 2469/1/2162 2468/1/2160 2470/1/2162
f 2471/1/2116 2473/1/2116 2472/1/2116
f 2473/1/2116 2471/1/2116 2474/1/2116
f 2471/1/2116 2475/1/2116 2474/1/2116
f 2474/1/2116 2475/1/2116 2476/1/2116
f 2477/1/2163 2479/1/2164 2478/1/2165
f 2477/1/2163 2480/1/2166 2479/1/2164
f 2481/1/2166 2480/1/2166 2477/1/2163
f 2483/1/2167 2482/1/2167 2481/1/2166
f 2481/1/2166 2482/1/2167 2480/1/2166
f 2478/1/2165 2479/1/2164 2484/1/2165
f 2485/1/2168 2486/1/2169 2490/1/2170
f 2486/1/2169 2485/1/2168 2487/1/2171
f 2485/1/2168 2488/1/2172 2487/1/2171
f 2488/1/2172 2485/1/2168 2489/1/2173
f 2491/1/2174 2489/1/2173 2485/1/2168
f 2490/1/2170 2491/1/2174 2485/1/2168
f 2489/1/2173 2491/1/2174 2492/1/2175
f 2492/1/2175 2493/1/2176 2489/1/2173
f 2493/1/2176 2492/1/2175 2494/1/2177
f 2495/1/2178 2493/1/2176 2494/1/2177
f 2493/1/2176 2495/1/2178 2496/1/2179
f 2497/1/2180 2496/1/2179 2495/1/2178
f 2496/1/2179 2497/1/2180 2498/1/2181
f 2498/1/2181 2499/1/2182 2496/1/2179
f 2499/1/2182 2498/1/2181 2500/1/2183
f 2501/1/2184 2496/1/2179 2499/1/2182
f 2496/1/2179 2501/1/2184 2493/1/2176
f 2488/1/2172 2493/1/2176 2501/1/2184
f 2493/1/2176 2488/1/2172 2489/1/2173
f 2486/1/2169 2487/1/2171 2502/1/2185
f 2503/1/18 2505/1/2186 2504/1/2187
f 2507/1/18 2506/1/18 2505/1/2186
f 2505/1/2186 2506/1/18 2504/1/2187
f 2506/1/18 2507/1/18 2508/1/18
f 2509/1/2188 2511/1/2189 2510/1/2188
f 2511/1/2189 2509/1/2188 2512/1/2190
f 2512/1/2190 2513/1/2191 2511/1/2189
f 2514/1/2192 2513/1/2191 2512/1/2190
f 2515/1/5 2517/1/5 2516/1/2193
f 2515/1/5 2518/1/2194 2517/1/5
f 2518/1/2194 2515/1/5 2519/1/5
f 2519/1/5 2515/1/5 2520/1/5
f 2521/3/2195 2523/2/2196 2522/2/2197
f 2523/2/2196 2521/3/2195 2524/3/2198
f 2525/3/2199 2523/2/2196 2524/3/2198
f 2523/2/2196 2525/3/2199 2526/2/2200
f 2527/2/2201 2529/3/2202 2528/2/2203
f 2529/3/2202 2527/2/2201 2530/3/2204
f 2531/2/2205 2533/7/2206 2532/7/2207
f 2533/7/2206 2531/2/2205 2534/2/2208
f 2535/3/2209 2537/5/2210 2536/2/2211
f 2537/5/2210 2535/3/2209 2538/4/2212
f 2539/7/2213 2541/5/2214 2540/6/2215
f 2541/5/2214 2539/7/2213 2542/2/2216
f 2543/2/2217 2545/7/2218 2544/2/2219
f 2543/2/2220 2547/2/2221 2546/7/2222
f 2547/2/2221 2548/7/2223 2546/7/2222
f 2547/2/2221 2549/7/2224 2548/7/2223
f 2549/7/2224 2547/2/2221 2550/2/2225
f 2551/3/2226 2553/2/2227 2552/3/2228
f 2554/8/2229 2556/9/2230 2555/8/2231
f 2557/3/2232 2559/2/2233 2558/2/2234
f 2559/2/2233 2557/3/2232 2560/3/2235
f 2561/7/2236 2563/2/2237 2562/7/2238
f 2563/2/2237 2561/7/2236 2564/2/2239
f 2565/7/2240 2567/8/2241 2566/7/2242
f 2568/8/2243 2565/7/2244 2569/7/2245
f 2569/7/2245 2570/8/2246 2568/8/2243
f 2571/9/2247 2573/8/2248 2572/8/2249
f 2573/8/2248 2571/9/2247 2574/9/2250
f 2575/9/2251 2577/8/2252 2576/8/2253
f 2577/8/2252 2575/9/2251 2578/9/2254
f 2579/7/2255 2581/7/2256 2580/8/2257
f 2581/7/2256 2582/8/2258 2580/8/2257
f 2583/9/2259 2585/8/2260 2584/8/2261
f 2585/8/2260 2583/9/2259 2586/9/2262
f 2587/8/2263 2590/7/2264 2588/7/2265
f 2588/7/2265 2589/8/2266 2587/8/2263
f 2591/10/2267 2593/11/2268 2592/8/2269
f 2593/11/2268 2594/9/2270 2592/8/2269
f 2595/6/2271 2597/8/2272 2596/7/2273
f 2597/8/2272 2595/6/2271 2598/10/2274
f 2599/8/2275 2601/9/2276 2600/9/2277
f 2601/9/2276 2599/8/2275 2602/8/2278
f 2603/8/2279 2605/7/2280 2604/8/2281
f 2603/8/2279 2606/7/2282 2605/7/2280
f 2607/10/2283 2609/6/2284 2608/10/2285
f 2610/4/2286 2612/5/2287 2611/4/2288
f 2612/5/2287 2613/5/2289 2611/4/2288
f 2614/4/2290 2617/5/2291 2615/5/2292
f 2615/5/2292 2616/4/2293 2614/4/2290
f 2618/4/2294 2620/14/2295 2619/5/2296
f 2620/14/2295 2618/4/2294 2621/15/2295
f 2622/14/2295 2624/4/2297 2623/5/2298
f 2624/4/2297 2622/14/2295 2625/15/2295
f 2626/11/2299 2628/10/2300 2627/11/2301
f 2628/10/2300 2626/11/2299 2629/10/2302
f 2630/10/2303 2632/11/2304 2631/11/2305
f 2632/11/2304 2630/10/2303 2633/10/2306
f 2634/6/2307 2636/6/2308 2635/5/2309
f 2637/6/2310 2639/5/2311 2638/6/2312
f 2640/10/2313 2642/13/2314 2641/11/2315
f 2641/11/2315 2642/13/2314 2643/16/2314
f 2644/13/2314 2646/11/2316 2645/16/2314
f 2646/11/2316 2644/13/2314 2647/10/2317
f 2648/5/2318 2650/4/2319 2649/5/2320
f 2651/10/2321 2653/10/2322 2652/6/2323
f 2654/5/2324 2656/5/2325 2655/4/2326
f 2657/4/2327 2658/5/2328 2655/4/2329
f 2658/5/2328 2657/4/2327 2659/5/2330
f 2660/11/2331 2662/11/2332 2661/10/2333
f 2663/5/2334 2665/4/2335 2664/4/2336
f 2665/4/2335 2663/5/2334 2666/5/2335
f 2667/10/2337 2670/11/2338 2668/11/2339
f 2668/11/2339 2669/10/2339 2667/10/2337
f 2670/11/2340 2672/10/2341 2671/11/2342
f 2673/10/2343 2675/11/2344 2674/10/2345
f 2674/10/2345 2675/11/2344 2676/11/2346
f 2677/6/2347 2679/5/2348 2678/6/2349
f 2679/5/2348 2677/6/2347 2680/5/2350
f 2681/6/2351 2678/6/2349 2679/5/2348
f 2681/6/2351 2679/5/2348 2682/5/2352
f 2683/6/2353 2685/10/2354 2684/6/2355
f 2685/10/2354 2683/6/2353 2686/10/2356
f 2688/10/2357 2687/6/2358 2685/10/2354
f 2685/10/2354 2687/6/2358 2684/6/2355
f 2689/6/2359 2691/10/2360 2690/10/2361
f 2691/10/2360 2689/6/2359 2692/6/2362
f 2692/6/2362 2693/6/2363 2691/10/2360
f 2691/10/2360 2693/6/2363 2694/10/2364
f 2695/14/2365 2697/6/2366 2696/12/2367
f 2697/6/2366 2695/14/2365 2698/5/2368
f 2699/6/2369 2697/6/2370 2700/5/2371
f 2697/6/2370 2701/5/2372 2700/5/2371
f 2700/5/2371 2702/6/2373 2699/6/2369
f 2702/6/2373 2700/5/2371 2703/5/2374
f 2704/14/2375 2706/6/2376 2705/5/2377
f 2706/6/2376 2704/14/2375 2707/12/2378
f 2708/12/2379 2710/10/2361 2709/13/2380
f 2710/10/2361 2708/12/2379 2711/6/2361
f 2712/6/2381 2714/12/2382 2713/10/2356
f 2713/10/2356 2714/12/2382 2715/13/2383
f 2716/6/2384 2718/5/2385 2717/6/2386
f 2718/5/2385 2716/6/2384 2719/5/2387
f 2717/6/2386 2718/5/2385 2720/6/2388
f 2721/5/2389 2720/6/2388 2718/5/2385
f 2722/13/2390 2724/6/2391 2723/12/2392
f 2724/6/2391 2722/13/2390 2725/10/2393
f 2726/6/2394 2728/13/2395 2727/12/2396
f 2728/13/2395 2726/6/2394 2729/10/2397
f 2730/10/2398 2733/6/2399 2731/6/2400
f 2731/6/2400 2732/6/2401 2730/10/2398
f 2730/10/2398 2732/6/2401 2735/10/2402
f 2733/6/2399 2730/10/2398 2734/10/2403
f 2735/10/2404 2737/6/2405 2736/10/2406
f 2738/6/2407 2740/10/2408 2739/6/2409
f 2740/10/2408 2738/6/2407 2741/10/2410
f 2742/6/2411 2739/6/2409 2740/10/2408
f 2742/6/2411 2740/10/2408 2743/10/2412
f 2743/10/2413 2745/10/2414 2744/6/2415
f 2746/13/2390 2748/6/2416 2747/12/2417
f 2748/6/2416 2746/13/2390 2749/10/2418
f 2750/6/2394 2752/13/2395 2751/12/2396
f 2752/13/2395 2750/6/2394 2753/10/2419
f 2754/10/2398 2757/6/2420 2755/6/2400
f 2755/6/2400 2756/6/2421 2754/10/2398
f 2754/10/2398 2756/6/2421 2759/10/2422
f 2757/6/2420 2754/10/2398 2758/10/2403
f 2760/6/2407 2762/10/2408 2761/6/2409
f 2762/10/2408 2760/6/2407 2763/10/2410
f 2764/6/2423 2761/6/2409 2762/10/2408
f 2764/6/2423 2762/10/2408 2765/10/2424
f 2766/13/2390 2768/6/2416 2767/12/2417
f 2768/6/2416 2766/13/2390 2769/10/2418
f 2770/6/2394 2772/13/2395 2771/12/2396
f 2772/13/2395 2770/6/2394 2773/10/2419
f 2774/10/2398 2777/6/2420 2775/6/2400
f 2775/6/2400 2776/6/2425 2774/10/2398
f 2774/10/2398 2776/6/2425 2779/10/2426
f 2777/6/2420 2774/10/2398 2778/10/2403
f 2780/6/2407 2782/10/2408 2781/6/2409
f 2782/10/2408 2780/6/2407 2783/10/2410
f 2784/6/2427 2781/6/2409 2782/10/2408
f 2784/6/2427 2782/10/2408 2785/10/2428
f 2786/13/2429 2788/11/2430 2787/10/2431
f 2786/13/2429 2789/16/2432 2788/11/2430
f 2790/10/2433 2792/11/2434 2791/13/2435
f 2792/11/2434 2793/16/2436 2791/13/2435
f 2794/10/2437 2796/11/2438 2795/10/2439
f 2796/11/2438 2794/10/2437 2797/11/2440
f 2795/10/2441 2799/11/2442 2798/10/2443
f 2800/11/2444 2802/10/2445 2801/10/2446
f 2802/10/2445 2800/11/2444 2803/11/2447
f 2804/10/2448 2805/11/2449 2801/10/2450
f 2806/10/2451 2808/6/2452 2807/10/2453
f 2809/10/2454 2811/10/2455 2810/6/2456
f 2812/11/2457 2814/11/2458 2813/10/2459
f 2815/13/2429 2817/11/2430 2816/10/2431
f 2815/13/2429 2818/16/2432 2817/11/2430
f 2819/10/2433 2821/11/2434 2820/13/2460
f 2821/11/2434 2822/16/2461 2820/13/2460
f 2823/11/2462 2825/10/2463 2824/11/2464
f 2826/10/2437 2828/11/2465 2827/10/2466
f 2828/11/2465 2826/10/2437 2829/11/2467
f 2827/10/2468 2831/11/2469 2830/10/2470
f 2832/11/2471 2834/10/2472 2833/10/2473
f 2834/10/2472 2832/11/2471 2835/11/2474
f 2836/10/2475 2837/11/2476 2833/10/2477
f 2838/6/2478 2840/5/2385 2839/6/2386
f 2840/5/2385 2838/6/2478 2841/5/2479
f 2839/6/2386 2840/5/2385 2842/6/2388
f 2843/5/2480 2842/6/2388 2840/5/2385
f 2844/13/2390 2846/6/2391 2845/12/2392
f 2846/6/2391 2844/13/2390 2847/10/2481
f 2848/6/2394 2850/13/2395 2849/12/2396
f 2850/13/2395 2848/6/2394 2851/10/2397
f 2852/10/2398 2855/6/2420 2853/6/2400
f 2853/6/2400 2854/6/2482 2852/10/2398
f 2852/10/2398 2854/6/2482 2857/10/2483
f 2855/6/2420 2852/10/2398 2856/10/2403
f 2857/10/2484 2859/6/2485 2858/10/2486
f 2860/6/2407 2862/10/2408 2861/6/2409
f 2862/10/2408 2860/6/2407 2863/10/2410
f 2864/6/2487 2861/6/2409 2862/10/2408
f 2864/6/2487 2862/10/2408 2865/10/2488
f 2865/10/2489 2867/10/2490 2866/6/2491
f 2868/14/2492 2870/6/2493 2869/5/2494
f 2868/14/2492 2871/12/2495 2870/6/2493
f 2872/5/2496 2874/6/2497 2873/14/2498
f 2874/6/2497 2875/12/2499 2873/14/2498
f 2876/6/2500 2878/5/2501 2877/5/2502
f 2878/5/2501 2876/6/2500 2879/6/2503
f 2880/6/2504 2878/5/2501 2879/6/2503
f 2878/5/2501 2880/6/2504 2881/5/2505
f 2882/6/2506 2884/5/2507 2883/6/2508
f 2885/6/2509 2887/6/2510 2886/5/2511
f 2888/10/2433 2890/11/2434 2889/13/2460
f 2890/11/2434 2891/16/2436 2889/13/2460
f 2892/13/2429 2894/11/2430 2893/10/2512
f 2892/13/2429 2895/16/2432 2894/11/2430
f 2896/10/2437 2898/11/2513 2897/10/2466
f 2898/11/2513 2896/10/2437 2899/11/2440
f 2897/10/2514 2901/11/2469 2900/10/2515
f 2902/11/2444 2904/10/2516 2903/10/2473
f 2904/10/2516 2902/11/2444 2905/11/2447
f 2906/10/2517 2907/11/2518 2903/10/2519
f 2908/11/2520 2910/11/2521 2909/10/2522
f 2911/11/2523 2913/10/2524 2912/11/2525
f 2914/14/2526 2916/4/2527 2915/5/2528
f 2916/4/2527 2914/14/2526 2917/15/2529
f 2918/14/2530 2920/4/2531 2919/15/2532
f 2920/4/2531 2918/14/2530 2921/5/2533
f 2922/5/2534 2924/4/2535 2923/5/2536
f 2925/4/2537 2922/5/2538 2926/5/2539
f 2927/4/2540 2923/5/2536 2924/4/2535
f 2928/4/2541 2930/5/2542 2929/4/2543
f 2928/4/2541 2931/5/2544 2930/5/2542
f 2932/4/2545 2933/5/2546 2931/5/2547
f 2933/5/2546 2932/4/2545 2934/5/2548
f 2935/5/2549 2937/5/2550 2936/4/2551
f 2938/11/2552 2940/11/2553 2939/10/2554
f 2941/10/2555 2943/6/2556 2942/10/2557
f 2944/11/2558 2946/10/2559 2945/11/2560
f 2947/10/2561 2949/10/2562 2948/6/2563
f 2950/13/2429 2952/11/2430 2951/10/2564
f 2950/13/2429 2953/16/2432 2952/11/2430
f 2954/10/2433 2956/11/2434 2955/13/2435
f 2956/11/2434 2957/16/2461 2955/13/2435
f 2958/14/2492 2960/6/2493 2959/5/2565
f 2958/14/2492 2961/12/2566 2960/6/2493
f 2962/5/2496 2964/6/2497 2963/14/2567
f 2964/6/2497 2965/12/2499 2963/14/2567
f 2966/10/2437 2968/11/2465 2967/10/2439
f 2968/11/2465 2966/10/2437 2969/11/2440
f 2967/10/2468 2971/11/2568 2970/10/2569
f 2972/6/2570 2974/5/2571 2973/5/2572
f 2974/5/2571 2972/6/2570 2975/6/2503
f 2976/6/2573 2974/5/2571 2975/6/2503
f 2974/5/2571 2976/6/2573 2977/5/2505
f 2978/11/2471 2980/10/2574 2979/10/2473
f 2980/10/2574 2978/11/2471 2981/11/2474
f 2982/10/2575 2983/11/2576 2979/10/2519
f 2984/11/2577 2986/11/2578 2985/10/2579
f 2987/11/2580 2989/10/2581 2988/11/2582
f 2990/6/2583 2992/5/2385 2991/6/2386
f 2992/5/2385 2990/6/2583 2993/5/2584
f 2991/6/2386 2992/5/2385 2994/6/2388
f 2995/5/2389 2994/6/2388 2992/5/2385
f 2996/6/2585 2998/5/2586 2997/5/2587
f 2998/5/2586 2996/6/2585 2999/6/2503
f 3000/6/2588 2998/5/2586 2999/6/2503
f 2998/5/2586 3000/6/2588 3001/5/2505
f 3002/14/2492 3004/6/2589 3003/5/2565
f 3002/14/2492 3005/12/2495 3004/6/2589
f 3006/5/2496 3008/6/2497 3007/14/2590
f 3008/6/2497 3009/12/2591 3007/14/2590
f 3010/6/2592 3012/5/2593 3011/6/2594
f 3013/6/2595 3015/6/2596 3014/5/2597
f 3016/6/2598 3018/5/2599 3017/6/2600
f 3019/6/2601 3021/6/2602 3020/5/2603
f 3022/6/2604 3024/5/2385 3023/6/2386
f 3024/5/2385 3022/6/2604 3025/5/2605
f 3023/6/2386 3024/5/2385 3026/6/2388
f 3027/5/2389 3026/6/2388 3024/5/2385
f 3028/6/2606 3030/5/2607 3029/5/2608
f 3030/5/2607 3028/6/2606 3031/6/2609
f 3032/6/2504 3030/5/2607 3031/6/2609
f 3030/5/2607 3032/6/2504 3033/5/2505
f 3034/14/2492 3036/6/2493 3035/5/2610
f 3034/14/2492 3037/12/2495 3036/6/2493
f 3038/5/2496 3040/6/2497 3039/14/2498
f 3040/6/2497 3041/12/2499 3039/14/2498
f 3042/5/2611 3044/5/2612 3043/4/2613
f 3045/14/2526 3047/4/2527 3046/5/2528
f 3047/4/2527 3045/14/2526 3048/15/2529
f 3049/14/2530 3051/4/2531 3050/15/2532
f 3051/4/2531 3049/14/2530 3052/5/2533
f 3053/5/2614 3055/4/2615 3054/5/2616
f 3056/6/2617 3058/5/2618 3057/6/2619
f 3059/5/2620 3061/4/2621 3060/5/2536
f 3062/4/2537 3059/5/2622 3063/5/2623
f 3064/4/2540 3060/5/2536 3061/4/2621
f 3065/6/2624 3067/6/2625 3066/5/2626
f 3068/4/2541 3070/5/2542 3069/4/2543
f 3068/4/2541 3071/5/2544 3070/5/2542
f 3072/4/2627 3073/5/2628 3071/5/2547
f 3074/5/2629 3076/5/2630 3075/4/2631
f 3077/5/2632 3079/4/2633 3078/5/2634
f 3080/14/2635 3082/4/2527 3081/5/2528
f 3082/4/2527 3080/14/2635 3083/15/2529
f 3084/14/2530 3086/4/2531 3085/15/2636
f 3086/4/2531 3084/14/2530 3087/5/2533
f 3088/5/2620 3090/4/2535 3089/5/2536
f 3091/4/2537 3088/5/2637 3092/5/2638
f 3093/4/2540 3089/5/2536 3090/4/2535
f 3094/4/2541 3096/5/2542 3095/4/2543
f 3094/4/2541 3097/5/2544 3096/5/2542
f 3098/4/2639 3099/5/2640 3097/5/2641
f 3100/14/2635 3102/4/2527 3101/5/2528
f 3102/4/2527 3100/14/2635 3103/15/2529
f 3104/14/2530 3106/4/2531 3105/15/2532
f 3106/4/2531 3104/14/2530 3107/5/2533
f 3108/4/2541 3110/5/2542 3109/4/2543
f 3108/4/2541 3111/5/2544 3110/5/2542
f 3112/4/2642 3113/5/2643 3111/5/2547
f 3113/5/2643 3112/4/2642 3114/5/2644
f 3115/5/2620 3117/4/2535 3116/5/2536
f 3118/4/2645 3115/5/2637 3119/5/2646
f 3119/5/2647 3121/5/2648 3120/4/2649
f 3122/4/2540 3116/5/2536 3117/4/2535
f 3123/13/2390 3125/6/2650 3124/12/2417
f 3125/6/2650 3123/13/2390 3126/10/2418
f 3127/6/2394 3129/13/2395 3128/12/2396
f 3129/13/2395 3127/6/2394 3130/10/2419
f 3131/10/2398 3134/6/2399 3132/6/2400
f 3132/6/2400 3133/6/2651 3131/10/2398
f 3131/10/2398 3133/6/2651 3136/10/2652
f 3134/6/2399 3131/10/2398 3135/10/2403
f 3137/6/2407 3139/10/2408 3138/6/2409
f 3139/10/2408 3137/6/2407 3140/10/2410
f 3141/6/2653 3138/6/2409 3139/10/2408
f 3141/6/2653 3139/10/2408 3142/10/2654
f 3143/13/2429 3145/11/2430 3144/10/2512
f 3143/13/2429 3146/16/2432 3145/11/2430
f 3147/10/2433 3149/11/2434 3148/13/2460
f 3149/11/2434 3150/16/2436 3148/13/2460
f 3151/10/2437 3153/11/2655 3152/10/2466
f 3153/11/2655 3151/10/2437 3154/11/2440
f 3152/10/2441 3156/11/2568 3155/10/2656
f 3157/11/2471 3159/10/2516 3158/10/2473
f 3159/10/2516 3157/11/2471 3160/11/2474
f 3161/10/2657 3162/11/2658 3158/10/2450
f 3163/11/2659 3165/11/2660 3164/10/2661
f 3166/10/2662 3168/6/2663 3167/10/2664
f 3169/11/2665 3171/10/2666 3170/11/2667
f 3172/10/2668 3174/10/2669 3173/6/2670
f 3175/6/2671 3177/5/2385 3176/6/2386
f 3177/5/2385 3175/6/2671 3178/5/2672
f 3180/5/2389 3179/6/2673 3177/5/2385
f 3176/6/2386 3177/5/2385 3179/6/2673
f 3181/6/2674 3183/5/2571 3182/5/2675
f 3183/5/2571 3181/6/2674 3184/6/2503
f 3185/6/2504 3183/5/2571 3184/6/2503
f 3183/5/2571 3185/6/2504 3186/5/2505
f 3187/6/2676 3189/6/2677 3188/5/2678
f 3190/14/2492 3192/6/2679 3191/5/2565
f 3190/14/2492 3193/12/2495 3192/6/2679
f 3194/5/2496 3196/6/2497 3195/14/2590
f 3196/6/2497 3197/12/2499 3195/14/2590
f 3198/6/2680 3200/5/2681 3199/6/2682
f 3201/5/2683 3203/4/2684 3202/5/2685
f 3204/5/2686 3206/5/2687 3205/4/2688
f 3207/14/2526 3209/4/2527 3208/5/2528
f 3209/4/2527 3207/14/2526 3210/15/2529
f 3211/14/2530 3213/4/2531 3212/15/2532
f 3213/4/2531 3211/14/2530 3214/5/2533
f 3215/5/2620 3217/4/2621 3216/5/2536
f 3218/4/2537 3215/5/2622 3219/5/2689
f 3220/4/2540 3216/5/2536 3217/4/2621
f 3221/4/2541 3223/5/2542 3222/4/2543
f 3221/4/2541 3224/5/2544 3223/5/2542
f 3225/4/2690 3226/5/2691 3224/5/2547
f 3227/6/2692 3229/10/2693 3228/6/2694
f 3229/10/2693 3227/6/2692 3230/10/2695
f 3231/14/2696 3233/6/2697 3232/12/2696
f 3233/6/2697 3231/14/2696 3234/5/2698
f 3235/14/2696 3237/6/2699 3236/5/2700
f 3237/6/2699 3235/14/2696 3238/12/2696
f 3239/6/2701 3241/5/2702 3240/5/2703
f 3241/5/2702 3239/6/2701 3242/6/2704
f 3242/6/2705 3244/5/2706 3243/5/2707
f 3244/5/2706 3242/6/2705 3245/6/2708
f 3246/6/2709 3240/5/2710 3247/6/2711
f 3248/6/2712 3250/5/2713 3249/6/2714
f 3250/5/2713 3248/6/2712 3251/5/2715
f 3252/6/2716 3253/6/2717 3251/5/2718
f 3249/6/2719 3255/5/2720 3254/6/2721
f 3255/5/2720 3249/6/2719 3256/5/2722
f 3257/6/2723 3259/6/2724 3258/10/2725
f 3258/10/2725 3259/6/2724 3260/10/2726
f 3261/10/2727 3263/6/2728 3262/10/2729
f 3262/10/2729 3263/6/2728 3264/6/2730
f 3265/12/2731 3267/10/2732 3266/13/2731
f 3267/10/2732 3265/12/2731 3268/6/2733
f 3269/6/2734 3271/12/2731 3270/10/2735
f 3270/10/2735 3271/12/2731 3272/13/2731
f 3273/5/2736 3275/5/2737 3274/4/2738
f 3275/5/2737 3276/4/2739 3274/4/2738
f 3277/5/2740 3278/5/2741 3276/4/2742
f 3278/5/2741 3279/4/2743 3276/4/2742
f 3278/5/2741 3280/5/2744 3279/4/2743
f 3281/4/2745 3283/5/2746 3282/5/2747
f 3284/4/2748 3283/5/2746 3281/4/2745
f 3285/5/2749 3284/4/2750 3286/5/2751
f 3287/4/2752 3286/5/2751 3284/4/2750
f 3286/5/2751 3287/4/2752 3288/5/2753
f 3289/14/2754 3291/4/2755 3290/5/2756
f 3291/4/2755 3289/14/2754 3292/15/2754
f 3293/4/2757 3295/14/2754 3294/5/2758
f 3295/14/2754 3293/4/2757 3296/15/2754
f 3297/10/2759 3299/6/2760 3298/10/2761
f 3298/10/2761 3299/6/2760 3300/6/2762
f 3301/10/2763 3303/6/2764 3302/10/2765
f 3304/10/2766 3306/10/2767 3305/6/2768
f 3307/10/2769 3309/11/2770 3308/10/2771
f 3310/11/2772 3308/10/2771 3309/11/2770
f 3311/10/2773 3314/11/2774 3312/11/2775
f 3312/11/2775 3313/10/2776 3311/10/2773
f 3315/13/2777 3317/11/2778 3316/16/2779
f 3317/11/2778 3315/13/2777 3318/10/2780
f 3319/10/2781 3321/13/2782 3320/11/2783
f 3320/11/2783 3321/13/2782 3322/16/2779
f 3323/11/2784 3325/11/2785 3324/10/2786
f 3326/11/2787 3328/10/2788 3327/11/2789
f 3329/10/2790 3331/11/2791 3330/10/2792
f 3332/10/2793 3334/11/2794 3333/10/2795
f 3335/10/2796 3337/6/2797 3336/10/2798
f 3338/4/2799 3340/14/2800 3339/5/2801
f 3340/14/2800 3338/4/2799 3341/15/2802
f 3342/14/2803 3344/4/2804 3343/5/2805
f 3344/4/2804 3342/14/2803 3345/15/2806
f 3346/5/2807 3348/5/2808 3347/4/2809
f 3349/4/2810 3350/5/2811 3346/5/2812
f 3350/5/2811 3349/4/2810 3351/4/2813
f 3348/5/2808 3352/4/2814 3347/4/2809
f 3353/5/2815 3355/4/2816 3354/4/2817
f 3353/5/2815 3356/5/2818 3355/4/2816
f 3357/5/2819 3358/4/2820 3356/5/2821
f 3358/4/2820 3357/5/2819 3359/4/2822
f 3360/5/2823 3361/5/2824 3359/4/2825
f 3362/6/2826 3364/6/2827 3363/5/2828
f 3365/5/2829 3367/4/2830 3366/5/2831
f 3368/6/2832 3370/5/2833 3369/6/2834
f 3371/5/2835 3373/6/2836 3372/5/2837
f 3373/6/2836 3371/5/2835 3374/6/2838
f 3371/5/2835 3375/6/2839 3374/6/2838
f 3375/6/2839 3371/5/2835 3376/5/2840
f 3377/6/2841 3379/5/2842 3378/5/2843
f 3379/5/2842 3377/6/2841 3380/6/2844
f 3380/6/2844 3381/6/2845 3379/5/2842
f 3382/5/2846 3379/5/2842 3381/6/2845
f 3383/10/2847 3385/11/2848 3384/10/2849
f 3385/11/2848 3383/10/2847 3386/11/2850
f 3387/10/2851 3389/11/2852 3388/11/2853
f 3389/11/2852 3387/10/2851 3390/10/2854
f 3391/13/2855 3393/11/2856 3392/16/2857
f 3393/11/2856 3391/13/2855 3394/10/2858
f 3395/10/2859 3397/13/2860 3396/11/2861
f 3396/11/2861 3397/13/2860 3398/16/2862
f 3399/10/2863 3401/10/2864 3400/6/2865
f 3402/5/2866 3404/12/2867 3403/6/2868
f 3404/12/2867 3402/5/2866 3405/14/2869
f 3406/12/2870 3408/5/2871 3407/6/2872
f 3408/5/2871 3406/12/2870 3409/14/2873
f 3410/11/2874 3412/10/2875 3411/11/2876
f 3413/11/2877 3415/11/2878 3414/10/2879
f 3416/10/2880 3419/11/2881 3417/11/2882
f 3417/11/2882 3418/10/2883 3416/10/2880
f 3420/11/2884 3422/10/2885 3421/11/2886
f 3423/10/2887 3421/11/2886 3422/10/2885
f 3424/10/2888 3426/6/2889 3425/10/2890
f 3426/6/2889 3424/10/2888 3427/6/2891
f 3427/6/2892 3429/10/2893 3428/6/2894
f 3429/10/2893 3430/10/2895 3428/6/2894
f 3431/6/2896 3433/10/2897 3432/10/2898
f 3433/10/2897 3431/6/2896 3434/6/2899
f 3435/6/2900 3436/10/2901 3434/6/2902
f 3435/6/2900 3437/10/2903 3436/10/2901
f 3438/6/2904 3440/12/2905 3439/10/2906
f 3439/10/2906 3440/12/2905 3441/13/2907
f 3442/12/2908 3444/10/2909 3443/13/2910
f 3444/10/2909 3442/12/2908 3445/6/2911
f 3446/8/2912 3448/9/2913 3447/9/2914
f 3448/9/2913 3446/8/2912 3449/8/2915
f 3450/2/2916 3452/4/2916 3451/5/2916
f 3452/4/2916 3450/2/2916 3453/3/2916
f 3454/2/2917 3456/6/2917 3455/7/2917
f 3456/6/2917 3454/2/2917 3457/5/2917
f 3458/3/2918 3460/2/2919 3459/2/2920
f 3460/2/2919 3458/3/2918 3461/3/2921
f 3462/2/2922 3464/2/2923 3463/7/2924
f 3464/2/2923 3465/7/2925 3463/7/2924
f 3466/3/2926 3468/2/2927 3467/2/2928
f 3468/2/2927 3466/3/2926 3469/3/2929
f 3470/2/2930 3472/2/2931 3471/7/2932
f 3472/2/2931 3473/7/2933 3471/7/2932
f 3474/3/2934 3476/2/2935 3475/2/2936
f 3476/2/2935 3474/3/2934 3477/3/2937
f 3478/8/2938 3480/9/2939 3479/8/2940
f 3481/2/2941 3483/7/2942 3482/2/2943
f 3484/2/2944 3485/7/2945 3481/2/2946
f 3486/7/2947 3485/7/2945 3484/2/2944
f 3487/3/2948 3489/2/2949 3488/3/2950
f 3490/7/2951 3492/8/2952 3491/7/2953
f 3493/8/2954 3490/7/2955 3494/7/2956
f 3494/7/2956 3495/8/2957 3493/8/2954
f 3496/9/2958 3498/8/2959 3497/8/2960
f 3498/8/2959 3496/9/2958 3499/9/2961
f 3500/9/2962 3502/8/2963 3501/8/2964
f 3502/8/2963 3500/9/2962 3503/9/2965
f 3504/8/2966 3507/7/2967 3505/7/2968
f 3505/7/2968 3506/8/2969 3504/8/2966
f 3508/7/2970 3510/7/2971 3509/8/2972
f 3510/7/2971 3511/8/2973 3509/8/2972
f 3512/3/2974 3514/2/2975 3513/2/2976
f 3514/2/2975 3512/3/2974 3515/3/2977
f 3516/2/2978 3518/7/2979 3517/2/2980
f 3516/2/2978 3519/7/2981 3518/7/2979
f 3520/10/2982 3522/11/2983 3521/8/2982
f 3522/11/2983 3523/9/2983 3521/8/2982
f 3524/6/2984 3526/8/2984 3525/7/2984
f 3526/8/2984 3524/6/2984 3527/10/2984
f 3528/9/2985 3530/8/2986 3529/8/2987
f 3531/9/2988 3530/8/2986 3528/9/2985
f 3532/8/2989 3534/7/2990 3533/8/2991
f 3532/8/2989 3535/7/2992 3534/7/2990
f 3536/6/2692 3538/10/2693 3537/6/2694
f 3538/10/2693 3536/6/2692 3539/10/2695
f 3540/14/2696 3542/6/2697 3541/12/2696
f 3542/6/2697 3540/14/2696 3543/5/2698
f 3544/14/2696 3546/6/2699 3545/5/2700
f 3546/6/2699 3544/14/2696 3547/12/2696
f 3548/6/2993 3550/5/2702 3549/5/2994
f 3550/5/2702 3548/6/2993 3551/6/2704
f 3551/6/2705 3553/5/2706 3552/5/2707
f 3553/5/2706 3551/6/2705 3554/6/2708
f 3555/6/2709 3549/5/2995 3556/6/2996
f 3557/6/2723 3559/6/2724 3558/10/2997
f 3558/10/2997 3559/6/2724 3560/10/2726
f 3561/10/2727 3563/6/2728 3562/10/2729
f 3562/10/2729 3563/6/2728 3564/6/2730
f 3565/12/2731 3567/10/2732 3566/13/2731
f 3567/10/2732 3565/12/2731 3568/6/2733
f 3569/6/2734 3571/12/2731 3570/10/2998
f 3570/10/2998 3571/12/2731 3572/13/2731
f 3573/4/2999 3575/5/2746 3574/5/2747
f 3576/4/3000 3575/5/2746 3573/4/2999
f 3577/5/2749 3576/4/3001 3578/5/3002
f 3579/4/2752 3578/5/3002 3576/4/3001
f 3578/5/3002 3579/4/2752 3580/5/2753
f 3581/14/2754 3583/4/2755 3582/5/2756
f 3583/4/2755 3581/14/2754 3584/15/2754
f 3585/4/2757 3587/14/2754 3586/5/2758
f 3587/14/2754 3585/4/2757 3588/15/2754
f 3589/10/2759 3591/6/2760 3590/10/2761
f 3590/10/2761 3591/6/2760 3592/6/2762
f 3593/10/2763 3595/6/2764 3594/10/2765
f 3596/10/3003 3598/11/3004 3597/10/2771
f 3599/11/2772 3597/10/2771 3598/11/3004
f 3600/10/2773 3603/11/2774 3601/11/2775
f 3601/11/2775 3602/10/3005 3600/10/2773
f 3604/13/2777 3606/11/2778 3605/16/2779
f 3606/11/2778 3604/13/2777 3607/10/2780
f 3608/10/2781 3610/13/2782 3609/11/2783
f 3609/11/2783 3610/13/2782 3611/16/2779
f 3612/11/2787 3614/10/2788 3613/11/2789
f 3615/10/2790 3617/11/2791 3616/10/2792
f 3618/10/2793 3620/11/2794 3619/10/2795
f 3621/9/3006 3623/8/3007 3622/8/3008
f 3623/8/3007 3621/9/3006 3624/9/3009
f 3625/2/3010 3627/3/3011 3626/2/3012
f 3627/3/3011 3625/2/3010 3628/3/3013
f 3629/2/3014 3631/7/3015 3630/7/3016
f 3631/7/3015 3629/2/3014 3632/2/3017
f 3633/2/3018 3635/4/3018 3634/5/3018
f 3635/4/3018 3633/2/3018 3636/3/3018
f 3637/2/3019 3639/6/3019 3638/7/3019
f 3639/6/3019 3637/2/3019 3640/5/3019
f 3641/2/3020 3643/3/3021 3642/2/3022
f 3643/3/3021 3641/2/3020 3644/3/3023
f 3641/2/3020 3645/3/3024 3644/3/3023
f 3645/3/3024 3641/2/3020 3646/2/3025
f 3647/2/3026 3650/7/3027 3648/7/3028
f 3648/7/3028 3649/7/3029 3647/2/3026
f 3652/2/3030 3647/2/3026 3649/7/3029
f 3650/7/3027 3647/2/3026 3651/2/3031
f 3652/2/3032 3654/7/3033 3653/2/3034
f 3655/3/3035 3657/2/3036 3656/3/3037
f 3658/8/3038 3660/9/3039 3659/8/3040
f 3661/3/3041 3663/2/3042 3662/2/3043
f 3663/2/3042 3661/3/3041 3664/3/3044
f 3665/2/3045 3667/7/3046 3666/2/3047
f 3665/2/3045 3668/7/3048 3667/7/3046
f 3669/8/3049 3672/7/3050 3670/7/3051
f 3670/7/3051 3671/8/3052 3669/8/3049
f 3672/7/3053 3674/8/3054 3673/7/3055
f 3675/9/3056 3677/8/3057 3676/8/3058
f 3677/8/3057 3675/9/3056 3678/9/3059
f 3679/9/3060 3681/8/3061 3680/8/3062
f 3681/8/3061 3679/9/3060 3682/9/3063
f 3683/7/3064 3685/7/3065 3684/8/3066
f 3685/7/3065 3686/8/3067 3684/8/3066
f 3687/8/3068 3689/9/3069 3688/9/3070
f 3689/9/3069 3687/8/3068 3690/8/3071
f 3691/8/3072 3693/7/3073 3692/8/3074
f 3691/8/3072 3694/7/3075 3693/7/3073
f 3695/8/3076 3698/7/3077 3696/7/3078
f 3696/7/3078 3697/8/3079 3695/8/3076
f 3699/10/3080 3701/9/3080 3700/8/3080
f 3701/9/3080 3699/10/3080 3702/11/3081
f 3703/7/3082 3705/10/3082 3704/8/3082
f 3703/7/3082 3706/6/3083 3705/10/3082
f 3707/2/3084 3709/3/24 3708/3/3085
f 3709/3/24 3707/2/3084 3710/2/26
f 3711/3/3086 3712/2/3087 3708/3/3088
f 3713/2/3089 3712/2/3087 3711/3/3086
f 3714/7/3090 3716/7/3091 3715/8/3092
f 3716/7/3091 3717/8/3093 3715/8/3092
f 3718/9/3094 3720/8/83 3719/8/3095
f 3720/8/83 3718/9/3094 3721/9/85
f 3722/7/3096 3724/7/3097 3723/8/88
f 3724/7/3097 3725/8/3098 3723/8/88
f 3726/8/3099 3729/10/3100 3727/11/3101
f 3727/11/3101 3728/9/3102 3726/8/3099
f 3730/6/3103 3732/8/3104 3731/7/3105
f 3732/8/3104 3730/6/3103 3733/10/3106
f 3734/9/3107 3736/8/3108 3735/8/3109
f 3736/8/3108 3734/9/3107 3737/9/3110
f 3738/9/3111 3740/8/71 3739/8/3112
f 3740/8/71 3738/9/3111 3741/9/73
f 3742/7/3113 3744/8/3114 3743/7/3115
f 3745/8/66 3742/7/67 3746/7/3116
f 3746/7/3116 3747/8/3117 3745/8/66
f 3748/8/3118 3750/9/3119 3749/8/3120
f 3751/9/3121 3753/8/3122 3752/9/3123
f 3751/9/3121 3754/8/3124 3753/8/3122
f 3755/8/3125 3757/7/3126 3756/7/3127
f 3757/7/3126 3755/8/3125 3758/8/3128
f 3759/2/3129 3761/7/3130 3760/7/3131
f 3761/7/3130 3759/2/3129 3762/2/3132
f 3763/2/3133 3760/7/3134 3764/7/44
f 3765/2/45 3763/2/3133 3764/7/44
f 3766/3/3135 3768/2/3136 3767/2/3137
f 3768/2/3136 3766/3/3135 3769/3/3138
f 3770/2/3139 3772/7/3140 3771/2/3141
f 3770/2/3139 3773/7/3142 3772/7/3140
f 3774/4/3143 3776/2/3144 3775/3/3145
f 3776/2/3144 3774/4/3143 3777/5/3143
f 3778/2/3146 3780/6/3147 3779/7/3148
f 3780/6/3147 3778/2/3146 3781/5/3147
f 3782/3/3149 3784/2/3150 3783/3/62
f 3785/2/3151 3787/7/3152 3786/2/52
f 3785/2/53 3789/2/54 3788/7/55
f 3789/2/54 3790/7/3153 3788/7/55
f 3791/3/46 3793/2/3154 3792/2/3155
f 3793/2/3154 3791/3/46 3794/3/49
o RenderMesh_72187924429918.001
v 0.183056 -0.165154 0.198533
v 0.088833 -0.144256 0.189980
v 0.116364 -0.211208 0.146382
v 0.171309 -0.216537 0.139561
v 0.091796 -0.066002 -0.000001
v 0.007125 -0.127327 -0.000001
v 0.016414 -0.129660 0.124053
v 0.101137 -0.068516 0.116888
v 0.091796 -0.066002 -0.000001
v 0.101137 -0.068516 -0.116888
v 0.016414 -0.129660 -0.124055
v 0.007125 -0.127327 -0.000001
v 0.183056 -0.165154 0.198533
v 0.194088 -0.112096 0.144526
v 0.140661 -0.093785 0.148332
v 0.088833 -0.144256 0.189980
v 0.101137 -0.068516 0.116888
v 0.016414 -0.129660 0.124053
v 0.140661 -0.093785 0.148332
v 0.183056 -0.165154 0.198533
v 0.252261 -0.178341 0.112328
v 0.183056 -0.165156 -0.198533
v 0.088832 -0.144256 -0.189980
v 0.140661 -0.093786 -0.148332
v 0.194089 -0.112097 -0.144526
v 0.183056 -0.165156 -0.198533
v 0.252262 -0.178341 -0.112329
v 0.101137 -0.068516 -0.116888
v 0.140661 -0.093786 -0.148332
v 0.016414 -0.129660 -0.124055
v 0.016414 -0.129660 0.124053
v 0.061160 -0.212532 0.118193
v 0.088833 -0.144256 0.189980
v 0.116364 -0.211208 0.146382
v 0.116364 -0.211208 -0.146383
v 0.061160 -0.212532 -0.118193
v 0.088832 -0.144256 -0.189980
v 0.016414 -0.129660 -0.124055
v 0.007125 -0.127327 -0.000001
v 0.061587 -0.217133 -0.000001
v 0.061160 -0.212532 0.118193
v 0.016414 -0.129660 0.124053
v 0.016414 -0.129660 -0.124055
v 0.061160 -0.212532 -0.118193
v 0.007125 -0.127327 -0.000001
v 0.061587 -0.217133 -0.000001
v 0.101137 -0.068516 -0.116888
v 0.161550 -0.159608 -0.096742
v 0.140661 -0.093786 -0.148332
v 0.170384 -0.161082 -0.086218
v 0.140661 -0.093786 -0.148332
v 0.194089 -0.112097 -0.144526
v 0.177139 -0.161822 -0.063172
v 0.252262 -0.178341 -0.112329
v 0.161550 -0.159608 0.096742
v 0.101137 -0.068516 0.116888
v 0.140661 -0.093785 0.148332
v 0.170384 -0.161082 0.086218
v 0.140661 -0.093785 0.148332
v 0.194088 -0.112096 0.144526
v 0.177139 -0.161822 0.063171
v 0.252261 -0.178341 0.112328
v 0.091796 -0.066002 -0.000001
v 0.101137 -0.068516 0.116888
v 0.161550 -0.159608 0.096742
v 0.157485 -0.158352 -0.000001
v 0.161550 -0.159608 -0.096742
v 0.101137 -0.068516 -0.116888
v 0.091796 -0.066002 -0.000001
v 0.157485 -0.158352 -0.000001
v 0.171310 -0.216537 -0.139561
v 0.116364 -0.211208 -0.146383
v 0.183056 -0.165156 -0.198533
v 0.088832 -0.144256 -0.189980
v 0.171309 -0.216537 0.139561
v 0.252261 -0.178341 0.112328
v 0.183056 -0.165154 0.198533
v 0.171310 -0.216537 -0.139561
v 0.183056 -0.165156 -0.198533
v 0.252262 -0.178341 -0.112329
v 0.116364 -0.211208 -0.146383
v 0.171310 -0.216537 -0.139561
v 0.170384 -0.161082 -0.086218
v 0.177139 -0.161822 -0.063172
v 0.171309 -0.216537 0.139561
v 0.170384 -0.161082 0.086218
v 0.177139 -0.161822 0.063171
v 0.116364 -0.211208 0.146382
v 0.061587 -0.217133 -0.000001
v 0.157485 -0.158352 -0.000001
v 0.161550 -0.159608 0.096742
v 0.061160 -0.212532 0.118193
v 0.061160 -0.212532 -0.118193
v 0.161550 -0.159608 -0.096742
v 0.061587 -0.217133 -0.000001
v 0.157485 -0.158352 -0.000001
v 0.177139 -0.161822 -0.063172
v 0.171310 -0.216537 -0.139561
v 0.252262 -0.178341 -0.112329
v 0.177139 -0.161822 0.063171
v 0.252261 -0.178341 0.112328
v 0.171309 -0.216537 0.139561
v 0.116364 -0.211208 0.146382
v 0.061160 -0.212532 0.118193
v 0.170384 -0.161082 0.086218
v 0.061160 -0.212532 -0.118193
v 0.116364 -0.211208 -0.146383
v 0.161550 -0.159608 -0.096742
v 0.028594 -0.437443 0.198533
v -0.065629 -0.416545 0.189980
v -0.038099 -0.483497 0.146382
v 0.016847 -0.488826 0.139561
v -0.062666 -0.338291 -0.000001
v -0.147337 -0.399616 -0.000001
v -0.138048 -0.401949 0.124053
v -0.053326 -0.340806 0.116888
v -0.062666 -0.338291 -0.000001
v -0.053326 -0.340806 -0.116888
v -0.138048 -0.401949 -0.124055
v -0.147337 -0.399616 -0.000001
v 0.028594 -0.437443 0.198533
v 0.039626 -0.384386 0.144527
v -0.013801 -0.366074 0.148332
v -0.065629 -0.416545 0.189980
v -0.053326 -0.340806 0.116888
v -0.138048 -0.401949 0.124053
v -0.013801 -0.366074 0.148332
v 0.028594 -0.437443 0.198533
v 0.097798 -0.450630 0.112328
v 0.028594 -0.437445 -0.198533
v -0.065630 -0.416545 -0.189980
v -0.013801 -0.366075 -0.148332
v 0.039627 -0.384386 -0.144526
v 0.028594 -0.437445 -0.198533
v 0.097799 -0.450630 -0.112329
v -0.053326 -0.340806 -0.116888
v -0.013801 -0.366075 -0.148332
v -0.138048 -0.401949 -0.124055
v -0.138048 -0.401949 0.124053
v -0.093302 -0.484821 0.118193
v -0.065629 -0.416545 0.189980
v -0.038099 -0.483497 0.146382
v -0.038099 -0.483497 -0.146383
v -0.093302 -0.484821 -0.118193
v -0.065630 -0.416545 -0.189980
v -0.138048 -0.401949 -0.124055
v -0.147337 -0.399616 -0.000001
v -0.092875 -0.489422 -0.000001
v -0.093302 -0.484821 0.118193
v -0.138048 -0.401949 0.124053
v -0.138048 -0.401949 -0.124055
v -0.093302 -0.484821 -0.118193
v -0.147337 -0.399616 -0.000001
v -0.092875 -0.489422 -0.000001
v -0.053326 -0.340806 -0.116888
v 0.007088 -0.431897 -0.096742
v -0.013801 -0.366075 -0.148332
v 0.015922 -0.433371 -0.086218
v -0.013801 -0.366075 -0.148332
v 0.039627 -0.384386 -0.144526
v 0.022677 -0.434111 -0.063172
v 0.097799 -0.450630 -0.112329
v 0.007088 -0.431897 0.096742
v -0.053326 -0.340806 0.116888
v -0.013801 -0.366074 0.148332
v 0.015922 -0.433371 0.086218
v -0.013801 -0.366074 0.148332
v 0.039626 -0.384386 0.144527
v 0.022677 -0.434111 0.063171
v 0.097798 -0.450630 0.112328
v -0.062666 -0.338291 -0.000001
v -0.053326 -0.340806 0.116888
v 0.007088 -0.431897 0.096742
v 0.003023 -0.430641 -0.000001
v 0.007088 -0.431897 -0.096742
v -0.053326 -0.340806 -0.116888
v -0.062666 -0.338291 -0.000001
v 0.003023 -0.430641 -0.000001
v 0.016848 -0.488826 -0.139561
v -0.038099 -0.483497 -0.146383
v 0.028594 -0.437445 -0.198533
v -0.065630 -0.416545 -0.189980
v 0.016847 -0.488826 0.139561
v 0.097798 -0.450630 0.112328
v 0.028594 -0.437443 0.198533
v 0.016848 -0.488826 -0.139561
v 0.028594 -0.437445 -0.198533
v 0.097799 -0.450630 -0.112329
v -0.038099 -0.483497 -0.146383
v 0.016848 -0.488826 -0.139561
v 0.015922 -0.433371 -0.086218
v 0.022677 -0.434111 -0.063172
v 0.016847 -0.488826 0.139561
v 0.015922 -0.433371 0.086218
v 0.022677 -0.434111 0.063171
v -0.038099 -0.483497 0.146382
v -0.092875 -0.489422 -0.000001
v 0.003023 -0.430641 -0.000001
v 0.007088 -0.431897 0.096742
v -0.093302 -0.484821 0.118193
v -0.093302 -0.484821 -0.118193
v 0.007088 -0.431897 -0.096742
v -0.092875 -0.489422 -0.000001
v 0.003023 -0.430641 -0.000001
v 0.022677 -0.434111 -0.063172
v 0.016848 -0.488826 -0.139561
v 0.097799 -0.450630 -0.112329
v 0.022677 -0.434111 0.063171
v 0.097798 -0.450630 0.112328
v 0.016847 -0.488826 0.139561
v -0.038099 -0.483497 0.146382
v -0.093302 -0.484821 0.118193
v 0.015922 -0.433371 0.086218
v -0.093302 -0.484821 -0.118193
v -0.038099 -0.483497 -0.146383
v 0.007088 -0.431897 -0.096742
v 0.074098 -0.347861 0.144502
v 0.145825 -0.306592 0.142476
v 0.079563 -0.298699 0.186005
v 0.077584 -0.296597 -0.094228
v 0.057899 -0.296238 -0.095841
v 0.021158 -0.225453 -0.113918
v 0.025293 -0.236669 -0.144890
v 0.057899 -0.296238 0.086646
v 0.021158 -0.225453 0.104724
v 0.025293 -0.236669 0.135696
v 0.077584 -0.296597 0.085033
v 0.077584 -0.296597 -0.094228
v 0.021158 -0.225453 -0.113918
v 0.009383 -0.216742 0.000093
v 0.077028 -0.296536 0.000093
v 0.009383 -0.216742 0.000093
v 0.021158 -0.225453 0.104724
v 0.077584 -0.296597 0.085033
v 0.077028 -0.296536 0.000093
v 0.057899 -0.296238 -0.095841
v 0.077584 -0.296597 -0.094228
v 0.006621 -0.352383 -0.112996
v 0.012139 -0.346568 -0.143349
v 0.006621 -0.352383 0.103800
v 0.077584 -0.296597 0.085033
v 0.057899 -0.296238 0.086646
v 0.012139 -0.346568 0.134156
v 0.079563 -0.298698 -0.190415
v 0.086787 -0.249957 -0.150687
v 0.145825 -0.306592 -0.144811
v 0.079563 -0.298699 0.186005
v 0.145825 -0.306592 0.142476
v 0.086787 -0.249957 0.146275
v 0.006621 -0.352383 -0.112996
v 0.077584 -0.296597 -0.094228
v -0.006571 -0.358106 0.000093
v 0.077028 -0.296536 0.000093
v -0.006571 -0.358106 0.000093
v 0.077028 -0.296536 0.000093
v 0.077584 -0.296597 0.085033
v 0.006621 -0.352383 0.103800
v 0.086787 -0.249957 0.146275
v 0.145825 -0.306592 0.142476
v 0.076915 -0.298383 0.088521
v 0.074098 -0.347861 -0.148913
v 0.079563 -0.298698 -0.190415
v 0.145825 -0.306592 -0.144811
v 0.086787 -0.249957 -0.150687
v 0.076915 -0.298383 -0.092932
v 0.145825 -0.306592 -0.144811
v 0.057899 -0.296238 -0.095841
v 0.086787 -0.249957 -0.150687
v 0.025293 -0.236669 -0.144890
v 0.076915 -0.298383 -0.092932
v 0.074098 -0.347861 -0.148913
v 0.145825 -0.306592 -0.144811
v 0.086787 -0.249957 0.146275
v 0.076915 -0.298383 0.088521
v 0.057899 -0.296238 0.086646
v 0.025293 -0.236669 0.135696
v 0.074098 -0.347861 0.144502
v 0.057899 -0.296238 0.086646
v 0.076915 -0.298383 0.088521
v 0.012139 -0.346568 0.134156
v 0.145825 -0.306592 0.142476
v 0.074098 -0.347861 0.144502
v 0.012139 -0.346568 -0.143349
v 0.074098 -0.347861 -0.148913
v 0.057899 -0.296238 -0.095841
v 0.076915 -0.298383 -0.092932
v 0.079563 -0.298698 -0.190415
v -0.018424 -0.287146 -0.177778
v 0.025293 -0.236669 -0.144890
v 0.086787 -0.249957 -0.150687
v -0.044664 -0.282035 -0.120921
v 0.021158 -0.225453 -0.113918
v -0.044664 -0.282035 -0.120921
v -0.018424 -0.287146 -0.177778
v 0.012139 -0.346568 -0.143349
v 0.006621 -0.352383 -0.112996
v 0.079563 -0.298698 -0.190415
v 0.074098 -0.347861 -0.148913
v -0.044664 -0.282035 0.111727
v 0.006621 -0.352383 0.103800
v 0.012139 -0.346568 0.134156
v -0.018424 -0.287146 0.168583
v 0.079563 -0.298699 0.186005
v 0.074098 -0.347861 0.144502
v 0.009383 -0.216742 0.000093
v -0.063691 -0.279774 0.000093
v -0.044664 -0.282035 0.111727
v 0.021158 -0.225453 0.104724
v 0.025293 -0.236669 0.135696
v 0.021158 -0.225453 0.104724
v -0.018424 -0.287146 0.168583
v 0.079563 -0.298699 0.186005
v 0.086787 -0.249957 0.146275
v 0.009383 -0.216742 0.000093
v 0.021158 -0.225453 -0.113918
v -0.044664 -0.282035 -0.120921
v -0.063691 -0.279774 0.000093
v -0.063691 -0.279774 0.000093
v -0.006571 -0.358106 0.000093
v 0.006621 -0.352383 0.103800
v -0.044664 -0.282035 0.111727
v -0.044664 -0.282035 -0.120921
v 0.006621 -0.352383 -0.112996
v -0.063691 -0.279774 0.000093
v -0.006571 -0.358106 0.000093
vn 0.1143 -0.7124 0.6924
vn -0.3176 -0.6014 0.7331
vn -0.3759 -0.5781 0.7242
vn 0.1848 -0.7198 0.6691
vn -0.5841 0.8117 -0.0000
vn -0.4985 0.7990 0.3364
vn -0.4689 0.7848 0.4052
vn -0.4985 0.7990 -0.3364
vn -0.4689 0.7848 -0.4052
vn 0.3898 0.5700 0.7233
vn -0.0757 0.6713 0.7373
vn 0.4540 0.5483 0.7023
vn -0.1265 0.6776 0.7245
vn -0.1266 0.6776 0.7245
vn -0.4689 0.7848 0.4054
vn -0.0758 0.6713 0.7373
vn -0.4985 0.7989 0.3365
vn 0.3899 0.5700 0.7232
vn 0.4541 0.5482 0.7023
vn 0.7455 0.3930 0.5384
vn 0.3898 0.5700 -0.7233
vn -0.0757 0.6713 -0.7373
vn -0.1264 0.6776 -0.7245
vn 0.4540 0.5483 -0.7023
vn 0.3900 0.5699 -0.7233
vn 0.7455 0.3930 -0.5384
vn 0.4541 0.5482 -0.7023
vn -0.1266 0.6776 -0.7245
vn -0.4689 0.7848 -0.4054
vn -0.4985 0.7989 -0.3365
vn -0.0758 0.6714 -0.7372
vn -0.7781 -0.5287 0.3392
vn -0.3760 -0.5781 0.7242
vn -0.7412 -0.5278 0.4147
vn -0.3177 -0.6014 0.7331
vn -0.3177 -0.6014 -0.7331
vn -0.3760 -0.5781 -0.7242
vn -0.7412 -0.5278 -0.4147
vn -0.7781 -0.5287 -0.3392
vn -0.8666 -0.4991 -0.0000
vn -0.7414 -0.5278 0.4145
vn -0.8665 -0.4991 -0.0000
vn -0.7782 -0.5287 0.3390
vn -0.7782 -0.5287 -0.3391
vn -0.7413 -0.5278 -0.4145
vn 0.7511 0.6094 0.2542
vn 0.3599 0.7065 0.6094
vn 0.7106 0.6167 0.3387
vn 0.0958 0.7647 0.6372
vn 0.3597 0.7066 0.6094
vn 0.1664 0.7701 0.6158
vn 0.0959 0.7647 0.6373
vn 0.2978 0.7507 0.5897
vn 0.4960 0.6911 0.5257
vn 0.7106 0.6168 -0.3386
vn 0.3599 0.7065 -0.6094
vn 0.7510 0.6094 -0.2542
vn 0.0958 0.7647 -0.6372
vn 0.3597 0.7065 -0.6094
vn 0.0960 0.7647 -0.6372
vn 0.1664 0.7701 -0.6158
vn 0.2978 0.7507 -0.5897
vn 0.4960 0.6911 -0.5257
vn 0.8219 0.5696 -0.0000
vn 0.7511 0.6093 -0.2540
vn 0.7106 0.6168 0.3386
vn 0.7511 0.6094 0.2540
vn 0.1848 -0.7198 -0.6691
vn 0.1143 -0.7124 -0.6924
vn -0.3176 -0.6014 -0.7331
vn -0.3758 -0.5781 -0.7243
vn 0.1849 -0.7198 0.6691
vn 0.1144 -0.7124 0.6924
vn 0.5014 -0.6993 0.5095
vn 0.1849 -0.7198 -0.6691
vn 0.5014 -0.6993 -0.5095
vn 0.1144 -0.7124 -0.6923
vn -0.0277 -0.7446 0.6669
vn -0.2782 -0.6848 0.6736
vn -0.1792 -0.7352 0.6537
vn -0.0327 -0.7771 0.6286
vn -0.2782 -0.6847 -0.6737
vn -0.0277 -0.7446 -0.6669
vn -0.1792 -0.7352 -0.6537
vn -0.0328 -0.7771 -0.6286
vn 0.4951 -0.8689 0.0001
vn 0.3318 -0.8615 -0.3844
vn 0.4950 -0.8689 -0.0000
vn 0.3942 -0.8816 -0.2596
vn 0.3942 -0.8816 0.2596
vn 0.3317 -0.8615 0.3844
vn -0.0325 -0.7770 0.6286
vn 0.1907 -0.8049 0.5620
vn -0.1791 -0.7353 0.6537
vn -0.0325 -0.7770 -0.6286
vn -0.1791 -0.7353 -0.6537
vn 0.1907 -0.8049 -0.5619
vn -0.0276 -0.7447 -0.6669
vn -0.2783 -0.6847 -0.6736
vn 0.3941 -0.8816 -0.2597
vn 0.3941 -0.8816 0.2598
vn 0.3317 -0.8614 0.3846
vn -0.0275 -0.7446 0.6669
vn 0.0959 0.7647 0.6372
vn 0.0365 -0.6280 0.7773
vn 0.0660 -0.6306 0.7733
vn 0.3770 -0.6216 0.6866
vn 0.8219 0.5474 -0.1574
vn 0.8355 0.4869 -0.2547
vn 0.8184 0.2996 -0.4903
vn 0.8184 0.2996 -0.4904
vn 0.8357 0.4876 0.2528
vn 0.8220 0.5476 0.1562
vn 0.8184 0.2997 0.4903
vn 0.8184 0.2996 0.4904
vn 0.8219 0.5475 -0.1574
vn 0.7712 0.6365 -0.0009
vn 0.8355 0.4870 -0.2547
vn 0.7712 0.6366 -0.0009
vn 0.8220 0.5477 0.1562
vn 0.8356 0.4877 0.2528
vn 0.7289 -0.5355 -0.4265
vn 0.6939 -0.6849 -0.2223
vn 0.6576 -0.7454 -0.1099
vn 0.7290 -0.5355 -0.4264
vn 0.6937 -0.6856 0.2207
vn 0.7289 -0.5355 0.4265
vn 0.6575 -0.7456 0.1086
vn 0.7290 -0.5356 0.4264
vn 0.2366 0.5678 -0.7884
vn 0.5342 0.4851 -0.6923
vn 0.2260 0.5696 -0.7903
vn 0.2094 0.5809 0.7866
vn 0.1859 0.5849 0.7896
vn 0.5179 0.4930 0.6990
vn 0.6938 -0.6850 -0.2223
vn 0.6032 -0.7976 -0.0009
vn 0.6575 -0.7454 -0.1098
vn 0.6575 -0.7456 0.1085
vn 0.3786 0.6674 -0.6413
vn 0.3509 0.6767 -0.6473
vn 0.5366 0.5992 -0.5941
vn 0.0789 -0.6233 -0.7780
vn 0.3944 -0.6180 -0.6801
vn 0.0951 -0.6247 -0.7751
vn 0.3249 0.6782 0.6592
vn 0.5228 0.6071 0.5984
vn 0.3103 0.6819 0.6623
vn 0.1608 0.7109 0.6846
vn 0.3248 0.6782 0.6592
vn 0.3102 0.6820 0.6623
vn 0.1609 0.7109 0.6846
vn 0.1483 -0.7261 0.6714
vn 0.3710 -0.7050 0.6044
vn 0.1598 -0.7260 0.6688
vn 0.3784 0.6674 -0.6414
vn 0.2385 0.7078 -0.6649
vn 0.3508 0.6767 -0.6473
vn 0.2386 0.7078 -0.6649
vn 0.0707 -0.7344 -0.6751
vn 0.2156 -0.7288 -0.6499
vn 0.1896 -0.7310 -0.6555
vn 0.1897 -0.7310 -0.6555
vn 0.2158 -0.7288 -0.6498
vn 0.3862 -0.7007 -0.5999
vn -0.0076 -0.7180 0.6960
vn -0.0077 -0.7180 0.6960
vn 0.1596 -0.7260 0.6689
vn 0.1481 -0.7262 0.6714
vn 0.2365 0.5678 -0.7885
vn -0.3312 0.7181 -0.6121
vn -0.3325 0.7184 -0.6111
vn 0.2259 0.5696 -0.7903
vn -0.6231 0.7488 -0.2260
vn -0.6239 0.7492 -0.2225
vn -0.7867 -0.5851 -0.1970
vn -0.5029 -0.6370 -0.5843
vn -0.5089 -0.6368 -0.5792
vn -0.7868 -0.5851 -0.1964
vn 0.0949 -0.6246 -0.7751
vn 0.0787 -0.6232 -0.7781
vn -0.7857 -0.5846 0.2020
vn -0.5264 -0.6320 0.5687
vn -0.7858 -0.5847 0.2019
vn -0.5236 -0.6321 0.5712
vn 0.0658 -0.6305 0.7734
vn 0.0364 -0.6280 0.7774
vn -0.6489 0.7608 0.0053
vn -0.6222 0.7480 0.2308
vn -0.6489 0.7608 0.0048
vn -0.6229 0.7484 0.2278
vn -0.3484 0.7181 0.6024
vn -0.6222 0.7480 0.2310
vn -0.3549 0.7195 0.5970
vn -0.6229 0.7483 0.2279
vn 0.2092 0.5809 0.7866
vn 0.1857 0.5849 0.7896
vn -0.6489 0.7608 0.0052
vn -0.6231 0.7488 -0.2258
vn -0.6239 0.7492 -0.2224
vn -0.6489 0.7608 0.0047
vn -0.8048 -0.5935 0.0049
vn -0.8049 -0.5935 0.0053
vn -0.7857 -0.5847 0.2019
vn -0.7867 -0.5851 -0.1969
vn -0.8048 -0.5935 0.0047
vn -0.8048 -0.5935 0.0052
vt 0.375000 0.500000
vt 0.375000 0.250000
vt 0.500000 0.750000
vt 0.500000 0.500000
vt 0.375000 0.750000
vt 0.500000 0.250000
vt 0.375000 1.000000
vt 0.500000 1.000000
vt 0.375000 0.000000
vt 0.500000 0.000000
s 1
f 3795/17/3156 3796/17/3158 3797/18/3157
f 3797/18/3157 3798/18/3159 3795/17/3156
f 3799/19/3160 3800/20/3160 3801/17/3161
f 3801/17/3161 3802/21/3162 3799/19/3160
f 3803/19/3160 3804/21/3164 3805/17/3163
f 3805/17/3163 3806/20/3160 3803/19/3160
f 3807/17/3165 3808/21/3167 3809/21/3166
f 3809/21/3166 3810/17/3168 3807/17/3165
f 3810/17/3169 3813/21/3171 3811/21/3170
f 3811/21/3170 3812/17/3172 3810/17/3169
f 3814/17/3173 3815/17/3175 3808/21/3174
f 3816/17/3176 3817/17/3178 3818/21/3177
f 3818/21/3177 3819/21/3179 3816/17/3176
f 3820/17/3180 3819/21/3182 3821/17/3181
f 3817/17/3183 3824/17/3185 3822/21/3184
f 3822/21/3184 3823/21/3186 3817/17/3183
f 3825/17/3187 3826/18/3189 3827/17/3188
f 3826/18/3189 3828/18/3190 3827/17/3188
f 3829/18/3191 3830/18/3193 3831/17/3192
f 3830/18/3193 3832/17/3194 3831/17/3192
f 3833/20/3195 3834/22/3197 3835/18/3196
f 3835/18/3196 3836/17/3198 3833/20/3195
f 3837/17/3199 3838/18/3200 3839/20/3195
f 3838/18/3200 3840/22/3197 3839/20/3195
f 3841/21/3201 3842/23/3203 3843/21/3202
f 3843/21/3202 3842/23/3203 3844/23/3204
f 3845/21/3205 3844/23/3207 3846/21/3206
f 3846/21/3206 3844/23/3207 3847/23/3208
f 3846/21/3206 3847/23/3208 3848/21/3209
f 3849/23/3210 3850/21/3212 3851/21/3211
f 3852/23/3213 3849/23/3210 3851/21/3211
f 3853/21/3214 3854/21/3216 3852/23/3215
f 3855/23/3217 3852/23/3215 3854/21/3216
f 3854/21/3216 3856/21/3218 3855/23/3217
f 3857/19/3219 3858/21/3220 3859/23/3210
f 3859/23/3210 3860/24/3219 3857/19/3219
f 3861/23/3221 3862/21/3222 3863/19/3219
f 3863/19/3219 3864/24/3219 3861/23/3221
f 3865/18/3223 3866/18/3225 3867/17/3224
f 3866/18/3225 3868/17/3226 3867/17/3224
f 3869/18/3227 3870/18/3229 3871/17/3228
f 3872/18/3230 3873/17/3232 3874/18/3231
f 3875/18/3233 3876/18/3235 3877/25/3234
f 3878/25/3236 3877/25/3234 3876/18/3235
f 3880/25/3237 3879/18/3239 3882/18/3238
f 3879/18/3239 3880/25/3237 3881/25/3240
f 3883/22/3241 3884/26/3243 3885/25/3242
f 3885/25/3242 3886/18/3244 3883/22/3241
f 3887/18/3245 3888/25/3246 3889/22/3243
f 3888/25/3246 3890/26/3243 3889/22/3243
f 3891/25/3247 3892/18/3249 3893/25/3248
f 3894/25/3250 3895/25/3252 3896/18/3251
f 3897/18/3253 3898/18/3255 3899/25/3254
f 3900/18/3256 3901/18/3258 3902/25/3257
f 3903/17/3156 3904/17/3158 3905/18/3157
f 3905/18/3157 3906/18/3159 3903/17/3156
f 3907/19/3160 3908/20/3160 3909/17/3161
f 3909/17/3161 3910/21/3162 3907/19/3160
f 3911/19/3160 3912/21/3164 3913/17/3163
f 3913/17/3163 3914/20/3160 3911/19/3160
f 3915/17/3165 3916/21/3167 3917/21/3166
f 3917/21/3166 3918/17/3168 3915/17/3165
f 3918/17/3169 3921/21/3171 3919/21/3170
f 3919/21/3170 3920/17/3172 3918/17/3169
f 3922/17/3173 3923/17/3175 3916/21/3174
f 3924/17/3176 3925/17/3178 3926/21/3177
f 3926/21/3177 3927/21/3179 3924/17/3176
f 3928/17/3180 3927/21/3182 3929/17/3181
f 3925/17/3183 3932/17/3185 3930/21/3184
f 3930/21/3184 3931/21/3186 3925/17/3183
f 3933/17/3187 3934/18/3189 3935/17/3188
f 3934/18/3189 3936/18/3190 3935/17/3188
f 3937/18/3191 3938/18/3193 3939/17/3192
f 3938/18/3193 3940/17/3194 3939/17/3192
f 3941/20/3195 3942/22/3197 3943/18/3196
f 3943/18/3196 3944/17/3198 3941/20/3195
f 3945/17/3199 3946/18/3200 3947/20/3195
f 3946/18/3200 3948/22/3197 3947/20/3195
f 3949/21/3201 3950/23/3203 3951/21/3202
f 3951/21/3202 3950/23/3203 3952/23/3259
f 3953/21/3205 3952/23/3207 3954/21/3206
f 3954/21/3206 3952/23/3207 3955/23/3208
f 3954/21/3206 3955/23/3208 3956/21/3209
f 3957/23/3210 3958/21/3212 3959/21/3211
f 3960/23/3213 3957/23/3210 3959/21/3211
f 3961/21/3214 3962/21/3216 3960/23/3215
f 3963/23/3217 3960/23/3215 3962/21/3216
f 3962/21/3216 3964/21/3218 3963/23/3217
f 3965/19/3219 3966/21/3220 3967/23/3210
f 3967/23/3210 3968/24/3219 3965/19/3219
f 3969/23/3221 3970/21/3222 3971/19/3219
f 3971/19/3219 3972/24/3219 3969/23/3221
f 3973/18/3223 3974/18/3225 3975/17/3224
f 3974/18/3225 3976/17/3226 3975/17/3224
f 3977/18/3227 3978/18/3229 3979/17/3228
f 3980/18/3230 3981/17/3232 3982/18/3231
f 3983/18/3233 3984/18/3235 3985/25/3234
f 3986/25/3236 3985/25/3234 3984/18/3235
f 3988/25/3237 3987/18/3239 3990/18/3238
f 3987/18/3239 3988/25/3237 3989/25/3240
f 3991/22/3241 3992/26/3243 3993/25/3242
f 3993/25/3242 3994/18/3244 3991/22/3241
f 3995/18/3245 3996/25/3246 3997/22/3243
f 3996/25/3246 3998/26/3243 3997/22/3243
f 3999/25/3247 4000/18/3249 4001/25/3248
f 4002/25/3250 4003/25/3252 4004/18/3251
f 4005/18/3253 4006/18/3255 4007/25/3254
f 4008/18/3256 4009/18/3258 4010/25/3257
f 4011/18/3260 4012/18/3262 4013/17/3261
f 4014/23/3263 4015/23/3265 4016/21/3264
f 4016/21/3264 4015/23/3265 4017/21/3266
f 4019/21/3267 4018/23/3269 4021/23/3268
f 4018/23/3269 4019/21/3267 4020/21/3270
f 4022/23/3271 4023/21/3273 4024/19/3272
f 4024/19/3272 4025/24/3274 4022/23/3271
f 4026/19/3272 4027/21/3276 4028/23/3275
f 4028/23/3275 4029/24/3274 4026/19/3272
f 4030/25/3277 4031/25/3279 4032/18/3278
f 4032/18/3278 4033/18/3280 4030/25/3277
f 4034/18/3281 4035/25/3283 4036/25/3282
f 4036/25/3282 4037/18/3284 4034/18/3281
f 4038/17/3285 4039/21/3287 4040/17/3286
f 4041/17/3288 4042/17/3290 4043/21/3289
f 4044/18/3291 4045/25/3293 4046/22/3292
f 4045/25/3293 4047/26/3292 4046/22/3292
f 4048/22/3292 4049/26/3292 4050/25/3294
f 4050/25/3294 4051/18/3281 4048/22/3292
f 4052/21/3295 4053/21/3297 4054/23/3296
f 4055/18/3298 4056/17/3300 4057/18/3299
f 4058/21/3301 4059/23/3303 4060/21/3302
f 4061/23/3304 4059/23/3306 4062/21/3305
f 4062/21/3305 4063/21/3307 4061/23/3304
f 4064/25/3308 4065/18/3310 4066/25/3309
f 4067/21/3311 4068/23/3313 4069/23/3312
f 4069/23/3312 4070/21/3314 4067/21/3311
f 4072/25/3315 4071/18/3316 4074/18/3315
f 4071/18/3316 4072/25/3315 4073/25/3317
f 4073/25/3318 4075/25/3320 4076/18/3319
f 4077/18/3321 4078/18/3323 4079/25/3322
f 4078/18/3323 4080/25/3324 4079/25/3322
f 4081/17/3325 4082/17/3327 4083/21/3326
f 4083/21/3326 4084/21/3328 4081/17/3325
f 4085/17/3329 4083/21/3326 4082/17/3327
f 4085/17/3329 4086/21/3330 4083/21/3326
f 4087/17/3331 4088/17/3333 4089/18/3332
f 4089/18/3332 4090/18/3334 4087/17/3331
f 4089/18/3332 4088/17/3333 4091/17/3335
f 4092/18/3336 4089/18/3332 4091/17/3335
f 4093/17/3337 4094/18/3339 4095/18/3338
f 4095/18/3338 4096/17/3340 4093/17/3337
f 4096/17/3340 4095/18/3338 4097/17/3341
f 4095/18/3338 4098/18/3342 4097/17/3341
f 4099/19/3343 4100/20/3345 4101/17/3344
f 4101/17/3344 4102/21/3346 4099/19/3343
f 4105/17/3347 4103/21/3349 4101/17/3348
f 4101/17/3348 4103/21/3349 4104/21/3350
f 4103/21/3349 4105/17/3347 4106/17/3351
f 4106/17/3351 4107/21/3352 4103/21/3349
f 4108/19/3353 4109/21/3355 4110/17/3354
f 4110/17/3354 4111/20/3356 4108/19/3353
f 4112/20/3357 4113/22/3358 4114/18/3339
f 4114/18/3339 4115/17/3359 4112/20/3357
f 4116/17/3360 4117/18/3334 4118/20/3361
f 4117/18/3334 4119/22/3362 4118/20/3361
